# Janelia JRC2018 Drosophila Template Brain Mesh
# Source: natverse/nat.flybrains (Janelia Research Campus)
# Vertices: 11943, Triangles: 24558
v -0.1727 -0.0090 -0.2999
v -0.1482 0.0014 -0.2983
v -0.2046 -0.0851 -0.2932
v 0.1463 -0.0600 -0.2917
v -0.1774 -0.0462 -0.2963
v 0.1741 -0.0532 -0.2956
v -0.1462 -0.0613 -0.2911
v -0.1431 -0.0332 -0.2999
v 0.1881 -0.0398 -0.2963
v -0.1883 -0.0288 -0.2952
v -0.2173 -0.0464 -0.2925
v 0.1652 -0.0078 -0.3008
v -0.2051 0.0029 -0.2815
v 0.1399 -0.0269 -0.2994
v 0.1125 0.0199 -0.2903
v -0.2317 -0.0959 -0.2845
v 0.1389 -0.0996 -0.2836
v 0.1474 -0.0808 -0.2906
v 0.2084 -0.0833 -0.2940
v -0.1524 -0.0756 -0.2919
v 0.2198 -0.0434 -0.2925
v 0.1177 -0.0709 -0.2832
v 0.1083 -0.0035 -0.2911
v -0.2314 -0.0325 -0.2855
v -0.1781 0.0358 -0.2739
v 0.1439 0.0250 -0.2896
v -0.1097 0.0315 -0.2857
v 0.1476 0.0412 -0.2784
v -0.1496 0.0392 -0.2800
v 0.1157 0.0378 -0.2815
v -0.2056 -0.1105 -0.2843
v 0.2202 -0.1072 -0.2852
v 0.1392 -0.1154 -0.2754
v 0.2459 -0.0795 -0.2831
v -0.1285 -0.0909 -0.2839
v -0.0969 -0.0481 -0.2802
v -0.2625 -0.0658 -0.2699
v -0.1078 0.0003 -0.2929
v -0.2458 -0.0044 -0.2656
v 0.1837 0.0125 -0.2882
v 0.0813 0.0039 -0.2748
v 0.0891 0.0298 -0.2723
v 0.1885 -0.1163 -0.2806
v -0.1473 -0.1146 -0.2780
v -0.1155 -0.1046 -0.2715
v 0.2486 -0.1111 -0.2684
v -0.2635 -0.0975 -0.2610
v 0.2545 -0.0343 -0.2750
v -0.0877 0.0184 -0.2799
v 0.1772 0.0332 -0.2779
v -0.1101 0.0457 -0.2714
v 0.1149 0.0490 -0.2645
v -0.2431 -0.1370 -0.2622
v -0.2143 -0.1327 -0.2669
v -0.1213 -0.1348 -0.2674
v 0.1262 -0.1326 -0.2679
v 0.2257 -0.1289 -0.2687
v -0.2377 -0.1198 -0.2681
v -0.0862 -0.0748 -0.2681
v 0.2692 -0.0552 -0.2648
v 0.0672 -0.0627 -0.2599
v 0.2498 -0.0126 -0.2715
v 0.0551 -0.0311 -0.2497
v -0.2246 0.0209 -0.2594
v -0.0897 0.0350 -0.2706
v 0.1726 0.0479 -0.2621
v -0.1573 0.0511 -0.2605
v -0.1487 -0.1394 -0.2668
v 0.1522 -0.1407 -0.2660
v 0.2525 -0.1380 -0.2610
v 0.0955 -0.1390 -0.2530
v 0.2688 -0.0985 -0.2598
v 0.0615 -0.0988 -0.2516
v 0.0982 -0.0947 -0.2647
v -0.2776 -0.0820 -0.2429
v -0.0639 -0.0429 -0.2630
v -0.0572 -0.0221 -0.2557
v -0.2648 -0.0183 -0.2572
v 0.0644 0.0016 -0.2536
v 0.2325 0.0147 -0.2623
v 0.2233 0.0311 -0.2488
v -0.2231 0.0356 -0.2425
v -0.0871 0.1651 -0.2540
v 0.0939 0.1647 -0.2537
v 0.0649 0.1849 -0.2529
v -0.0981 0.2082 -0.2577
v 0.0998 0.2033 -0.2575
v 0.0902 0.2362 -0.2534
v 0.1239 0.2294 -0.2541
v -0.1208 0.2322 -0.2532
v -0.0829 0.2411 -0.2506
v -0.2251 -0.1630 -0.2503
v 0.2326 -0.1631 -0.2500
v -0.1836 -0.1547 -0.2534
v -0.0979 -0.1478 -0.2515
v 0.1858 -0.1531 -0.2538
v -0.2673 -0.1496 -0.2432
v -0.0542 -0.0930 -0.2521
v -0.2817 -0.1237 -0.2442
v 0.0440 -0.0899 -0.2377
v 0.0665 -0.0804 -0.2590
v 0.2731 -0.0302 -0.2555
v -0.2781 -0.0422 -0.2383
v 0.2655 -0.0064 -0.2516
v -0.2621 0.0274 -0.2136
v 0.0565 0.0119 -0.2310
v 0.1792 0.0529 -0.2395
v -0.1070 0.0530 -0.2440
v 0.0992 0.0511 -0.2403
v -0.1701 0.0553 -0.2385
v -0.1221 0.1634 -0.2409
v -0.0639 0.1920 -0.2543
v -0.1338 0.1969 -0.2496
v 0.0543 0.1635 -0.2434
v 0.1273 0.1951 -0.2538
v -0.0554 0.2345 -0.2452
v -0.1382 0.2345 -0.2460
v 0.0554 0.2363 -0.2431
v -0.1065 0.2598 -0.2420
v -0.2335 -0.1715 -0.2389
v 0.0965 -0.1577 -0.2363
v 0.2706 -0.1490 -0.2429
v 0.2822 -0.1234 -0.2470
v -0.0751 -0.1200 -0.2496
v -0.2858 -0.0969 -0.2308
v 0.0379 -0.0702 -0.2189
v -0.1346 0.0576 -0.2419
v 0.1312 0.0579 -0.2423
v 0.0871 0.1459 -0.2434
v 0.0269 0.2128 -0.2276
v 0.0409 0.2675 -0.2234
v 0.1329 0.2519 -0.2425
v -0.1316 0.2764 -0.2269
v 0.1198 0.2680 -0.2363
v -0.1530 -0.1707 -0.2365
v 0.1762 -0.1723 -0.2351
v 0.2370 -0.1741 -0.2358
v -0.2669 -0.1606 -0.2273
v -0.0879 -0.1549 -0.2374
v 0.1164 -0.1614 -0.2426
v -0.2858 -0.1383 -0.2264
v 0.2915 -0.1097 -0.2334
v 0.0420 -0.1104 -0.2277
v 0.2802 -0.0736 -0.2445
v -0.0455 -0.0639 -0.2415
v -0.2760 -0.0749 -0.2241
v -0.2804 -0.0574 -0.2178
v -0.0496 0.0055 -0.2326
v -0.2783 -0.0204 -0.2327
v -0.0679 0.0300 -0.2431
v 0.2436 0.0518 -0.2148
v -0.2381 0.0530 -0.2133
v -0.0823 0.0456 -0.2342
v 0.0803 0.0448 -0.2276
v -0.2006 0.0622 -0.2246
v -0.1419 0.0785 -0.2211
v 0.1501 0.0772 -0.2229
v -0.0821 0.1467 -0.2437
v 0.0201 0.1689 -0.2133
v 0.1495 0.2029 -0.2418
v -0.1472 0.1837 -0.2339
v -0.1825 0.2284 -0.2114
v 0.0153 0.2454 -0.2230
v 0.1568 0.2572 -0.2277
v -0.1544 0.2642 -0.2234
v 0.0599 0.2886 -0.2155
v 0.0788 -0.1488 -0.2294
v -0.0489 -0.1147 -0.2356
v 0.0437 -0.1250 -0.2141
v -0.2871 -0.1333 -0.2029
v 0.0437 -0.0294 -0.2231
v 0.0536 0.0134 -0.2079
v 0.2573 0.0132 -0.2371
v -0.0990 0.0672 -0.2256
v 0.2098 0.0635 -0.2207
v -0.2079 0.0649 -0.2160
v 0.1070 0.0685 -0.2255
v 0.1788 0.0854 -0.2193
v -0.1825 0.0922 -0.2129
v -0.0520 0.1552 -0.2404
v 0.1160 0.1583 -0.2424
v -0.0165 0.1751 -0.2163
v -0.0468 0.1795 -0.2454
v -0.0178 0.2391 -0.2267
v -0.0334 0.2618 -0.2258
v 0.1427 0.2847 -0.2164
v -0.1460 -0.1773 -0.2236
v -0.2497 -0.1760 -0.2125
v -0.1026 -0.1667 -0.2185
v -0.2826 -0.1463 -0.2084
v 0.2900 -0.1351 -0.2256
v -0.0391 -0.0494 -0.2225
v -0.2940 -0.0323 -0.2039
v 0.2772 -0.0025 -0.2251
v -0.0718 0.0529 -0.2130
v 0.0700 0.0558 -0.2036
v 0.1132 0.0776 -0.2069
v 0.1319 0.0837 -0.2032
v 0.1623 0.0950 -0.2078
v 0.0556 0.1260 -0.2143
v 0.0903 0.1348 -0.2269
v 0.0425 0.1383 -0.2154
v 0.1398 0.1728 -0.2372
v -0.0119 0.2202 -0.2196
v 0.0008 0.2267 -0.2151
v -0.0022 0.2410 -0.2196
v 0.1790 0.2538 -0.2102
v 0.0008 0.2561 -0.2122
v -0.1666 0.2777 -0.2052
v 0.1100 0.2976 -0.2098
v -0.2230 -0.1822 -0.2170
v -0.1783 -0.1768 -0.2277
v 0.1782 -0.1774 -0.2212
v 0.2620 -0.1720 -0.2143
v 0.1059 -0.1673 -0.2166
v 0.2820 -0.1522 -0.2179
v -0.2843 -0.1053 -0.2000
v 0.2813 -0.0762 -0.2229
v -0.2692 -0.0777 -0.2017
v 0.2796 -0.0659 -0.2107
v 0.2854 -0.0481 -0.2225
v 0.2919 -0.0191 -0.2114
v -0.2894 -0.0130 -0.2090
v -0.0529 0.0240 -0.2039
v 0.2622 0.0304 -0.2167
v 0.0605 0.0295 -0.2076
v -0.2511 0.0474 -0.2028
v 0.1979 0.0841 -0.2106
v -0.1914 0.0964 -0.1994
v -0.1625 0.1001 -0.2036
v -0.3008 0.0890 -0.2073
v -0.2949 0.0968 -0.2064
v 0.1775 0.1016 -0.2004
v 0.2971 0.0881 -0.2068
v 0.1284 0.1208 -0.1953
v -0.1944 0.2115 -0.1891
v 0.0015 0.1932 -0.2045
v 0.0005 0.2091 -0.2012
v 0.1497 0.2223 -0.2429
v -0.0570 0.2877 -0.2163
v 0.0195 0.2860 -0.1989
v -0.1033 0.2958 -0.2120
v 0.1496 -0.2611 -0.2047
v -0.1706 -0.2580 -0.2023
v -0.1530 -0.2533 -0.2072
v -0.1102 -0.2400 -0.2026
v -0.1487 -0.2384 -0.2037
v 0.1107 -0.2362 -0.2017
v 0.1477 -0.2345 -0.2028
v -0.1891 -0.2319 -0.1985
v 0.2299 -0.1834 -0.2130
v 0.1546 -0.1779 -0.2193
v 0.2130 -0.1811 -0.2031
v -0.2665 -0.1587 -0.1911
v 0.2915 -0.1303 -0.2046
v -0.0306 -0.0960 -0.2190
v -0.0265 -0.0804 -0.1915
v 0.0277 -0.0892 -0.1968
v 0.2692 -0.0760 -0.2047
v 0.2738 -0.0823 -0.1932
v -0.2772 -0.0740 -0.1883
v -0.0465 0.0031 -0.2069
v -0.2207 0.0659 -0.1871
v -0.1060 0.0790 -0.2035
v 0.0917 0.0788 -0.1907
v 0.3024 0.0810 -0.2010
v -0.2912 0.0868 -0.2056
v 0.3078 0.0897 -0.2067
v 0.2884 0.1093 -0.1950
v 0.2999 0.1024 -0.2060
v -0.0445 0.1161 -0.2023
v -0.0499 0.1348 -0.2206
v -0.1125 0.1265 -0.2074
v -0.0037 0.1593 -0.1974
v 0.0065 0.1524 -0.1946
v -0.1433 0.1380 -0.1935
v 0.1822 0.2044 -0.2074
v 0.0033 0.1762 -0.2067
v -0.0058 0.2797 -0.1973
v 0.1650 -0.2804 -0.1988
v 0.1114 -0.2758 -0.2013
v 0.0795 -0.2611 -0.1978
v -0.0931 -0.2616 -0.2019
v 0.1567 -0.2549 -0.2072
v -0.2350 -0.2524 -0.1906
v 0.1867 -0.2301 -0.1994
v 0.1145 -0.1857 -0.1870
v -0.2262 -0.2243 -0.1928
v -0.1706 -0.1928 -0.1836
v -0.1488 -0.2010 -0.1911
v -0.1294 -0.1880 -0.1896
v 0.1553 -0.2046 -0.1923
v -0.1714 -0.1769 -0.1948
v -0.1365 -0.1767 -0.2030
v 0.1329 -0.1785 -0.1927
v 0.1681 -0.1781 -0.1953
v -0.0683 -0.1520 -0.2048
v 0.2904 -0.1080 -0.1997
v 0.0471 -0.1337 -0.1887
v 0.2059 -0.0506 -0.1913
v 0.2132 -0.0512 -0.1885
v -0.2923 -0.0500 -0.1909
v -0.2061 -0.0486 -0.1907
v 0.3003 -0.0331 -0.1919
v 0.0408 -0.0498 -0.1980
v 0.2051 -0.0214 -0.1911
v -0.2061 -0.0193 -0.1913
v -0.2005 -0.0271 -0.1921
v 0.2135 -0.0209 -0.1915
v 0.0524 -0.0190 -0.1888
v 0.0542 0.0068 -0.1917
v 0.4051 0.0275 -0.1926
v -0.2799 0.0202 -0.1819
v -0.0556 0.0476 -0.1942
v 0.0537 0.0409 -0.1841
v -0.2969 0.0799 -0.1994
v -0.3090 0.0824 -0.1940
v -0.1242 0.0884 -0.1898
v -0.0987 0.0883 -0.1836
v 0.1100 0.0876 -0.1905
v 0.2877 0.0886 -0.1890
v -0.1448 0.1073 -0.1784
v 0.1290 0.0886 -0.1917
v -0.2830 0.0996 -0.1966
v -0.0822 0.1129 -0.2042
v -0.1019 0.1013 -0.1895
v 0.0885 0.1063 -0.1989
v 0.1482 0.1048 -0.1828
v 0.2771 0.1060 -0.1868
v -0.3175 0.1047 -0.1921
v -0.3052 0.1168 -0.1935
v -0.2814 0.1140 -0.1917
v -0.1810 0.1037 -0.1895
v -0.1178 0.1058 -0.1852
v 0.3172 0.1149 -0.1915
v -0.1443 0.1197 -0.1745
v -0.1953 0.2397 -0.1938
v -0.0116 0.2986 -0.1827
v -0.0543 0.3113 -0.1868
v -0.1400 0.3082 -0.1906
v 0.0545 0.3214 -0.1749
v -0.1585 -0.2774 -0.2008
v 0.2120 -0.2712 -0.1917
v 0.0673 -0.2956 -0.1861
v -0.2294 -0.2745 -0.1838
v -0.1955 -0.2734 -0.1928
v 0.0212 -0.2518 -0.1624
v -0.2587 -0.2426 -0.1809
v 0.2375 -0.2336 -0.1926
v 0.0303 -0.2290 -0.1684
v -0.2514 -0.2098 -0.1785
v 0.2279 -0.2175 -0.1909
v 0.0802 -0.2231 -0.1930
v -0.1048 -0.1732 -0.1791
v -0.2183 -0.1961 -0.1817
v 0.1396 -0.1814 -0.1859
v 0.1516 -0.1809 -0.1845
v 0.1787 -0.1962 -0.1842
v -0.2150 -0.1780 -0.1866
v -0.1739 -0.1732 -0.1836
v -0.1621 -0.1806 -0.1844
v 0.1327 -0.1738 -0.1798
v 0.1774 -0.1754 -0.1914
v 0.2234 -0.1766 -0.1838
v -0.2423 -0.1719 -0.1855
v -0.1122 -0.1714 -0.1859
v -0.0840 -0.1616 -0.1908
v 0.2801 -0.1509 -0.1958
v 0.0709 -0.1557 -0.1856
v -0.2626 -0.1453 -0.1790
v -0.0335 -0.1204 -0.2076
v -0.2749 -0.1235 -0.1841
v -0.2699 -0.0959 -0.1833
v 0.2819 -0.0703 -0.1876
v 0.0282 -0.0852 -0.1754
v -0.0395 -0.0461 -0.1986
v 0.2095 -0.0546 -0.1885
v -0.2016 -0.0455 -0.1812
v 0.2000 -0.0377 -0.1840
v -0.2072 -0.0203 -0.1840
v -0.1933 -0.0289 -0.1841
v -0.0519 -0.0094 -0.1856
v 0.1989 -0.0219 -0.1845
v -0.1953 -0.0245 -0.1784
v -0.4182 0.0102 -0.1942
v 0.2122 -0.0185 -0.1846
v 0.4082 0.0043 -0.1917
v 0.4343 0.0199 -0.1933
v -0.2929 0.0015 -0.1810
v 0.3876 -0.0041 -0.1852
v -0.4476 -0.0074 -0.1857
v -0.4717 0.0242 -0.1793
v -0.3812 0.0410 -0.1844
v -0.4118 0.0312 -0.1937
v 0.2587 0.0454 -0.1993
v 0.4004 0.0635 -0.1820
v 0.4326 0.0636 -0.1825
v 0.3741 0.0364 -0.1816
v -0.2379 0.0524 -0.1720
v 0.2198 0.0678 -0.1961
v -0.4393 0.0500 -0.1856
v -0.0689 0.0684 -0.1854
v -0.0893 0.0805 -0.1897
v 0.0743 0.0718 -0.1769
v -0.2839 0.0832 -0.1881
v 0.1950 0.0999 -0.1880
v -0.2824 0.0878 -0.1902
v 0.2783 0.0840 -0.1829
v -0.3246 0.0917 -0.1785
v -0.0787 0.0928 -0.1888
v 0.3251 0.0979 -0.1894
v 0.1542 0.1102 -0.1751
v -0.0113 0.1384 -0.1884
v 0.0208 0.1291 -0.1844
v 0.2848 0.1199 -0.1907
v -0.1716 0.1644 -0.1675
v 0.1768 0.2793 -0.1983
v -0.2102 0.2757 -0.1608
v 0.0017 0.3074 -0.1697
v 0.1651 0.3035 -0.1862
v 0.1167 0.3164 -0.1830
v -0.1088 -0.3156 -0.1871
v -0.0802 -0.3098 -0.1856
v 0.1141 -0.3125 -0.1888
v -0.1679 -0.3059 -0.1792
v -0.1895 -0.2961 -0.1781
v 0.2519 -0.2687 -0.1801
v -0.0666 -0.2483 -0.1922
v 0.2543 -0.2198 -0.1831
v -0.2707 -0.2214 -0.1690
v -0.0801 -0.2147 -0.1912
v 0.0463 -0.2124 -0.1698
v 0.2256 -0.1955 -0.1812
v -0.0813 -0.1764 -0.1712
v 0.1672 -0.1811 -0.1836
v -0.1715 -0.1806 -0.1768
v -0.1341 -0.1808 -0.1850
v 0.1164 -0.1724 -0.1788
v -0.2020 -0.1702 -0.1772
v -0.1342 -0.1736 -0.1825
v -0.1414 -0.1755 -0.1777
v 0.1462 -0.1734 -0.1827
v 0.1726 -0.1736 -0.1837
v 0.1508 -0.1757 -0.1773
v -0.2212 -0.1714 -0.1752
v -0.1843 -0.1739 -0.1770
v 0.1751 -0.1737 -0.1778
v 0.1951 -0.1721 -0.1773
v 0.2075 -0.1670 -0.1718
v -0.1006 -0.1660 -0.1780
v 0.0996 -0.1649 -0.1874
v 0.2745 -0.1400 -0.1825
v 0.2744 -0.0938 -0.1817
v -0.2633 -0.1187 -0.1736
v 0.0288 -0.1086 -0.1873
v -0.4142 -0.0253 -0.1852
v 0.2056 -0.0372 -0.1781
v 0.4518 -0.0078 -0.1862
v -0.4412 -0.0659 -0.1689
v 0.0373 -0.0627 -0.1589
v -0.2008 -0.0215 -0.1774
v 0.2026 -0.0237 -0.1765
v -0.3779 0.0053 -0.1844
v -0.2967 -0.0213 -0.1770
v 0.4580 0.0344 -0.1849
v 0.2351 0.0572 -0.1747
v -0.4002 0.0680 -0.1796
v -0.4380 0.0803 -0.1717
v 0.0805 0.0739 -0.1694
v -0.2990 0.0782 -0.1783
v -0.0924 0.0881 -0.1837
v -0.0722 0.0809 -0.1817
v 0.0771 0.0845 -0.1839
v 0.0940 0.0818 -0.1707
v -0.0443 0.0947 -0.1801
v 0.1014 0.0884 -0.1727
v -0.2018 0.0908 -0.1683
v 0.0553 0.0898 -0.1807
v -0.1115 0.0966 -0.1726
v 0.0951 0.0950 -0.1893
v -0.3307 0.0990 -0.1690
v 0.1226 0.1048 -0.1848
v 0.3283 0.1202 -0.1775
v -0.3260 0.1262 -0.1740
v 0.2828 0.1561 -0.1545
v 0.3079 0.1210 -0.1909
v 0.0022 0.1488 -0.1795
v -0.1998 0.1896 -0.1469
v 0.2019 0.2173 -0.1878
v 0.2025 0.2407 -0.1901
v -0.1922 0.3046 -0.1613
v 0.0114 0.3112 -0.1631
v -0.1322 0.3281 -0.1690
v 0.0750 -0.3417 -0.1622
v -0.0590 -0.2876 -0.1858
v -0.2634 -0.2619 -0.1733
v 0.2682 -0.2460 -0.1765
v 0.2553 -0.2052 -0.1758
v -0.0564 -0.1948 -0.1669
v -0.2208 -0.1762 -0.1676
v -0.1919 -0.1812 -0.1719
v 0.0841 -0.1804 -0.1740
v 0.1761 -0.1800 -0.1772
v -0.1971 -0.1718 -0.1689
v -0.1265 -0.1739 -0.1799
v 0.1038 -0.1670 -0.1699
v 0.1923 -0.1761 -0.1688
v -0.0988 -0.1676 -0.1699
v 0.2221 -0.1667 -0.1697
v -0.2142 -0.1634 -0.1689
v -0.2037 -0.1649 -0.1725
v 0.2462 -0.1677 -0.1799
v -0.2200 -0.1544 -0.1619
v 0.0679 -0.1562 -0.1565
v 0.0610 -0.1434 -0.1451
v -0.2442 -0.1322 -0.1639
v -0.0227 -0.0975 -0.1879
v -0.0287 -0.0893 -0.1573
v -0.2625 -0.1062 -0.1611
v -0.4157 -0.0596 -0.1739
v 0.4136 -0.0304 -0.1837
v -0.1199 -0.0571 -0.1674
v 0.2982 -0.0441 -0.1843
v 0.3757 -0.0360 -0.1700
v -0.4767 -0.0129 -0.1727
v -0.3616 -0.0390 -0.1634
v -0.2891 -0.0465 -0.1649
v 0.3606 0.0083 -0.1722
v -0.0470 0.0311 -0.1823
v 0.0482 0.0077 -0.1479
v -0.2915 0.0133 -0.1644
v 0.2495 0.0502 -0.1779
v -0.2700 0.0292 -0.1677
v 0.0497 0.0304 -0.1647
v 0.3500 0.0328 -0.1597
v -0.3732 0.0556 -0.1754
v -0.0551 0.0561 -0.1714
v 0.0586 0.0600 -0.1678
v -0.4739 0.0671 -0.1668
v -0.2292 0.0590 -0.1661
v -0.0652 0.0657 -0.1730
v -0.3917 0.0899 -0.1597
v -0.0673 0.0714 -0.1772
v -0.0801 0.0755 -0.1718
v 0.2679 0.0706 -0.1655
v 0.2901 0.0792 -0.1807
v 0.3769 0.0735 -0.1652
v 0.2565 0.0827 -0.1656
v 0.3128 0.0774 -0.1669
v 0.4256 0.0976 -0.1598
v -0.1025 0.0896 -0.1631
v 0.1211 0.0870 -0.1561
v 0.1289 0.0880 -0.1484
v 0.3199 0.0873 -0.1838
v 0.0396 0.0843 -0.1615
v 0.1487 0.1043 -0.1602
v -0.1506 0.1124 -0.1674
v 0.1581 0.1121 -0.1618
v 0.0248 0.1034 -0.1532
v 0.2449 0.1111 -0.1442
v 0.1580 0.1489 -0.1863
v -0.3138 0.1356 -0.1760
v -0.1618 0.1246 -0.1458
v 0.0032 0.1370 -0.1613
v -0.2138 0.2312 -0.1615
v -0.2174 0.2508 -0.1563
v 0.1412 0.3317 -0.1637
v 0.1136 -0.3462 -0.1668
v 0.1544 -0.3149 -0.1807
v 0.0488 -0.3082 -0.1680
v -0.0205 -0.2416 -0.1676
v -0.2835 -0.2530 -0.1540
v 0.2844 -0.2238 -0.1613
v -0.2862 -0.2307 -0.1526
v 0.0233 -0.2303 -0.1597
v 0.0326 -0.2169 -0.1626
v 0.2215 -0.1818 -0.1702
v 0.0615 -0.1881 -0.1602
v -0.2419 -0.1770 -0.1546
v -0.0759 -0.1653 -0.1613
v 0.2221 -0.1723 -0.1673
v 0.0746 -0.1630 -0.1653
v 0.0831 -0.1653 -0.1624
v 0.2223 -0.1509 -0.1632
v 0.2419 -0.1387 -0.1627
v 0.2625 -0.1191 -0.1691
v 0.0382 -0.1194 -0.1558
v -0.4467 -0.0982 -0.1591
v 0.0351 -0.1016 -0.1476
v -0.3884 -0.0304 -0.1794
v -0.4678 -0.0574 -0.1631
v 0.3670 -0.0749 -0.1555
v 0.4677 -0.0536 -0.1656
v -0.1103 -0.0563 -0.1592
v 0.1172 -0.0568 -0.1679
v -0.4886 -0.0397 -0.1551
v -0.3538 0.0201 -0.1709
v 0.0529 -0.0305 -0.1472
v 0.2977 0.0049 -0.1767
v -0.4995 0.0158 -0.1615
v 0.4887 0.0308 -0.1716
v -0.2605 0.0268 -0.1526
v -0.2386 0.0342 -0.1495
v 0.2374 0.0465 -0.1605
v 0.4729 0.0647 -0.1697
v -0.4953 0.0507 -0.1584
v -0.2809 0.0641 -0.1602
v -0.0497 0.0660 -0.1660
v 0.0483 0.0546 -0.1565
v -0.2620 0.0729 -0.1679
v -0.0367 0.0858 -0.1641
v 0.2099 0.0877 -0.1644
v 0.4605 0.0936 -0.1572
v -0.2675 0.0889 -0.1807
v 0.0961 0.0857 -0.1562
v 0.1038 0.0803 -0.1547
v -0.2650 0.1029 -0.1766
v -0.1218 0.0867 -0.1546
v -0.0942 0.0859 -0.1661
v 0.1062 0.0882 -0.1545
v 0.3330 0.0958 -0.1700
v -0.1348 0.0988 -0.1689
v -0.1114 0.0922 -0.1511
v -0.1268 0.1013 -0.1469
v 0.1183 0.0962 -0.1674
v -0.1651 0.1103 -0.1488
v -0.0179 0.1133 -0.1638
v 0.1691 0.1098 -0.1468
v -0.3433 0.1213 -0.1514
v -0.2776 0.1276 -0.1822
v -0.1920 0.3230 -0.1424
v -0.1623 0.3181 -0.1693
v -0.0500 0.3274 -0.1659
v 0.0276 0.3384 -0.1380
v 0.0864 0.3463 -0.1352
v -0.0966 -0.3475 -0.1645
v -0.1452 -0.3305 -0.1723
v 0.1752 -0.3418 -0.1513
v -0.1854 -0.3197 -0.1574
v -0.0574 -0.3162 -0.1732
v 0.0450 -0.3440 -0.1337
v 0.1960 -0.3030 -0.1687
v 0.2358 -0.2913 -0.1653
v -0.2356 -0.2863 -0.1701
v 0.2629 -0.2758 -0.1660
v -0.2628 -0.2790 -0.1548
v -0.0329 -0.2116 -0.1642
v -0.2904 -0.2021 -0.1315
v 0.2503 -0.1749 -0.1476
v 0.0427 -0.1939 -0.1390
v -0.0781 -0.1570 -0.1488
v 0.2232 -0.1566 -0.1625
v -0.0644 -0.1558 -0.1613
v 0.0827 -0.1589 -0.1572
v -0.2238 -0.1373 -0.1479
v -0.0363 -0.1242 -0.1569
v -0.2320 -0.1335 -0.1460
v -0.4051 -0.1027 -0.1595
v 0.2788 -0.0794 -0.1675
v 0.3998 -0.0982 -0.1596
v 0.1219 -0.0560 -0.1540
v -0.1184 -0.0503 -0.1584
v -0.0476 -0.0259 -0.1621
v 0.1194 -0.0508 -0.1590
v 0.2984 -0.0105 -0.1479
v -0.2849 -0.0265 -0.1393
v 0.4905 -0.0072 -0.1674
v -0.3378 0.0026 -0.1513
v 0.5071 0.0029 -0.1545
v -0.2931 -0.0048 -0.1443
v 0.3401 -0.0143 -0.1472
v 0.2751 0.0250 -0.1611
v -0.0464 0.0385 -0.1603
v -0.2319 0.0430 -0.1532
v -0.3075 0.0721 -0.1461
v -0.0985 0.0827 -0.1608
v -0.1084 0.0874 -0.1532
v -0.0959 0.0832 -0.1550
v -0.4611 0.1040 -0.1434
v -0.1471 0.1028 -0.1564
v 0.3964 0.1014 -0.1469
v 0.3389 0.1160 -0.1642
v 0.1541 0.1209 -0.1678
v -0.0000 0.1408 -0.1634
v 0.0047 0.1334 -0.1472
v 0.1784 0.1610 -0.1603
v 0.3335 0.1397 -0.1596
v 0.2485 0.1456 -0.1317
v 0.3102 0.1627 -0.1500
v -0.2967 0.1743 -0.1394
v -0.1847 0.1605 -0.1405
v -0.0067 0.3096 -0.1652
v -0.0121 0.3218 -0.1512
v -0.1439 0.3466 -0.1408
v 0.1215 0.3451 -0.1437
v -0.1276 -0.3544 -0.1591
v -0.2141 -0.3092 -0.1431
v 0.0328 -0.3184 -0.1391
v -0.0152 -0.2641 -0.1555
v -0.0157 -0.2352 -0.1547
v -0.0689 -0.1657 -0.1511
v 0.0701 -0.1601 -0.1426
v 0.2262 -0.1407 -0.1518
v 0.2448 -0.1236 -0.1472
v -0.3816 -0.1105 -0.1497
v 0.4401 -0.0993 -0.1601
v 0.3574 -0.1124 -0.1353
v -0.2515 -0.1115 -0.1457
v -0.4841 -0.0939 -0.1478
v -0.2616 -0.0854 -0.1395
v 0.4923 -0.0486 -0.1529
v -0.2662 -0.0608 -0.1324
v -0.1210 -0.0583 -0.1483
v -0.1067 -0.0578 -0.1427
v 0.1232 -0.0585 -0.1407
v 0.1027 -0.0520 -0.1419
v 0.1301 -0.0526 -0.1430
v -0.1250 -0.0521 -0.1476
v 0.3366 -0.0785 -0.1346
v -0.0444 0.0155 -0.1477
v -0.5167 -0.0044 -0.1334
v -0.2805 0.0094 -0.1365
v 0.2934 0.0067 -0.1444
v 0.0455 0.0116 -0.1383
v 0.3254 0.0087 -0.1234
v 0.0417 0.0447 -0.1381
v 0.3446 0.0615 -0.1277
v -0.2300 0.0648 -0.1320
v 0.2880 0.0645 -0.1563
v 0.2806 0.0637 -0.1409
v -0.1013 0.0787 -0.1453
v 0.1012 0.0825 -0.1486
v 0.1247 0.0823 -0.1466
v 0.2434 0.0776 -0.1410
v -0.4896 0.0810 -0.1425
v -0.1277 0.0894 -0.1432
v 0.1072 0.0830 -0.1465
v 0.2397 0.0868 -0.1403
v -0.2219 0.0816 -0.1406
v 0.3427 0.1011 -0.1471
v -0.4226 0.1006 -0.1559
v -0.1622 0.1045 -0.1356
v 0.1669 0.1045 -0.1407
v -0.1444 0.1088 -0.1472
v 0.1342 0.1037 -0.1483
v 0.0009 0.1337 -0.1492
v 0.2354 0.1250 -0.1202
v -0.7480 0.1530 -0.1493
v -0.3478 0.1470 -0.1322
v -0.2715 0.1774 -0.1313
v 0.2741 0.1768 -0.1317
v -0.7513 0.2013 -0.1495
v 0.6447 0.1810 -0.1443
v 0.6628 0.2242 -0.1497
v 0.7398 0.2350 -0.1495
v -0.7367 0.2449 -0.1488
v -0.6851 0.2546 -0.1494
v 0.6858 0.2775 -0.1463
v -0.2273 0.3120 -0.1083
v 0.1848 0.3298 -0.1418
v 0.0002 0.3164 -0.1431
v -0.0817 0.3454 -0.1362
v -0.1187 -0.3734 -0.1408
v 0.1513 -0.3520 -0.1557
v -0.1773 -0.3565 -0.1391
v 0.2280 -0.3064 -0.1371
v -0.2557 -0.2927 -0.1359
v 0.0179 -0.2711 -0.1186
v 0.3002 -0.2252 -0.1321
v -0.2976 -0.2153 -0.1276
v -0.0370 -0.2004 -0.1423
v 0.0392 -0.1872 -0.1307
v 0.2568 -0.1728 -0.1360
v -0.2518 -0.1716 -0.1383
v -0.0625 -0.1566 -0.1380
v -0.0847 -0.1445 -0.1411
v -0.2419 -0.1508 -0.1404
v 0.0811 -0.1444 -0.1399
v 0.2351 -0.1383 -0.1401
v 0.0571 -0.1382 -0.1326
v -0.2384 -0.1291 -0.1398
v -0.0334 -0.1125 -0.1481
v 0.4039 -0.1132 -0.1524
v 0.4758 -0.1116 -0.1457
v -0.3553 -0.0970 -0.1439
v 0.4949 -0.0956 -0.1444
v 0.2563 -0.1071 -0.1400
v 0.2644 -0.0892 -0.1408
v -0.5118 -0.0827 -0.1339
v 0.2713 -0.0629 -0.1392
v 0.0380 -0.0820 -0.1141
v -0.0949 -0.0513 -0.1357
v -0.0353 -0.0575 -0.1599
v 0.2885 -0.0486 -0.1575
v -0.2704 -0.0442 -0.1342
v 0.0471 -0.0493 -0.1406
v 0.1096 -0.0492 -0.1382
v -0.0492 -0.0068 -0.1408
v 0.0581 -0.0308 -0.1398
v -0.5052 -0.0322 -0.1410
v -0.2845 -0.0062 -0.1321
v 0.3223 -0.0372 -0.1277
v 0.2821 0.0069 -0.1320
v 0.5088 0.0384 -0.1525
v -0.2350 0.0365 -0.1381
v -0.0355 0.0725 -0.1501
v -0.5153 0.0421 -0.1352
v -0.2750 0.0640 -0.1404
v -0.2465 0.0736 -0.1425
v 0.1038 0.0744 -0.1373
v 0.4835 0.0835 -0.1510
v -0.2396 0.0829 -0.1456
v -0.1190 0.0813 -0.1423
v -0.0954 0.0779 -0.1367
v 0.1127 0.0764 -0.1372
v 0.3302 0.0854 -0.1434
v -0.3296 0.0800 -0.1290
v -0.1218 0.0839 -0.1218
v -0.1018 0.0823 -0.1333
v 0.1250 0.0823 -0.1238
v -0.3473 0.0969 -0.1232
v 0.1847 0.1092 -0.1346
v 0.3643 0.0903 -0.1303
v -0.2411 0.1102 -0.1435
v -0.4191 0.1194 -0.1320
v 0.4463 0.1226 -0.1234
v 0.7305 0.1449 -0.1498
v -0.7749 0.1146 -0.1401
v -0.6940 0.1436 -0.1492
v -0.1573 0.1134 -0.1398
v 0.0092 0.1246 -0.1160
v 0.1592 0.1153 -0.1395
v 0.6914 0.1490 -0.1495
v 0.1688 0.1227 -0.1389
v 0.3516 0.1293 -0.1382
v -0.1735 0.1287 -0.1347
v -0.7937 0.1732 -0.1405
v -0.1775 0.1418 -0.1336
v -0.6695 0.1754 -0.1495
v -0.3189 0.1898 -0.1195
v -0.2865 0.1962 -0.1198
v -0.6424 0.2137 -0.1460
v -0.8097 0.2464 -0.1319
v 0.7430 0.2691 -0.1441
v 0.6272 0.2253 -0.1418
v -0.6552 0.2918 -0.1400
v 0.2247 0.2685 -0.1479
v -0.7595 0.2783 -0.1383
v -0.7158 0.3007 -0.1391
v 0.2089 0.2913 -0.1558
v -0.0430 0.3466 -0.1351
v -0.1168 0.3569 -0.1254
v 0.1346 -0.3731 -0.1408
v -0.0758 -0.3594 -0.1461
v 0.2593 -0.2956 -0.1315
v -0.3534 -0.2755 -0.1312
v 0.2851 -0.2520 -0.1577
v 0.0194 -0.2401 -0.1425
v 0.0310 -0.2128 -0.1214
v 0.2910 -0.1999 -0.1328
v 0.2718 -0.1814 -0.1361
v -0.2708 -0.1817 -0.1335
v 0.2549 -0.1647 -0.1374
v 0.2648 -0.1605 -0.1330
v -0.2566 -0.1509 -0.1345
v 0.2862 -0.1335 -0.1295
v -0.4594 -0.1428 -0.1345
v -0.4149 -0.1329 -0.1397
v -0.0695 -0.1421 -0.1343
v 0.2516 -0.1216 -0.1376
v -0.2839 -0.1248 -0.1256
v 0.0737 -0.1418 -0.1307
v 0.4106 -0.1357 -0.1356
v -0.2534 -0.1146 -0.1360
v -0.4977 -0.1184 -0.1292
v -0.3368 -0.0830 -0.1359
v -0.2627 -0.0957 -0.1298
v 0.2678 -0.0537 -0.1304
v -0.1326 -0.0524 -0.1359
v -0.0958 -0.0565 -0.1256
v 0.1117 -0.0568 -0.1480
v 0.1376 -0.0561 -0.1256
v 0.1375 -0.0542 -0.1336
v 0.5182 -0.0190 -0.1323
v -0.1036 -0.0505 -0.1467
v -0.0509 -0.0318 -0.1434
v 0.0610 -0.0338 -0.1291
v 0.2866 -0.0183 -0.1331
v -0.0502 0.0010 -0.1345
v -0.0463 0.0066 -0.1297
v 0.0549 0.0033 -0.1321
v 0.0544 0.0112 -0.1288
v 0.0593 0.0122 -0.1305
v -0.2471 0.0127 -0.1259
v -0.2324 0.0235 -0.1337
v 0.2377 0.0248 -0.1359
v -0.2359 0.0289 -0.1287
v -0.0325 0.0729 -0.1331
v 0.2335 0.0652 -0.1413
v 0.6913 0.0920 -0.1390
v -0.5078 0.0686 -0.1169
v -0.0950 0.0738 -0.1347
v -0.2352 0.0937 -0.1331
v -0.4880 0.0942 -0.1211
v -0.3733 0.1048 -0.1226
v -0.2006 0.0956 -0.1172
v 0.1179 0.0932 -0.1481
v 0.1517 0.0976 -0.1271
v 0.2357 0.0969 -0.1167
v -0.3813 0.1192 -0.1084
v -0.1668 0.1131 -0.1389
v -0.1462 0.1039 -0.1256
v 0.1632 0.1074 -0.1320
v 0.1694 0.1130 -0.1380
v 0.3786 0.1108 -0.1103
v 0.6416 0.1240 -0.1363
v -0.3521 0.1090 -0.1276
v -0.1783 0.1109 -0.1310
v 0.4164 0.1258 -0.1161
v 0.7613 0.1578 -0.1485
v 0.1818 0.1457 -0.1330
v 0.6125 0.1517 -0.1291
v 0.2004 0.1845 -0.1451
v 0.2530 0.1687 -0.1261
v -0.1991 0.1913 -0.1227
v 0.5952 0.2012 -0.1272
v -0.8327 0.2163 -0.1271
v -0.6140 0.2531 -0.1367
v 0.7984 0.2601 -0.1335
v 0.5767 0.2659 -0.1175
v 0.2156 0.3269 -0.1141
v 0.6360 0.2970 -0.1351
v -0.0027 0.3334 -0.1327
v 0.1487 0.3482 -0.1357
v 0.1258 0.3663 -0.1093
v 0.1157 -0.3798 -0.1334
v -0.1688 -0.3772 -0.1247
v 0.0852 -0.3784 -0.1241
v 0.1978 -0.3590 -0.1290
v 0.0514 -0.3618 -0.1171
v -0.0332 -0.3227 -0.1428
v -0.2239 -0.3242 -0.1282
v 0.2368 -0.3149 -0.1265
v -0.3571 -0.2845 -0.1277
v -0.3156 -0.2849 -0.1229
v 0.0227 -0.2942 -0.1375
v 0.3542 -0.2763 -0.1314
v 0.3253 -0.2795 -0.1233
v -0.3921 -0.2747 -0.1225
v -0.2780 -0.2827 -0.1140
v 0.3705 -0.2709 -0.1278
v -0.3659 -0.2677 -0.1269
v -0.3530 -0.2516 -0.1229
v -0.3916 -0.2504 -0.1212
v -0.2925 -0.2626 -0.1105
v 0.3422 -0.2600 -0.1226
v 0.3678 -0.2481 -0.1218
v 0.3167 -0.2000 -0.1210
v -0.3109 -0.2009 -0.1224
v -0.0312 -0.1945 -0.1250
v 0.2913 -0.1797 -0.1238
v -0.2834 -0.1743 -0.1213
v -0.2705 -0.1729 -0.1236
v 0.0258 -0.1747 -0.1183
v 0.2839 -0.1749 -0.1206
v -0.2674 -0.1643 -0.1271
v -0.0352 -0.1584 -0.1244
v -0.2803 -0.1544 -0.1267
v 0.4481 -0.1502 -0.1309
v -0.4752 -0.1495 -0.1245
v 0.0524 -0.1482 -0.1279
v 0.0674 -0.1424 -0.1231
v -0.0544 -0.1375 -0.1329
v 0.0678 -0.1356 -0.1254
v -0.0659 -0.1355 -0.1248
v 0.2704 -0.1103 -0.1292
v -0.2810 -0.0953 -0.1129
v -0.0355 -0.0965 -0.1337
v 0.2685 -0.0882 -0.1290
v -0.0365 -0.0803 -0.1300
v -0.2697 -0.0783 -0.1193
v -0.3254 -0.0323 -0.1356
v 0.0982 -0.0572 -0.1185
v 0.1285 -0.0564 -0.1207
v -0.2637 -0.0486 -0.1230
v -0.0912 -0.0493 -0.1083
v -0.2626 -0.0474 -0.1291
v -0.0968 -0.0425 -0.1260
v 0.1081 -0.0421 -0.1284
v 0.1829 -0.0218 -0.1178
v -0.5247 -0.0193 -0.1206
v -0.1770 -0.0185 -0.1278
v -0.3301 0.0220 -0.1330
v -0.2634 -0.0211 -0.1163
v -0.0445 -0.0045 -0.1207
v -0.0401 -0.0015 -0.1278
v 0.0626 -0.0066 -0.1130
v -0.2547 -0.0029 -0.1163
v 0.0448 0.0008 -0.1271
v 0.2584 -0.0010 -0.1168
v -0.2274 0.0118 -0.1206
v -0.0588 0.0147 -0.1215
v 0.2370 0.0154 -0.1234
v 0.3140 0.0297 -0.0788
v -0.2331 0.0275 -0.1151
v 0.6892 0.0422 -0.1250
v -0.7872 0.0684 -0.1276
v -0.6924 0.0421 -0.1248
v 0.0426 0.0217 -0.1131
v 0.7610 0.0933 -0.1387
v -0.1019 0.0652 -0.1193
v 0.5081 0.0650 -0.1366
v -0.6821 0.0907 -0.1381
v -0.1008 0.0754 -0.1204
v 0.1072 0.0727 -0.1216
v 0.1163 0.0719 -0.1177
v 0.2277 0.0812 -0.1374
v 0.3197 0.0751 -0.1305
v -0.3339 0.0790 -0.1017
v -0.2191 0.0750 -0.1157
v 0.2545 0.0776 -0.1156
v -0.3589 0.0870 -0.1330
v -0.1381 0.0909 -0.1181
v -0.1108 0.0810 -0.1003
v 0.1064 0.0820 -0.1390
v 0.3443 0.0895 -0.1326
v 0.4810 0.1047 -0.1230
v -0.1483 0.0998 -0.1334
v 0.1343 0.1005 -0.1325
v 0.1595 0.1023 -0.1318
v -0.6280 0.1428 -0.1358
v -0.4611 0.1209 -0.1041
v -0.1915 0.1056 -0.1168
v 0.1535 0.1042 -0.1261
v -0.2497 0.1495 -0.1343
v -0.1782 0.1244 -0.1116
v 0.2354 0.1513 -0.1180
v -0.3522 0.1777 -0.1008
v 0.1957 0.1769 -0.1252
v -0.8677 0.1732 -0.1137
v 0.2810 0.1982 -0.1187
v 0.2234 0.2339 -0.1446
v -0.8187 0.2866 -0.1202
v -0.2251 0.2447 -0.1285
v 0.5969 0.2841 -0.1255
v -0.2339 0.2895 -0.1097
v -0.7700 0.3163 -0.1255
v 0.6024 0.3261 -0.1152
v 0.7373 0.3165 -0.1313
v 0.6897 0.3256 -0.1324
v 0.6352 0.3451 -0.1192
v 0.0496 0.3454 -0.1384
v 0.1635 -0.3839 -0.1203
v -0.2405 -0.3437 -0.1159
v 0.0304 -0.3485 -0.0977
v 0.2573 -0.3165 -0.1167
v -0.3077 -0.3134 -0.1167
v -0.2616 -0.3219 -0.1130
v 0.3168 -0.3231 -0.1146
v 0.3528 -0.3082 -0.1217
v -0.3657 -0.3026 -0.1214
v -0.3293 -0.2989 -0.1242
v -0.0159 -0.2920 -0.1211
v 0.3221 -0.3035 -0.1220
v -0.2516 -0.3112 -0.1194
v 0.3026 -0.2980 -0.1152
v 0.2657 -0.3022 -0.1166
v -0.0124 -0.2668 -0.1267
v 0.3018 -0.2735 -0.1109
v 0.3189 -0.2564 -0.1103
v 0.3933 -0.2512 -0.1225
v 0.3023 -0.2470 -0.1169
v -0.3616 -0.2363 -0.1109
v 0.3661 -0.2343 -0.1096
v 0.3070 -0.2270 -0.1159
v -0.3016 -0.2375 -0.1186
v -0.3120 -0.2215 -0.1174
v 0.3067 -0.2123 -0.1240
v 0.3294 -0.2172 -0.1141
v -0.0314 -0.2066 -0.1224
v 0.0260 -0.1977 -0.1082
v -0.3301 -0.1980 -0.1111
v -0.0398 -0.1834 -0.1329
v -0.2942 -0.1742 -0.1131
v 0.2729 -0.1707 -0.1188
v -0.2745 -0.1711 -0.1099
v 0.0206 -0.1568 -0.1074
v -0.4156 -0.1547 -0.1253
v -0.3680 -0.1519 -0.1098
v 0.4208 -0.1679 -0.1154
v 0.4798 -0.1488 -0.1250
v 0.2971 -0.1420 -0.1181
v -0.2910 -0.1549 -0.1128
v -0.0584 -0.1410 -0.1180
v -0.0459 -0.1419 -0.1207
v 0.0610 -0.1359 -0.1085
v 0.5149 -0.1459 -0.1021
v 0.0681 -0.1329 -0.1109
v 0.5001 -0.1280 -0.1252
v -0.0478 -0.1310 -0.1207
v -0.2924 -0.1267 -0.1147
v -0.0401 -0.1172 -0.1212
v 0.0528 -0.1316 -0.1225
v -0.0297 -0.0964 -0.1127
v 0.0377 -0.0996 -0.1060
v 0.5225 -0.0810 -0.1290
v 0.2718 -0.0665 -0.1207
v -0.1188 -0.0572 -0.1102
v -0.1055 -0.0593 -0.1068
v 0.1198 -0.0589 -0.1086
v 0.3103 -0.0688 -0.1070
v -0.2721 -0.0533 -0.1112
v -0.0573 -0.0348 -0.1260
v -0.5498 -0.0494 -0.1060
v 0.2679 -0.0247 -0.1168
v -0.1228 -0.0433 -0.1207
v 0.0991 -0.0438 -0.1286
v 0.1295 -0.0446 -0.1218
v -0.1739 -0.0217 -0.1178
v 0.5281 -0.0072 -0.1166
v 0.3091 -0.0156 -0.1006
v 0.0408 -0.0048 -0.1169
v 0.0502 -0.0046 -0.1205
v 0.0595 0.0061 -0.1153
v -0.2411 0.0113 -0.1158
v -0.0615 0.0122 -0.1156
v -0.0548 0.0093 -0.1147
v -0.0598 0.0059 -0.1180
v -0.0403 0.0108 -0.1360
v 0.0663 0.0066 -0.1134
v 0.2381 0.0153 -0.1174
v 0.0367 0.0150 -0.1114
v -0.7337 0.0670 -0.1349
v 0.7651 0.0376 -0.1241
v -0.5244 0.0104 -0.1067
v 0.2369 0.0332 -0.1162
v 0.6617 0.0260 -0.1106
v -0.6452 0.0812 -0.1266
v 0.2295 0.0533 -0.1139
v 0.5207 0.0417 -0.1273
v -0.3462 0.0596 -0.1416
v 0.6341 0.0793 -0.1194
v 0.8014 0.0895 -0.1302
v -0.1091 0.0695 -0.1248
v 0.1085 0.0651 -0.1145
v 0.2245 0.0709 -0.1159
v -0.8196 0.1064 -0.1266
v -0.3488 0.0832 -0.1092
v -0.1157 0.0729 -0.1099
v 0.2667 0.0734 -0.1058
v 0.2976 0.0691 -0.1220
v 0.3436 0.0703 -0.1066
v 0.4921 0.0969 -0.1124
v -0.2378 0.0881 -0.1168
v 0.1371 0.0872 -0.1082
v 0.3553 0.0853 -0.1084
v -0.1234 0.0976 -0.1178
v 0.1453 0.0957 -0.1138
v 0.2054 0.0931 -0.1160
v 0.3608 0.0951 -0.1086
v -0.2289 0.1112 -0.1160
v -0.0211 0.1010 -0.1291
v 0.1417 0.1027 -0.1122
v 0.1942 0.1096 -0.1151
v 0.3589 0.1049 -0.1202
v -0.1283 0.1037 -0.1163
v -0.3597 0.1077 -0.1118
v 0.1827 0.1201 -0.1192
v 0.6109 0.1173 -0.1193
v -0.4377 0.1328 -0.1013
v -0.2395 0.1614 -0.1224
v -0.0024 0.1271 -0.1160
v 0.4195 0.1356 -0.0976
v -0.5926 0.1861 -0.1254
v -0.3761 0.1351 -0.0960
v -0.1787 0.1388 -0.1066
v -0.3597 0.1538 -0.1129
v -0.1825 0.1511 -0.1160
v 0.1906 0.1643 -0.1148
v 0.5951 0.1341 -0.1093
v -0.2271 0.1839 -0.1143
v 0.8111 0.2045 -0.1368
v 0.1961 0.1735 -0.1142
v 0.2321 0.1828 -0.1149
v 0.3202 0.1877 -0.1230
v 0.2498 0.2054 -0.1120
v -0.2150 0.2225 -0.1152
v -0.5845 0.2759 -0.1221
v 0.8382 0.2669 -0.1184
v 0.7783 0.3113 -0.1260
v 0.1992 0.3480 -0.0949
v -0.6682 0.3337 -0.1287
v -0.0031 0.3464 -0.1166
v -0.0817 0.3637 -0.0992
v -0.7297 0.3579 -0.1155
v -0.1435 -0.3883 -0.1179
v -0.0633 -0.3735 -0.1158
v 0.1923 -0.3740 -0.1199
v -0.2108 -0.3656 -0.1165
v -0.0419 -0.3489 -0.1277
v -0.2586 -0.3481 -0.1065
v 0.2337 -0.3482 -0.1176
v -0.2854 -0.3341 -0.1081
v 0.3001 -0.3335 -0.1081
v -0.3388 -0.3218 -0.1143
v -0.2891 -0.3074 -0.1122
v 0.2699 -0.3178 -0.1122
v 0.2854 -0.3108 -0.1119
v 0.3794 -0.2990 -0.1214
v -0.2828 -0.2976 -0.1055
v -0.4167 -0.2996 -0.1058
v -0.2654 -0.3005 -0.1057
v 0.2853 -0.2959 -0.1035
v 0.2763 -0.2915 -0.1105
v 0.3986 -0.2718 -0.1224
v -0.3049 -0.2640 -0.1092
v -0.2821 -0.2725 -0.0942
v 0.2846 -0.2801 -0.1105
v -0.4338 -0.2662 -0.1047
v -0.3441 -0.2376 -0.1069
v -0.4156 -0.2425 -0.1079
v 0.3430 -0.2394 -0.1088
v -0.4070 -0.2278 -0.0994
v -0.3095 -0.2353 -0.1065
v 0.3292 -0.1913 -0.1121
v -0.3028 -0.1693 -0.1038
v 0.2931 -0.1719 -0.1095
v 0.3005 -0.1694 -0.1097
v -0.4667 -0.1663 -0.1123
v -0.2797 -0.1651 -0.1175
v 0.0099 -0.1658 -0.1059
v 0.2805 -0.1638 -0.1228
v 0.2965 -0.1543 -0.1112
v -0.5066 -0.1482 -0.1050
v -0.0143 -0.1488 -0.1075
v -0.0366 -0.1384 -0.1046
v 0.0326 -0.1431 -0.1064
v -0.0607 -0.1324 -0.1075
v -0.0464 -0.1335 -0.1004
v 0.0512 -0.1378 -0.1142
v 0.3420 -0.1469 -0.0951
v 0.3585 -0.1346 -0.1161
v -0.0616 -0.1233 -0.1098
v -0.2921 -0.1117 -0.1018
v 0.0508 -0.1168 -0.1071
v 0.2886 -0.1017 -0.1100
v -0.0391 -0.0707 -0.1156
v -0.5418 -0.0772 -0.1074
v 0.1321 -0.0641 -0.1059
v 0.1444 -0.0639 -0.1052
v -0.0932 -0.0566 -0.1024
v 0.0465 -0.0695 -0.1043
v 0.1416 -0.0602 -0.1057
v -0.1243 -0.0491 -0.1103
v 0.0929 -0.0507 -0.1109
v 0.1303 -0.0513 -0.1078
v 0.2711 -0.0283 -0.1067
v -0.1230 -0.0423 -0.1077
v -0.0952 -0.0422 -0.1048
v 0.1005 -0.0416 -0.1077
v 0.1274 -0.0416 -0.1070
v -0.3076 -0.0106 -0.1040
v -0.1767 -0.0256 -0.1106
v -0.1476 -0.0273 -0.1027
v 0.1586 -0.0294 -0.1085
v 0.1708 -0.0280 -0.1027
v -0.1549 -0.0211 -0.1037
v 0.0718 -0.0252 -0.1015
v 0.1754 -0.0228 -0.1159
v 0.1748 -0.0216 -0.1014
v -0.2653 -0.0195 -0.1049
v -0.1766 -0.0217 -0.1087
v -0.1646 -0.0189 -0.1006
v 0.0510 -0.0024 -0.1069
v -0.2552 0.0015 -0.1076
v 0.0642 0.0143 -0.1123
v 0.0673 0.0157 -0.1102
v -0.0669 0.0180 -0.1061
v -0.0376 0.0392 -0.1082
v 0.0751 0.0277 -0.1016
v 0.6372 0.0372 -0.1030
v -0.5169 0.0443 -0.0871
v -0.2258 0.0557 -0.1093
v -0.6173 0.0933 -0.1177
v -0.1139 0.0665 -0.1021
v -0.2779 0.0693 -0.1178
v -0.1016 0.0623 -0.1061
v 0.1053 0.0756 -0.1107
v -0.2499 0.0778 -0.1132
v 0.0446 0.0395 -0.0945
v 0.1160 0.0894 -0.1109
v 0.1245 0.0758 -0.0988
v 0.3324 0.0753 -0.1075
v 0.8278 0.1262 -0.1274
v -0.2271 0.0978 -0.1090
v -0.2135 0.0858 -0.1075
v 0.3462 0.0866 -0.1078
v -0.3622 0.1003 -0.1058
v -0.2017 0.0968 -0.1029
v -0.1149 0.0851 -0.0967
v 0.1443 0.0892 -0.0979
v 0.6110 0.0888 -0.1070
v -0.3497 0.0923 -0.1089
v 0.0327 0.0818 -0.1328
v 0.1319 0.1037 -0.1165
v 0.3633 0.1131 -0.1107
v -0.2114 0.1118 -0.1069
v -0.1999 0.1057 -0.1100
v 0.4610 0.1249 -0.1008
v -0.8880 0.1199 -0.0987
v -0.5867 0.1570 -0.1103
v -0.1942 0.1196 -0.1104
v 0.2030 0.1263 -0.1099
v 0.3862 0.1274 -0.0988
v -0.3621 0.1270 -0.1131
v -0.2195 0.1345 -0.1078
v -0.2116 0.1490 -0.1092
v 0.1994 0.1580 -0.1104
v -0.1885 0.1627 -0.1086
v 0.2139 0.1588 -0.1120
v -0.1904 0.1715 -0.1136
v -0.2035 0.1724 -0.1127
v 0.1936 0.1718 -0.1084
v -0.1976 0.1867 -0.1132
v -0.1940 0.1763 -0.1097
v 0.2006 0.1813 -0.1140
v 0.2001 0.1891 -0.1086
v -0.5722 0.2156 -0.1120
v -0.2173 0.2068 -0.1098
v 0.2054 0.1957 -0.1082
v -0.2468 0.2104 -0.1098
v -0.2026 0.2006 -0.1086
v 0.2200 0.2239 -0.1082
v 0.2219 0.2117 -0.1078
v -0.2101 0.2153 -0.1083
v 0.8485 0.2307 -0.1207
v -0.5803 0.2315 -0.1221
v -0.2227 0.2405 -0.0947
v -0.2291 0.2575 -0.0964
v 0.5643 0.2502 -0.1064
v -0.2373 0.2819 -0.0934
v 0.2310 0.3115 -0.1064
v -0.8709 0.3074 -0.0901
v -0.8082 0.3518 -0.0992
v -0.5946 0.3287 -0.1126
v 0.7729 0.3543 -0.1095
v -0.6173 0.3343 -0.1198
v -0.2026 0.3404 -0.1039
v -0.0390 0.3633 -0.0971
v 0.1499 0.3628 -0.0994
v 0.7335 0.3557 -0.1157
v -0.6940 0.3878 -0.1013
v 0.0367 0.3603 -0.1020
v 0.0871 0.3656 -0.0939
v 0.0978 0.3661 -0.1018
v 0.6152 0.3786 -0.0944
v -0.1304 0.3663 -0.1081
v 0.6542 0.3906 -0.0974
v -0.0937 -0.3876 -0.1131
v 0.2436 -0.3567 -0.1078
v 0.2728 -0.3402 -0.1091
v -0.3684 -0.3393 -0.0939
v -0.3958 -0.3186 -0.1035
v -0.2659 -0.3071 -0.1060
v 0.2689 -0.2997 -0.1004
v 0.2689 -0.3104 -0.1072
v 0.2761 -0.2961 -0.0979
v 0.0259 -0.3166 -0.0957
v 0.2826 -0.2860 -0.0984
v -0.2860 -0.2726 -0.0923
v -0.2766 -0.2870 -0.0931
v 0.0319 -0.2990 -0.0836
v 0.2888 -0.2820 -0.0967
v 0.2864 -0.2743 -0.1016
v 0.4324 -0.2535 -0.1060
v -0.3222 -0.2421 -0.0931
v 0.3044 -0.2499 -0.1031
v 0.3209 -0.2445 -0.0920
v -0.4275 -0.2272 -0.0999
v -0.3014 -0.2436 -0.0954
v 0.4148 -0.2336 -0.1041
v -0.4529 -0.2346 -0.0999
v -0.0263 -0.2270 -0.1079
v 0.3360 -0.2347 -0.0944
v 0.3496 -0.2327 -0.0940
v -0.3703 -0.2260 -0.0922
v -0.3260 -0.2337 -0.1038
v 0.3246 -0.2341 -0.1061
v 0.3372 -0.2258 -0.1056
v -0.3419 -0.2161 -0.1039
v -0.0266 -0.2130 -0.1026
v 0.0095 -0.1884 -0.0961
v -0.3340 -0.1730 -0.0850
v -0.0120 -0.1817 -0.1060
v -0.4439 -0.1674 -0.1171
v -0.4037 -0.1719 -0.1061
v 0.2765 -0.1690 -0.1065
v 0.2877 -0.1721 -0.0940
v 0.3107 -0.1612 -0.0870
v 0.4582 -0.1662 -0.1169
v -0.0133 -0.1597 -0.1082
v 0.2895 -0.1656 -0.0961
v 0.2998 -0.1648 -0.0948
v -0.3464 -0.1198 -0.1223
v -0.2923 -0.1570 -0.0858
v -0.0012 -0.1231 -0.0987
v 0.0587 -0.1329 -0.0964
v 0.5265 -0.1115 -0.1070
v 0.0684 -0.1051 -0.0857
v 0.3149 -0.1178 -0.0939
v -0.0489 -0.1094 -0.1018
v 0.3092 -0.0977 -0.0995
v -0.0352 -0.0949 -0.1037
v 0.2893 -0.0714 -0.1021
v -0.0411 -0.0777 -0.0993
v -0.2912 -0.0681 -0.1002
v -0.1043 -0.0652 -0.0932
v 0.1275 -0.0657 -0.1003
v -0.1384 -0.0606 -0.1031
v -0.1217 -0.0642 -0.0985
v 0.1368 -0.0577 -0.0998
v -0.1323 -0.0565 -0.0997
v 0.0653 -0.0455 -0.0937
v -0.2911 -0.0337 -0.0871
v -0.1466 -0.0426 -0.0991
v -0.1314 -0.0358 -0.0997
v 0.1506 -0.0428 -0.0981
v -0.1500 -0.0348 -0.1024
v -0.0665 -0.0255 -0.1034
v 0.1118 -0.0334 -0.0994
v 0.1578 -0.0365 -0.0969
v -0.1693 -0.0233 -0.1009
v 0.1530 -0.0273 -0.1005
v 0.3000 -0.0306 -0.0924
v 0.1676 -0.0189 -0.0992
v -0.1275 -0.0198 -0.0961
v -0.1375 -0.0142 -0.1000
v -0.7701 0.0343 -0.1215
v 0.2580 0.0067 -0.1080
v 0.5291 0.0114 -0.1013
v -0.6540 0.0190 -0.1062
v -0.0405 -0.0032 -0.1084
v 0.0388 -0.0026 -0.1076
v 0.0754 0.0042 -0.0915
v -0.0694 0.0093 -0.1074
v 0.0748 0.0152 -0.1062
v -0.5248 0.0322 -0.0837
v -0.0616 0.0119 -0.1058
v 0.0456 0.0100 -0.0948
v 0.0701 0.0268 -0.1032
v -0.8225 0.0336 -0.1069
v -0.2427 0.0555 -0.0951
v 0.5111 0.0708 -0.1067
v -0.3324 0.0643 -0.0999
v -0.2309 0.0524 -0.1018
v 0.2296 0.0526 -0.1018
v 0.1153 0.0655 -0.1008
v 0.2300 0.0677 -0.1084
v -0.3401 0.0782 -0.1016
v -0.2249 0.0695 -0.1081
v 0.1171 0.0769 -0.0977
v 0.2357 0.0762 -0.1060
v -0.3199 0.0711 -0.1005
v -0.2441 0.0768 -0.1056
v 0.2105 0.0849 -0.1082
v 0.2472 0.0766 -0.1054
v -0.2183 0.0996 -0.1062
v -0.2089 0.0982 -0.0952
v 0.2069 0.0978 -0.1051
v 0.2214 0.0958 -0.1001
v 0.2270 0.0976 -0.1080
v -0.4964 0.0864 -0.1014
v -0.3718 0.1114 -0.1003
v -0.1400 0.0956 -0.1122
v -0.1256 0.1030 -0.1001
v 0.8667 0.1503 -0.1147
v -0.1335 0.1035 -0.1097
v 0.0283 0.1022 -0.0918
v 0.3714 0.1111 -0.1004
v 0.1851 0.1284 -0.1078
v 0.2239 0.1154 -0.1079
v 0.3732 0.1274 -0.1015
v 0.0050 0.1338 -0.0890
v 0.0012 0.1337 -0.1124
v 0.2177 0.1432 -0.1076
v 0.8904 0.1699 -0.1036
v 0.1845 0.1467 -0.1077
v 0.5871 0.1384 -0.0914
v 0.5796 0.1842 -0.1079
v -0.2159 0.2196 -0.1066
v 0.2216 0.2222 -0.1048
v 0.2615 0.2284 -0.0938
v -0.8749 0.2529 -0.1035
v 0.2241 0.2349 -0.1080
v 0.5625 0.2243 -0.0903
v -0.2267 0.2554 -0.0803
v 0.2384 0.2917 -0.1027
v 0.5529 0.2809 -0.0905
v 0.5729 0.3234 -0.1007
v 0.0039 0.3648 -0.0800
v -0.6543 0.3896 -0.0985
v -0.1540 0.3595 -0.1007
v -0.7389 0.3916 -0.0928
v 0.1594 -0.3991 -0.0949
v 0.1985 -0.3909 -0.0937
v 0.3176 -0.3452 -0.0962
v 0.0217 -0.3306 -0.0824
v -0.4003 -0.3351 -0.0850
v -0.2727 -0.2954 -0.0929
v -0.4347 -0.3086 -0.0922
v 0.2893 -0.2716 -0.0919
v 0.2918 -0.2589 -0.0984
v 0.4411 -0.2745 -0.1022
v -0.3163 -0.2441 -0.0858
v -0.2854 -0.2579 -0.0873
v 0.3019 -0.2609 -0.0892
v -0.4700 -0.2540 -0.0918
v 0.4555 -0.2387 -0.1001
v -0.4837 -0.2279 -0.0794
v -0.3307 -0.2357 -0.0930
v 0.3074 -0.2426 -0.0974
v 0.3132 -0.2401 -0.0969
v -0.4622 -0.2165 -0.0891
v -0.3554 -0.2273 -0.0947
v -0.3453 -0.2259 -0.0925
v 0.3366 -0.2288 -0.0917
v 0.3431 -0.2311 -0.0890
v 0.3528 -0.2270 -0.0920
v 0.4525 -0.2239 -0.0968
v -0.4217 -0.2119 -0.0836
v 0.3710 -0.2266 -0.0920
v 0.3974 -0.2200 -0.0850
v -0.3524 -0.2165 -0.0917
v 0.0283 -0.2125 -0.0842
v -0.4258 -0.1860 -0.0874
v -0.2878 -0.1733 -0.1015
v 0.0030 -0.1777 -0.0960
v 0.3258 -0.1665 -0.0835
v -0.2807 -0.1686 -0.0949
v 0.3889 -0.1649 -0.1073
v 0.2962 -0.1573 -0.0859
v 0.0457 -0.1335 -0.1012
v -0.0630 -0.1186 -0.0964
v -0.0666 -0.1045 -0.0917
v 0.0105 -0.1138 -0.0907
v 0.5495 -0.0819 -0.1017
v -0.0617 -0.1074 -0.0952
v 0.2968 -0.1025 -0.0923
v -0.3017 -0.0889 -0.0973
v -0.2931 -0.1116 -0.0799
v 0.0685 -0.1052 -0.0933
v -0.0764 -0.0885 -0.0921
v -0.0666 -0.0908 -0.0922
v 0.0629 -0.0889 -0.0927
v 0.0778 -0.0917 -0.0927
v -0.0468 -0.0853 -0.0960
v 0.0465 -0.0832 -0.0975
v 0.0825 -0.0774 -0.0913
v 0.3000 -0.0783 -0.0866
v 0.2983 -0.0696 -0.0936
v -0.2942 -0.0868 -0.0866
v 0.1284 -0.0630 -0.0935
v -0.5724 -0.0709 -0.0829
v -0.2980 -0.0481 -0.0921
v -0.1375 -0.0554 -0.0925
v -0.0878 -0.0651 -0.0859
v -0.0482 -0.0635 -0.0969
v 0.0455 -0.0687 -0.0851
v 0.0560 -0.0638 -0.0845
v 0.2973 -0.0598 -0.0870
v -0.1443 -0.0501 -0.0938
v -0.0608 -0.0474 -0.0943
v 0.2960 -0.0444 -0.0877
v -0.2944 -0.0541 -0.0864
v -0.0815 -0.0447 -0.0949
v 0.1506 -0.0425 -0.0914
v -0.5684 -0.0480 -0.0878
v 0.0898 -0.0468 -0.0984
v -0.7864 -0.0260 -0.0937
v -0.2995 -0.0263 -0.0894
v -0.1611 -0.0237 -0.0934
v -0.1026 -0.0339 -0.0990
v -0.0795 -0.0290 -0.0921
v 0.1351 -0.0390 -0.1022
v 0.1670 -0.0234 -0.0940
v 0.7488 -0.0053 -0.1090
v -0.1425 -0.0204 -0.0946
v -0.1056 -0.0193 -0.0905
v 0.1350 -0.0173 -0.0964
v 0.1521 -0.0193 -0.0954
v -0.1518 -0.0054 -0.0908
v -0.0670 -0.0051 -0.0987
v 0.1581 -0.0126 -0.0923
v 0.2868 0.0067 -0.0782
v -0.1332 -0.0121 -0.0966
v 0.0814 -0.0030 -0.0867
v 0.1401 -0.0134 -0.0990
v -0.2832 -0.0015 -0.0828
v 0.6496 -0.0023 -0.0941
v -0.0400 0.0154 -0.0925
v 0.0561 0.0084 -0.0959
v 0.2986 -0.0056 -0.0722
v 0.8218 0.0243 -0.1053
v -0.0638 0.0188 -0.0863
v 0.0674 0.0178 -0.0928
v 0.6295 0.0286 -0.0911
v -0.0704 0.0192 -0.0978
v 0.0461 0.0133 -0.0845
v 0.2408 0.0349 -0.1087
v 0.5238 0.0376 -0.0897
v -0.8679 0.0170 -0.0803
v -0.3296 0.0443 -0.1093
v -0.8753 0.0624 -0.0923
v 0.3306 0.0484 -0.1034
v -0.6058 0.0867 -0.1022
v 0.2434 0.0566 -0.0949
v 0.2655 0.0728 -0.0936
v 0.3359 0.0713 -0.0999
v -0.2994 0.0709 -0.1080
v -0.2679 0.0719 -0.0937
v 0.2950 0.0694 -0.0939
v 0.3141 0.0686 -0.0969
v 0.6155 0.0607 -0.0903
v -0.5989 0.0939 -0.0857
v -0.1265 0.0788 -0.0966
v -0.1174 0.0814 -0.0881
v -0.1229 0.0942 -0.0866
v -0.0198 0.1063 -0.1020
v 0.1438 0.0936 -0.0858
v 0.2140 0.0944 -0.0999
v 0.2161 0.0972 -0.0882
v 0.1274 0.0972 -0.0936
v 0.1336 0.1039 -0.0948
v -0.3627 0.1056 -0.1005
v 0.2154 0.1020 -0.0966
v 0.5964 0.1099 -0.0876
v -0.3840 0.1309 -0.0954
v -0.3703 0.1240 -0.1007
v -0.4056 0.1352 -0.0977
v 0.3819 0.1361 -0.0927
v -0.5740 0.1768 -0.0963
v 0.3584 0.1526 -0.1210
v 0.5734 0.1862 -0.0890
v -0.9239 0.1940 -0.0822
v -0.5553 0.2552 -0.0938
v -0.2422 0.2311 -0.0944
v -0.2175 0.2356 -0.0923
v 0.2349 0.2665 -0.1156
v -0.9183 0.2890 -0.0677
v -0.5622 0.3015 -0.1021
v 0.5519 0.3148 -0.0836
v 0.5593 0.3366 -0.0825
v 0.8213 0.3440 -0.0982
v -0.2232 0.3447 -0.0675
v 0.5824 0.3709 -0.0816
v -0.6136 0.3938 -0.0853
v -0.1936 0.3674 -0.0654
v 0.0756 0.3645 -0.0820
v -0.1177 0.3821 -0.0882
v 0.7028 0.3867 -0.1018
v -0.1570 -0.3989 -0.0947
v -0.1989 -0.3888 -0.0935
v -0.0528 -0.3828 -0.0781
v -0.0368 -0.3685 -0.0856
v 0.0625 -0.3803 -0.0961
v -0.2993 -0.3449 -0.0987
v 0.3718 -0.3381 -0.0959
v -0.0221 -0.3335 -0.0999
v 0.4098 -0.3289 -0.0905
v 0.4242 -0.3025 -0.1024
v -0.4658 -0.2926 -0.0769
v 0.2865 -0.2701 -0.0879
v -0.2861 -0.2594 -0.0781
v -0.2949 -0.2535 -0.0718
v 0.2995 -0.2569 -0.0781
v -0.3003 -0.2576 -0.0897
v -0.0300 -0.2419 -0.0858
v 0.3182 -0.2443 -0.0755
v -0.3272 -0.2356 -0.0774
v 0.0339 -0.2471 -0.0737
v 0.3315 -0.2386 -0.0870
v -0.3472 -0.2261 -0.0826
v -0.3384 -0.2291 -0.0856
v 0.0326 -0.2388 -0.0901
v 0.3716 -0.2193 -0.0752
v -0.4476 -0.2043 -0.0824
v 0.4330 -0.2099 -0.0834
v 0.4471 -0.2042 -0.0813
v -0.3594 -0.2095 -0.0742
v -0.0105 -0.1955 -0.0932
v 0.0126 -0.1917 -0.0779
v -0.0058 -0.1891 -0.0963
v 0.0028 -0.1855 -0.0867
v -0.3748 -0.1729 -0.0875
v -0.3434 -0.1791 -0.0855
v -0.3540 -0.1688 -0.0850
v -0.3036 -0.1580 -0.0809
v -0.2880 -0.1637 -0.0852
v 0.2907 -0.1592 -0.0771
v -0.2864 -0.1598 -0.0988
v -0.5280 -0.1432 -0.0896
v 0.5492 -0.1263 -0.0834
v -0.2920 -0.1377 -0.0848
v -0.2941 -0.1284 -0.0947
v -0.0546 -0.1257 -0.0843
v -0.0528 -0.1329 -0.0908
v 0.0592 -0.1277 -0.0856
v -0.3049 -0.1158 -0.0905
v 0.2985 -0.1120 -0.0933
v -0.0175 -0.1083 -0.0813
v 0.0604 -0.1151 -0.0838
v -0.2940 -0.0962 -0.0788
v -0.0821 -0.0854 -0.0777
v 0.0863 -0.0858 -0.0784
v -0.0772 -0.0762 -0.0912
v -0.0400 -0.0704 -0.0852
v 0.0750 -0.0754 -0.0849
v 0.5416 -0.0484 -0.1143
v 0.1008 -0.0649 -0.0889
v -0.1225 -0.0582 -0.0825
v 0.0951 -0.0583 -0.0933
v 0.1141 -0.0662 -0.0850
v -0.0714 -0.0541 -0.0851
v -0.0558 -0.0589 -0.0860
v 0.6879 -0.0168 -0.0998
v -0.7329 -0.0104 -0.1070
v -0.6863 -0.0257 -0.0960
v -0.0677 -0.0390 -0.0924
v 0.0824 -0.0451 -0.0925
v -0.1505 -0.0379 -0.0954
v 0.2973 -0.0359 -0.0792
v -0.8328 -0.0345 -0.0739
v -0.0824 -0.0174 -0.0904
v 0.0812 -0.0231 -0.0940
v 0.1004 -0.0218 -0.0907
v 0.2889 -0.0252 -0.0897
v -0.2992 -0.0080 -0.0800
v -0.1177 -0.0056 -0.0834
v -0.0966 -0.0170 -0.0845
v 0.0960 -0.0153 -0.0833
v 0.1113 -0.0135 -0.0852
v 0.1487 -0.0156 -0.0801
v 0.2970 -0.0144 -0.0784
v -0.6318 0.0172 -0.0917
v 0.1533 -0.0050 -0.0885
v -0.0719 0.0044 -0.0877
v -0.5534 -0.0052 -0.0865
v 0.0792 0.0019 -0.0784
v -0.0561 0.0186 -0.0770
v -0.6235 0.0406 -0.0941
v 0.0501 0.0324 -0.0794
v -0.2539 0.0448 -0.0911
v 0.2574 0.0548 -0.0815
v 0.3182 0.0562 -0.0870
v -0.3206 0.0567 -0.0905
v -0.2634 0.0594 -0.0831
v -0.3154 0.0652 -0.0912
v 0.1254 0.0849 -0.0811
v 0.1368 0.0876 -0.0772
v 0.1195 0.0871 -0.0964
v -0.2115 0.1051 -0.0843
v 0.2199 0.1024 -0.0846
v -0.2155 0.1098 -0.0836
v -0.5828 0.1428 -0.0923
v -0.3900 0.1509 -0.0760
v -0.0003 0.1348 -0.0841
v 0.4254 0.1446 -0.0743
v 0.3953 0.1461 -0.0803
v -0.5606 0.2189 -0.0908
v 0.3487 0.1887 -0.0983
v 0.9012 0.2338 -0.0936
v -0.3039 0.2360 -0.0665
v -0.9326 0.2565 -0.0673
v 0.2231 0.2437 -0.0850
v -0.2236 0.2451 -0.0827
v 0.2278 0.2484 -0.0848
v 0.2360 0.2669 -0.0861
v -0.5534 0.2797 -0.0951
v 0.2437 0.2893 -0.0846
v 0.8596 0.3088 -0.0973
v -0.2390 0.3201 -0.0676
v -0.5602 0.3347 -0.0881
v -0.5825 0.3527 -0.0944
v -0.0738 0.3649 -0.0784
v 0.0281 0.3798 -0.0715
v 0.0988 0.3843 -0.0774
v 0.1275 0.3786 -0.0936
v -0.8001 0.3882 -0.0787
v -0.6898 0.4371 -0.0629
v 0.6179 0.4051 -0.0757
v -0.1137 -0.4034 -0.0857
v 0.1261 -0.4039 -0.0865
v -0.2678 -0.3623 -0.0860
v 0.0295 -0.3681 -0.0580
v -0.3960 -0.3430 -0.0702
v -0.4517 -0.3187 -0.0645
v -0.0260 -0.3020 -0.0833
v 0.4505 -0.3079 -0.0825
v -0.4894 -0.2638 -0.0726
v -0.3116 -0.2447 -0.0703
v 0.0435 -0.2669 -0.0692
v 0.2894 -0.2586 -0.0769
v -0.2901 -0.2448 -0.0824
v -0.2855 -0.2469 -0.0664
v 0.4777 -0.2463 -0.0904
v -0.3441 -0.2333 -0.0863
v -0.3076 -0.2411 -0.0873
v 0.3011 -0.2421 -0.0832
v 0.3300 -0.2349 -0.0804
v -0.3638 -0.2270 -0.0786
v 0.3383 -0.2317 -0.0767
v 0.4716 -0.2133 -0.0834
v -0.3915 -0.2195 -0.0807
v -0.3708 -0.2194 -0.0708
v -0.3493 -0.2187 -0.0874
v -0.0252 -0.2163 -0.0816
v 0.0311 -0.2196 -0.0701
v 0.3542 -0.2187 -0.0938
v -0.4341 -0.2036 -0.0746
v 0.0224 -0.2033 -0.0745
v 0.4395 -0.2030 -0.0729
v -0.0081 -0.1946 -0.0770
v 0.1105 -0.1872 -0.0764
v -0.3502 -0.1831 -0.0733
v 0.0037 -0.1893 -0.0768
v 0.5099 -0.1668 -0.0877
v -0.3388 -0.1733 -0.0631
v 0.1042 -0.1769 -0.0767
v -0.4954 -0.1689 -0.0928
v -0.3203 -0.1657 -0.0724
v 0.3293 -0.1662 -0.0620
v 0.3555 -0.1715 -0.0803
v 0.3443 -0.1692 -0.0686
v -0.3328 -0.1605 -0.0771
v -0.2824 -0.1568 -0.0723
v -0.0850 -0.1583 -0.0704
v 0.3099 -0.1574 -0.0742
v 0.2973 -0.1378 -0.0866
v -0.5722 -0.1066 -0.0708
v -0.2836 -0.1300 -0.0764
v -0.0597 -0.1272 -0.0805
v 0.0481 -0.1145 -0.0820
v 0.0673 -0.1227 -0.0782
v 0.3010 -0.1191 -0.0733
v -0.0651 -0.1048 -0.0769
v 0.0667 -0.1063 -0.0746
v 0.2983 -0.1110 -0.0770
v -0.0438 -0.1125 -0.0765
v 0.0033 -0.0993 -0.0576
v -0.0726 -0.0914 -0.0740
v 0.2994 -0.0974 -0.0813
v 0.0745 -0.0915 -0.0731
v -0.0775 -0.0771 -0.0753
v -0.1068 -0.0663 -0.0795
v -0.0722 -0.0738 -0.0831
v -0.0787 -0.0737 -0.0774
v -0.0587 -0.0700 -0.0842
v 0.0813 -0.0652 -0.0840
v 0.0831 -0.0748 -0.0771
v 0.6660 -0.0468 -0.0779
v 0.1379 -0.0432 -0.0692
v 0.5589 -0.0189 -0.0917
v 0.1031 -0.0185 -0.0830
v -0.2925 -0.0127 -0.0777
v -0.0822 -0.0079 -0.0829
v -0.2938 -0.0081 -0.0702
v -0.1461 -0.0060 -0.0862
v 0.6441 -0.0225 -0.0763
v -0.1289 -0.0043 -0.0763
v -0.0691 0.0182 -0.0794
v 0.5385 0.0260 -0.0792
v 0.8557 0.0431 -0.0986
v 0.0515 0.0186 -0.0797
v 0.0748 0.0197 -0.0889
v 0.6325 -0.0043 -0.0681
v 0.5035 0.0708 -0.0729
v -0.2526 0.0562 -0.0804
v 0.3040 0.0598 -0.0780
v 0.0478 0.0540 -0.0735
v 0.6129 0.0591 -0.0708
v 0.8795 0.0756 -0.0959
v -0.1259 0.0809 -0.0850
v -0.1385 0.0887 -0.0885
v -0.1278 0.0890 -0.0748
v -0.2167 0.0977 -0.0759
v -0.1297 0.0946 -0.0707
v -0.2220 0.1058 -0.0845
v -0.1391 0.0937 -0.0843
v -0.1317 0.0973 -0.0840
v 0.1410 0.0944 -0.0780
v 0.2319 0.1001 -0.0733
v -0.4556 0.1267 -0.0700
v -0.0111 0.1247 -0.0835
v -0.4263 0.1465 -0.0665
v 0.3875 0.1503 -0.0779
v 0.5858 0.1554 -0.0676
v 0.9331 0.2061 -0.0772
v -0.3764 0.1662 -0.0753
v 0.5783 0.1837 -0.0677
v 0.3052 0.2335 -0.0726
v -0.2702 0.2311 -0.0887
v -0.2415 0.2482 -0.0757
v 0.2383 0.2469 -0.0783
v -0.2298 0.2508 -0.0716
v 0.2285 0.2534 -0.0773
v 0.8924 0.2729 -0.0911
v -0.2417 0.3002 -0.0680
v 0.5475 0.2937 -0.0721
v 0.5576 0.3599 -0.0571
v -0.5885 0.3931 -0.0693
v -0.0878 0.3805 -0.0756
v 0.0553 0.3741 -0.0772
v -0.0499 0.3762 -0.0756
v 0.0931 0.3960 -0.0546
v -0.6525 0.4255 -0.0696
v 0.6937 0.4264 -0.0719
v 0.1719 -0.4158 -0.0729
v 0.2396 -0.3974 -0.0700
v -0.2334 -0.3944 -0.0740
v 0.0929 -0.4013 -0.0728
v 0.2754 -0.3629 -0.0846
v -0.3382 -0.3575 -0.0644
v 0.0190 -0.3519 -0.0508
v 0.4447 -0.3223 -0.0665
v 0.4861 -0.2643 -0.0792
v 0.0463 -0.2815 -0.0668
v -0.0334 -0.2564 -0.0753
v 0.2856 -0.2514 -0.0696
v 0.3070 -0.2429 -0.0634
v 0.3123 -0.2417 -0.0754
v 0.0274 -0.2295 -0.0639
v 0.3621 -0.2269 -0.0714
v 0.4772 -0.2082 -0.0740
v -0.3619 -0.2190 -0.0693
v -0.4235 -0.2102 -0.0665
v -0.4063 -0.2132 -0.0573
v -0.0271 -0.2116 -0.0771
v -0.0385 -0.2144 -0.0651
v 0.0365 -0.2118 -0.0691
v 0.4102 -0.2130 -0.0547
v 0.4372 -0.2096 -0.0589
v -0.4782 -0.2044 -0.0602
v 0.4725 -0.2036 -0.0661
v -0.0219 -0.2038 -0.0759
v 0.3549 -0.1858 -0.0773
v -0.2406 -0.1926 -0.0686
v -0.1015 -0.1813 -0.0758
v -0.0242 -0.1928 -0.0687
v -0.0184 -0.1955 -0.0652
v -0.0113 -0.1896 -0.0633
v 0.0289 -0.1958 -0.0661
v 0.1137 -0.1926 -0.0630
v 0.4682 -0.1913 -0.0749
v -0.3940 -0.1809 -0.0747
v -0.2501 -0.1864 -0.0743
v -0.1065 -0.1775 -0.0769
v -0.0976 -0.1827 -0.0602
v -0.0108 -0.1888 -0.0765
v 0.1150 -0.1739 -0.0606
v 0.3508 -0.1827 -0.0554
v 0.4292 -0.1906 -0.0753
v -0.4801 -0.1945 -0.0569
v -0.3632 -0.1783 -0.0707
v 0.1002 -0.1753 -0.0767
v 0.3682 -0.1784 -0.0748
v 0.3869 -0.1790 -0.0775
v -0.3103 -0.1652 -0.0553
v -0.1010 -0.1735 -0.0758
v -0.0941 -0.1676 -0.0748
v 0.0996 -0.1656 -0.0705
v -0.5231 -0.1686 -0.0610
v -0.3076 -0.1578 -0.0476
v -0.0904 -0.1573 -0.0723
v 0.2820 -0.1576 -0.0666
v -0.5528 -0.1408 -0.0649
v 0.2857 -0.1298 -0.0748
v 0.0638 -0.1220 -0.0778
v -0.2927 -0.1146 -0.0699
v -0.0622 -0.1196 -0.0653
v -0.0557 -0.1197 -0.0726
v 0.0547 -0.1183 -0.0741
v 0.2903 -0.1188 -0.0756
v -0.2874 -0.0970 -0.0675
v 0.2917 -0.0935 -0.0645
v 0.5832 -0.0836 -0.0710
v 0.2910 -0.0982 -0.0749
v 0.1366 -0.0794 -0.0691
v 0.1555 -0.0792 -0.0633
v -0.7295 -0.0669 -0.0786
v 0.0763 -0.0738 -0.0683
v 0.1314 -0.0750 -0.0667
v 0.7127 -0.0610 -0.0810
v -0.0804 -0.0708 -0.0648
v -0.7789 -0.0865 -0.0608
v 0.1159 -0.0653 -0.0566
v -0.6500 -0.0154 -0.0877
v -0.5930 -0.0655 -0.0548
v -0.1363 -0.0430 -0.0759
v 0.8041 -0.0241 -0.0904
v -0.1524 -0.0194 -0.0904
v 0.0850 -0.0177 -0.0674
v -0.5813 -0.0207 -0.0601
v 0.1227 -0.0035 -0.0801
v 0.1328 -0.0050 -0.0767
v 0.5660 0.0012 -0.0714
v -0.0694 0.0102 -0.0695
v -0.6191 0.0353 -0.0790
v -0.3026 0.0112 -0.0777
v 0.3001 0.0026 -0.0615
v -0.2921 0.0117 -0.0679
v -0.3095 0.0245 -0.0796
v 0.0542 0.0195 -0.0698
v -0.2767 0.0242 -0.0768
v 0.3143 0.0375 -0.0577
v -0.2694 0.0443 -0.0747
v -0.0437 0.0317 -0.0914
v 0.2720 0.0468 -0.0748
v -0.2561 0.0552 -0.0681
v 0.2631 0.0540 -0.0656
v -0.3022 0.0570 -0.0724
v 0.2697 0.0597 -0.0782
v -0.0296 0.0873 -0.0925
v 0.1306 0.0899 -0.0683
v 0.1363 0.0891 -0.0631
v 0.1446 0.0887 -0.0655
v 0.2156 0.0947 -0.0654
v -0.2087 0.1035 -0.0647
v 0.1327 0.0948 -0.0730
v 0.6047 0.0910 -0.0708
v 0.2154 0.1036 -0.0830
v 0.2237 0.1094 -0.0840
v 0.0322 0.1131 -0.0610
v -0.0050 0.1332 -0.0695
v 0.4403 0.1396 -0.0659
v 0.9103 0.1346 -0.0898
v -0.9441 0.1099 -0.0622
v 0.0006 0.1404 -0.0762
v -0.4057 0.1632 -0.0553
v -0.5767 0.1802 -0.0707
v 0.3744 0.1790 -0.0641
v 0.3268 0.2318 -0.0538
v -0.3298 0.2201 -0.0671
v -0.9494 0.2273 -0.0597
v 0.2508 0.2583 -0.0482
v -0.5524 0.2585 -0.0810
v -0.2368 0.2745 -0.0675
v 0.2443 0.3139 -0.0761
v 0.8845 0.3408 -0.0691
v -0.8997 0.3399 -0.0572
v 0.5489 0.3188 -0.0605
v -0.5684 0.3753 -0.0657
v -0.0748 0.3748 -0.0697
v -0.0315 0.3937 -0.0593
v 0.0187 0.3967 -0.0557
v 0.0647 0.3825 -0.0672
v 0.8154 0.3848 -0.0767
v 0.5763 0.3865 -0.0603
v 0.7727 0.4183 -0.0659
v -0.7551 0.4257 -0.0628
v 0.6610 0.4266 -0.0696
v -0.1477 -0.4210 -0.0683
v -0.1983 -0.4084 -0.0723
v -0.0832 -0.4010 -0.0669
v 0.0699 -0.3948 -0.0502
v -0.0256 -0.3606 -0.0717
v 0.3503 -0.3563 -0.0630
v 0.0278 -0.3130 -0.0627
v 0.4691 -0.2993 -0.0638
v 0.0158 -0.3073 -0.0614
v 0.0433 -0.2894 -0.0648
v -0.0468 -0.2773 -0.0610
v -0.5010 -0.2705 -0.0444
v -0.0260 -0.2449 -0.0635
v -0.2867 -0.2491 -0.0613
v 0.2907 -0.2473 -0.0599
v -0.5080 -0.2476 -0.0534
v -0.2940 -0.2411 -0.0619
v -0.0244 -0.2252 -0.0663
v 0.2907 -0.2423 -0.0644
v 0.2990 -0.2420 -0.0603
v 0.5028 -0.2403 -0.0645
v -0.3568 -0.2270 -0.0585
v -0.3484 -0.2257 -0.0469
v 0.3517 -0.2240 -0.0598
v 0.3561 -0.2262 -0.0556
v 0.0301 -0.2216 -0.0572
v 0.3584 -0.2188 -0.0641
v 0.3606 -0.2187 -0.0536
v 0.3846 -0.2189 -0.0491
v -0.4958 -0.2228 -0.0581
v -0.3611 -0.2109 -0.0580
v 0.0450 -0.2135 -0.0650
v -0.4692 -0.2032 -0.0579
v -0.4469 -0.2041 -0.0547
v -0.2271 -0.2075 -0.0583
v -0.1130 -0.2027 -0.0609
v 0.0309 -0.2123 -0.0576
v -0.2458 -0.1995 -0.0574
v 0.2475 -0.1928 -0.0644
v -0.4589 -0.1935 -0.0708
v -0.4358 -0.1932 -0.0722
v -0.4329 -0.1992 -0.0588
v -0.3539 -0.1897 -0.0617
v -0.2462 -0.1873 -0.0665
v -0.1093 -0.1956 -0.0626
v 0.0201 -0.1936 -0.0563
v 0.0169 -0.1897 -0.0648
v 0.0251 -0.1850 -0.0575
v 0.2394 -0.1971 -0.0680
v 0.2524 -0.1869 -0.0569
v 0.4527 -0.1969 -0.0609
v 0.4792 -0.1946 -0.0603
v -0.3468 -0.1843 -0.0560
v 0.0244 -0.1887 -0.0719
v 0.2586 -0.1795 -0.0668
v 0.3475 -0.1763 -0.0752
v 0.4076 -0.1834 -0.0601
v -0.3328 -0.1743 -0.0581
v 0.0968 -0.1711 -0.0692
v 0.3658 -0.1806 -0.0547
v -0.3232 -0.1635 -0.0584
v -0.0925 -0.1860 -0.0522
v 0.3149 -0.1643 -0.0593
v 0.3332 -0.1686 -0.0544
v 0.3623 -0.1742 -0.0625
v -0.3338 -0.1665 -0.0641
v 0.0899 -0.1599 -0.0611
v 0.3127 -0.1579 -0.0473
v -0.0925 -0.1588 -0.0634
v -0.0856 -0.1450 -0.0561
v 0.0933 -0.1543 -0.0664
v 0.5542 -0.1413 -0.0671
v -0.2979 -0.1351 -0.0649
v -0.2718 -0.1461 -0.0648
v -0.2789 -0.1232 -0.0571
v 0.0673 -0.1209 -0.0670
v 0.2915 -0.1228 -0.0564
v 0.5806 -0.1148 -0.0579
v -0.2910 -0.1126 -0.0615
v 0.2905 -0.1161 -0.0621
v -0.2856 -0.1182 -0.0688
v 0.0512 -0.1111 -0.0634
v -0.0630 -0.1049 -0.0684
v -0.0557 -0.1125 -0.0578
v 0.0812 -0.1160 -0.0576
v -0.0637 -0.0837 -0.0620
v 0.0686 -0.0825 -0.0615
v 0.6910 -0.0794 -0.0658
v -0.6656 -0.0572 -0.0713
v -0.0625 -0.0688 -0.0619
v 0.1531 -0.0749 -0.0639
v 0.0679 -0.0641 -0.0586
v 0.0832 -0.0692 -0.0630
v -0.0718 -0.0642 -0.0585
v 0.1244 -0.0670 -0.0436
v -0.6383 -0.0207 -0.0711
v 0.6482 -0.0512 -0.0534
v -0.1298 -0.0126 -0.0695
v 0.1114 -0.0194 -0.0660
v -0.1074 -0.0202 -0.0627
v 0.0702 -0.0128 -0.0510
v -0.2935 -0.0097 -0.0436
v -0.0482 0.0192 -0.0783
v 0.3047 0.0121 -0.0429
v 0.0548 0.0081 -0.0384
v -0.2730 0.0451 -0.0640
v 0.5196 0.0506 -0.0620
v -0.3073 0.0479 -0.0698
v 0.2767 0.0475 -0.0642
v -0.5155 0.0534 -0.0572
v 0.9198 0.0910 -0.0753
v -0.2607 0.0572 -0.0692
v -0.5963 0.0719 -0.0613
v 0.6054 0.0720 -0.0625
v -0.4972 0.0727 -0.0653
v 0.6059 0.0780 -0.0567
v -0.9240 0.0824 -0.0700
v -0.6022 0.0888 -0.0612
v -0.2092 0.0915 -0.0563
v -0.1350 0.0990 -0.0567
v 0.1548 0.0961 -0.0567
v 0.2417 0.1083 -0.0536
v -0.5943 0.1116 -0.0636
v -0.2292 0.1122 -0.0700
v 0.2358 0.1117 -0.0659
v 0.5960 0.1240 -0.0659
v 0.0005 0.1405 -0.0620
v 0.5883 0.1444 -0.0643
v -0.5820 0.1543 -0.0667
v -0.3489 0.2123 -0.0431
v -0.5624 0.2469 -0.0570
v 0.2293 0.2608 -0.0631
v 0.2399 0.2616 -0.0512
v -0.2230 0.2601 -0.0660
v 0.5651 0.2378 -0.0632
v 0.5600 0.2878 -0.0472
v 0.2479 0.3021 -0.0588
v -0.5453 0.2944 -0.0700
v -0.2515 0.3131 -0.0346
v -0.5450 0.3195 -0.0702
v 0.8496 0.3664 -0.0731
v 0.0716 0.3723 -0.0705
v -0.8545 0.3851 -0.0562
v 0.0825 0.3765 -0.0698
v 0.1369 0.3919 -0.0704
v -0.0879 0.3945 -0.0555
v -0.8214 0.4253 -0.0391
v -0.6292 0.4313 -0.0518
v -0.2123 -0.4174 -0.0486
v 0.0902 -0.4141 -0.0482
v -0.0414 -0.3800 -0.0557
v 0.0421 -0.3805 -0.0548
v -0.3063 -0.3708 -0.0615
v -0.0202 -0.3371 -0.0651
v 0.4166 -0.3392 -0.0661
v -0.4258 -0.3336 -0.0615
v 0.0195 -0.3331 -0.0492
v -0.0224 -0.3150 -0.0584
v 0.0226 -0.3178 -0.0471
v 0.0070 -0.3149 -0.0512
v 0.0115 -0.3156 -0.0545
v 0.0207 -0.3045 -0.0596
v 0.0240 -0.3086 -0.0488
v -0.0164 -0.3018 -0.0480
v -0.0112 -0.3080 -0.0600
v 0.0160 -0.2969 -0.0547
v 0.0303 -0.3018 -0.0466
v 0.0472 -0.2874 -0.0325
v 0.0511 -0.2799 -0.0406
v 0.0289 -0.2584 -0.0419
v -0.0144 -0.2417 -0.0530
v -0.2910 -0.2349 -0.0588
v -0.2878 -0.2357 -0.0477
v -0.0170 -0.2289 -0.0559
v 0.3012 -0.2347 -0.0536
v 0.2921 -0.2354 -0.0590
v -0.3908 -0.2195 -0.0423
v -0.0243 -0.2222 -0.0579
v -0.0006 -0.2136 -0.0537
v 0.3615 -0.2190 -0.0415
v -0.4365 -0.2119 -0.0536
v -0.3573 -0.2186 -0.0597
v -0.2325 -0.2086 -0.0603
v 0.2375 -0.2091 -0.0612
v 0.3613 -0.2112 -0.0789
v 0.3666 -0.2095 -0.0559
v -0.0268 -0.2116 -0.0591
v 0.0179 -0.2065 -0.0632
v 0.2420 -0.2090 -0.0510
v 0.4740 -0.2040 -0.0517
v -0.0045 -0.2045 -0.0624
v 0.0097 -0.2012 -0.0537
v 0.0929 -0.1927 -0.0532
v 0.1057 -0.1927 -0.0559
v 0.1264 -0.2028 -0.0502
v 0.4518 -0.2029 -0.0537
v -0.4722 -0.1974 -0.0515
v -0.2268 -0.2011 -0.0511
v -0.0874 -0.1953 -0.0525
v 0.0152 -0.1845 -0.0526
v 0.0205 -0.1882 -0.0498
v 0.0991 -0.1863 -0.0549
v 0.2494 -0.1988 -0.0398
v -0.2545 -0.1852 -0.0501
v -0.2536 -0.1798 -0.0589
v -0.1103 -0.1737 -0.0586
v -0.0184 -0.1885 -0.0581
v 0.2590 -0.1809 -0.0497
v -0.3947 -0.1795 -0.0571
v -0.3591 -0.1735 -0.0762
v 0.2612 -0.1692 -0.0533
v 0.2665 -0.1726 -0.0497
v 0.5442 -0.1610 -0.0459
v -0.2722 -0.1628 -0.0577
v -0.2639 -0.1655 -0.0543
v -0.2660 -0.1693 -0.0591
v 0.2694 -0.1660 -0.0528
v -0.2992 -0.1576 -0.0331
v -0.2855 -0.1556 -0.0526
v 0.2902 -0.1565 -0.0548
v -0.2690 -0.1569 -0.0534
v -0.0925 -0.1495 -0.0536
v 0.2886 -0.1499 -0.0424
v 0.3167 -0.1517 -0.0621
v -0.2695 -0.1358 -0.0394
v -0.0885 -0.1446 -0.0603
v 0.0910 -0.1392 -0.0537
v 0.2805 -0.1395 -0.0669
v 0.2977 -0.1411 -0.0551
v -0.5652 -0.1409 -0.0418
v -0.0747 -0.1318 -0.0602
v 0.2830 -0.1268 -0.0602
v -0.2848 -0.1139 -0.0531
v -0.0726 -0.1174 -0.0594
v 0.2832 -0.1139 -0.0593
v 0.7535 -0.0703 -0.0756
v -0.0645 -0.0936 -0.0536
v 0.0693 -0.0925 -0.0539
v 0.1302 -0.0802 -0.0641
v -0.0555 -0.0764 -0.0536
v 0.0637 -0.0800 -0.0521
v -0.1107 -0.0666 -0.0547
v -0.0806 -0.0691 -0.0534
v 0.0856 -0.0682 -0.0531
v -0.1288 -0.0540 -0.0567
v -0.0671 -0.0516 -0.0481
v 0.0626 -0.0711 -0.0579
v 0.0765 -0.0631 -0.0534
v 0.1372 -0.0469 -0.0477
v 0.1370 -0.0223 -0.0675
v -0.0811 -0.0197 -0.0632
v 0.0836 -0.0225 -0.0578
v 0.0743 -0.0220 -0.0527
v -0.6148 0.0447 -0.0633
v -0.0656 0.0032 -0.0573
v -0.2995 0.0051 -0.0584
v 0.2990 0.0070 -0.0591
v 0.0671 0.0096 -0.0620
v 0.5578 0.0251 -0.0535
v 0.6346 -0.0072 -0.0509
v -0.5612 0.0115 -0.0620
v 0.2744 0.0553 -0.0521
v 0.3002 0.0550 -0.0572
v -0.5979 0.0658 -0.0595
v -0.2700 0.0576 -0.0555
v 0.2878 0.0572 -0.0607
v 0.6046 0.0652 -0.0581
v 0.6143 0.0563 -0.0590
v 0.5866 0.0759 -0.0528
v 0.6110 0.0711 -0.0598
v -0.6054 0.0740 -0.0631
v 0.6090 0.0719 -0.0547
v -0.1382 0.0894 -0.0683
v -0.1322 0.0890 -0.0587
v 0.2148 0.0869 -0.0501
v 0.5953 0.0924 -0.0561
v -0.5982 0.1004 -0.0568
v -0.5925 0.0833 -0.0540
v -0.5782 0.0976 -0.0497
v -0.2299 0.0960 -0.0611
v -0.2031 0.0958 -0.0483
v 0.2238 0.0907 -0.0487
v -0.2397 0.1070 -0.0579
v -0.1425 0.1035 -0.0577
v 0.6044 0.1016 -0.0598
v 0.6025 0.1037 -0.0552
v -0.0248 0.1186 -0.0605
v 0.1468 0.1034 -0.0556
v 0.1549 0.1052 -0.0547
v 0.5984 0.1037 -0.0613
v -0.2366 0.1091 -0.0525
v -0.5900 0.1344 -0.0634
v -0.4544 0.1229 -0.0475
v 0.5713 0.1131 -0.0449
v 0.5666 0.1405 -0.0447
v -0.5695 0.1928 -0.0602
v 0.5645 0.1717 -0.0457
v -0.9723 0.1537 -0.0461
v 0.3551 0.2133 -0.0398
v -0.5685 0.2142 -0.0656
v 0.5652 0.2008 -0.0479
v 0.2974 0.2503 -0.0444
v -0.2313 0.2586 -0.0556
v 0.2362 0.2662 -0.0563
v 0.5641 0.2437 -0.0478
v -0.2304 0.2680 -0.0568
v 0.2436 0.2758 -0.0559
v -0.9621 0.2791 -0.0355
v -0.2410 0.2755 -0.0525
v 0.2221 0.3441 -0.0776
v -0.5554 0.3593 -0.0574
v 0.2053 0.3615 -0.0646
v 0.1830 0.3871 -0.0352
v -0.1336 0.3930 -0.0664
v 0.8154 0.4251 -0.0419
v -0.6672 0.4459 -0.0487
v 0.6893 0.4470 -0.0514
v 0.1413 -0.4239 -0.0623
v 0.2226 -0.4162 -0.0464
v 0.2607 -0.4048 -0.0477
v -0.2484 -0.4072 -0.0471
v -0.0427 -0.3889 -0.0476
v 0.0247 -0.3773 -0.0492
v 0.0526 -0.3900 -0.0470
v 0.3180 -0.3714 -0.0566
v -0.4010 -0.3427 -0.0325
v -0.4520 -0.3256 -0.0524
v -0.4250 -0.3337 -0.0437
v 0.0226 -0.3358 -0.0404
v -0.4479 -0.3237 -0.0473
v -0.0081 -0.3158 -0.0484
v 0.0184 -0.3196 -0.0435
v -0.4586 -0.3143 -0.0483
v 0.0093 -0.3161 -0.0473
v -0.0253 -0.2992 -0.0443
v -0.0355 -0.2932 -0.0556
v -0.0455 -0.2812 -0.0480
v 0.0214 -0.2964 -0.0476
v 0.5087 -0.2622 -0.0496
v -0.5091 -0.2532 -0.0411
v 0.0218 -0.2460 -0.0514
v 0.5061 -0.2362 -0.0494
v -0.5063 -0.2404 -0.0402
v -0.2322 -0.2408 -0.0425
v 0.2377 -0.2351 -0.0518
v 0.2868 -0.2355 -0.0484
v -0.2310 -0.2208 -0.0529
v 0.0216 -0.2286 -0.0552
v 0.2359 -0.2199 -0.0528
v 0.2523 -0.2319 -0.0408
v 0.2981 -0.2341 -0.0458
v -0.4386 -0.2233 -0.0406
v -0.4297 -0.2236 -0.0388
v -0.4087 -0.2207 -0.0467
v -0.4025 -0.2196 -0.0393
v -0.3544 -0.2192 -0.0420
v -0.3461 -0.2206 -0.0499
v -0.2186 -0.2165 -0.0478
v -0.0132 -0.2206 -0.0481
v 0.2531 -0.2195 -0.0383
v 0.4101 -0.2196 -0.0453
v 0.4263 -0.2191 -0.0477
v 0.4447 -0.2220 -0.0427
v 0.4950 -0.2217 -0.0494
v -0.4946 -0.2220 -0.0442
v -0.4704 -0.2117 -0.0421
v -0.2199 -0.2087 -0.0452
v -0.1243 -0.2063 -0.0462
v -0.1170 -0.2138 -0.0420
v -0.0232 -0.2058 -0.0479
v -0.0078 -0.2093 -0.0437
v 0.0033 -0.2077 -0.0509
v 0.1200 -0.2077 -0.0576
v 0.4536 -0.2159 -0.0420
v 0.4821 -0.2049 -0.0539
v -0.4707 -0.2029 -0.0460
v -0.0939 -0.2017 -0.0444
v -0.1034 -0.1986 -0.0489
v 0.2213 -0.2117 -0.0512
v -0.4547 -0.2001 -0.0492
v -0.4191 -0.2008 -0.0482
v -0.3549 -0.1960 -0.0378
v 0.0199 -0.2005 -0.0442
v 0.0946 -0.1989 -0.0447
v 0.1068 -0.2004 -0.0428
v 0.2334 -0.1991 -0.0546
v 0.3599 -0.1910 -0.0546
v 0.4238 -0.2041 -0.0469
v 0.4807 -0.1970 -0.0458
v -0.4025 -0.1879 -0.0493
v -0.2478 -0.1891 -0.0509
v -0.2327 -0.1908 -0.0403
v 0.2525 -0.1891 -0.0345
v -0.2437 -0.1859 -0.0512
v 0.1324 -0.1895 -0.0450
v 0.2549 -0.1794 -0.0480
v -0.3650 -0.1795 -0.0490
v -0.3314 -0.1729 -0.0438
v 0.2604 -0.1709 -0.0451
v 0.3366 -0.1725 -0.0529
v 0.3383 -0.1785 -0.0370
v -0.1017 -0.1569 -0.0534
v 0.2675 -0.1638 -0.0420
v 0.3152 -0.1646 -0.0423
v -0.3110 -0.1602 -0.0408
v -0.2736 -0.1562 -0.0452
v 0.0930 -0.1450 -0.0482
v 0.2674 -0.1520 -0.0577
v 0.3269 -0.1643 -0.0445
v -0.3055 -0.1496 -0.0509
v 0.1075 -0.1550 -0.0498
v 0.2780 -0.1585 -0.0541
v 0.3083 -0.1515 -0.0451
v -0.0808 -0.1376 -0.0454
v 0.2916 -0.1374 -0.0453
v 0.2751 -0.1340 -0.0464
v 0.2828 -0.1249 -0.0462
v -0.2818 -0.1082 -0.0460
v 0.0325 -0.1046 -0.0412
v 0.2879 -0.1100 -0.0471
v -0.5878 -0.1160 -0.0300
v 0.2896 -0.1015 -0.0552
v 0.7864 -0.0827 -0.0626
v 0.0834 -0.0897 -0.0414
v -0.6010 -0.0812 -0.0246
v -0.0882 -0.0778 -0.0417
v 0.1171 -0.0800 -0.0334
v -0.1225 -0.0707 -0.0393
v 0.1298 -0.0650 -0.0363
v 0.4842 -0.0578 -0.0452
v 0.0569 -0.0679 -0.0425
v -0.6042 -0.0616 -0.0190
v -0.1334 -0.0361 -0.0618
v 0.4885 -0.0557 -0.0428
v 0.0754 -0.0357 -0.0466
v -0.0691 -0.0333 -0.0483
v 0.0610 -0.0454 -0.0445
v 0.1265 -0.0322 -0.0465
v 0.1182 -0.0278 -0.0526
v 0.0665 -0.0033 -0.0451
v -0.0489 0.0175 -0.0517
v 0.6356 0.0186 -0.0314
v -0.2907 0.0381 -0.0439
v -0.2979 0.0569 -0.0532
v -0.0477 0.0768 -0.0508
v 0.2998 0.0650 -0.0284
v 0.6124 0.0654 -0.0502
v -0.6075 0.0671 -0.0554
v -0.6068 0.0855 -0.0544
v 0.1783 0.0818 -0.0412
v 0.9516 0.1283 -0.0616
v -0.2170 0.0896 -0.0514
v -0.2095 0.0824 -0.0396
v -0.1986 0.0840 -0.0419
v -0.1575 0.0889 -0.0312
v 0.1673 0.0873 -0.0387
v -0.1408 0.0963 -0.0647
v -0.1544 0.0956 -0.0319
v -0.1556 0.1032 -0.0514
v 0.2357 0.1041 -0.0475
v 0.0469 0.0999 -0.0439
v 0.2138 0.1023 -0.0477
v 0.4602 0.1236 -0.0605
v -0.2168 0.1104 -0.0467
v 0.2241 0.1111 -0.0472
v 0.0250 0.1305 -0.0457
v -0.5679 0.1450 -0.0508
v 0.0088 0.1444 -0.0278
v -0.5622 0.1781 -0.0472
v 0.3966 0.1741 -0.0487
v -0.3873 0.1873 -0.0316
v 0.9503 0.1709 -0.0653
v 0.9619 0.2405 -0.0505
v -0.5575 0.2796 -0.0484
v -0.2439 0.2611 -0.0435
v 0.2486 0.2793 -0.0437
v -0.2483 0.2732 -0.0382
v 0.9188 0.3246 -0.0548
v -0.5467 0.3223 -0.0565
v -0.2502 0.3302 -0.0179
v 0.5599 0.3609 -0.0411
v -0.9067 0.3578 -0.0404
v -0.8831 0.3918 -0.0304
v 0.8543 0.4049 -0.0415
v -0.1563 0.3891 -0.0532
v -0.0378 0.4035 -0.0446
v 0.0188 0.4048 -0.0418
v 0.7384 0.4330 -0.0606
v -0.7446 0.4535 -0.0364
v 0.1135 -0.4227 -0.0531
v 0.2016 -0.4265 -0.0396
v -0.0730 -0.4132 -0.0391
v -0.0655 -0.3956 -0.0500
v -0.0165 -0.3991 -0.0429
v 0.0219 -0.3964 -0.0453
v 0.0017 -0.3922 -0.0392
v -0.0222 -0.3800 -0.0487
v -0.0229 -0.3699 -0.0519
v -0.0129 -0.3596 -0.0417
v 0.0134 -0.3685 -0.0402
v 0.0135 -0.3641 -0.0313
v -0.3754 -0.3511 -0.0405
v 0.3892 -0.3480 -0.0399
v -0.4247 -0.3364 -0.0319
v 0.4096 -0.3394 -0.0378
v -0.4349 -0.3336 -0.0394
v -0.0155 -0.3137 -0.0493
v -0.0045 -0.3374 -0.0305
v 0.0114 -0.3292 -0.0405
v 0.4359 -0.3310 -0.0414
v 0.0053 -0.3177 -0.0378
v -0.4689 -0.3151 -0.0377
v 0.0144 -0.2958 -0.0277
v 0.0396 -0.2941 -0.0320
v -0.4849 -0.2884 -0.0371
v 0.5142 -0.2546 -0.0410
v -0.0246 -0.2525 -0.0494
v -0.0213 -0.2554 -0.0396
v 0.0244 -0.2577 -0.0346
v -0.2411 -0.2437 -0.0385
v 0.2395 -0.2435 -0.0399
v -0.4365 -0.2345 -0.0378
v -0.2613 -0.2326 -0.0360
v 0.2291 -0.2313 -0.0364
v 0.2650 -0.2333 -0.0357
v 0.4569 -0.2347 -0.0324
v -0.4500 -0.2336 -0.0344
v -0.4112 -0.2275 -0.0419
v 0.4162 -0.2271 -0.0418
v 0.4351 -0.2244 -0.0394
v 0.5004 -0.2293 -0.0400
v -0.2657 -0.2230 -0.0385
v -0.2514 -0.2164 -0.0383
v -0.2411 -0.2411 -0.0433
v -0.2199 -0.2210 -0.0387
v -0.2082 -0.2162 -0.0427
v 0.4708 -0.2241 -0.0372
v -0.1324 -0.2062 -0.0394
v -0.0163 -0.2074 -0.0435
v 0.0194 -0.2157 -0.0461
v 0.1190 -0.2140 -0.0418
v 0.3610 -0.2113 -0.0413
v 0.4760 -0.2119 -0.0426
v -0.4485 -0.2049 -0.0445
v -0.4096 -0.2111 -0.0389
v -0.3576 -0.2098 -0.0393
v -0.1803 -0.2036 -0.0379
v 0.0184 -0.2033 -0.0364
v 0.1354 -0.2087 -0.0389
v 0.1976 -0.2025 -0.0371
v 0.4550 -0.2045 -0.0438
v -0.4701 -0.2068 -0.0308
v -0.4046 -0.2010 -0.0417
v -0.1972 -0.2016 -0.0382
v -0.0174 -0.1998 -0.0454
v 0.1577 -0.1972 -0.0369
v 0.4073 -0.1905 -0.0485
v -0.4792 -0.1983 -0.0380
v -0.0964 -0.1963 -0.0385
v -0.0039 -0.1828 -0.0398
v 0.1849 -0.1898 -0.0378
v 0.2439 -0.1867 -0.0465
v 0.0068 -0.1842 -0.0404
v -0.3594 -0.1734 -0.0446
v -0.3503 -0.1869 -0.0322
v -0.1031 -0.1825 -0.0253
v 0.0025 -0.1732 -0.0380
v 0.0987 -0.1624 -0.0547
v 0.2550 -0.1775 -0.0368
v -0.3403 -0.1725 -0.0534
v -0.3235 -0.1671 -0.0386
v -0.3311 -0.1663 -0.0511
v -0.3153 -0.1652 -0.0382
v -0.2665 -0.1637 -0.0394
v -0.1277 -0.1767 -0.0451
v 0.1475 -0.1684 -0.0370
v 0.3226 -0.1659 -0.0380
v -0.2606 -0.1639 -0.0341
v -0.0954 -0.1588 -0.0240
v 0.2778 -0.1553 -0.0352
v 0.2943 -0.1582 -0.0286
v 0.3051 -0.1552 -0.0314
v -0.2827 -0.1515 -0.0400
v -0.2630 -0.1528 -0.0435
v 0.1264 -0.1703 -0.0468
v -0.2847 -0.1417 -0.0400
v -0.0934 -0.1367 -0.0502
v 0.2317 -0.1438 -0.0382
v 0.0785 -0.1295 -0.0485
v -0.2782 -0.1222 -0.0440
v -0.2724 -0.1192 -0.0325
v -0.2764 -0.1175 -0.0405
v 0.1178 -0.1302 -0.0359
v -0.6959 -0.0842 -0.0637
v 0.2764 -0.1211 -0.0429
v -0.0300 -0.1051 -0.0325
v -0.0101 -0.1025 -0.0311
v 0.2829 -0.1054 -0.0401
v -0.0740 -0.0858 -0.0390
v 0.0686 -0.0803 -0.0392
v -0.0539 -0.0689 -0.0411
v 0.8609 -0.0365 -0.0599
v -0.8696 -0.0340 -0.0543
v -0.0529 -0.0571 -0.0445
v 0.5916 -0.0505 -0.0619
v -0.0599 -0.0373 -0.0460
v 0.1295 -0.0471 -0.0352
v 0.4835 -0.0483 -0.0394
v 0.6547 -0.0738 -0.0291
v 0.0729 -0.0472 -0.0467
v -0.0763 -0.0404 -0.0412
v 0.4894 -0.0367 -0.0416
v -0.1218 -0.0328 -0.0478
v 0.9097 -0.0001 -0.0503
v -0.6324 -0.0145 -0.0539
v -0.0636 -0.0157 -0.0446
v 0.0646 -0.0205 -0.0389
v -0.2932 0.0027 -0.0235
v -0.0608 -0.0010 -0.0406
v 0.3004 -0.0003 -0.0311
v 0.2977 0.0202 -0.0588
v -0.2942 0.0188 -0.0368
v -0.0457 0.0359 -0.0539
v -0.3079 0.0396 -0.0471
v 0.5469 0.0488 -0.0337
v -0.6168 0.0499 -0.0440
v -0.5443 0.0527 -0.0284
v 0.2857 0.0484 -0.0441
v 0.3156 0.0475 -0.0224
v -0.2702 0.0534 -0.0484
v 0.2762 0.0580 -0.0430
v 0.6250 0.0427 -0.0351
v 0.5950 0.0640 -0.0411
v -0.5851 0.0741 -0.0533
v -0.5171 0.0790 -0.0201
v -0.2726 0.0653 -0.0450
v 0.2763 0.0653 -0.0406
v 0.5844 0.0640 -0.0180
v -0.1767 0.0839 -0.0379
v -0.1701 0.0790 -0.0362
v -0.1921 0.0819 -0.0350
v 0.1533 0.0890 -0.0427
v 0.1719 0.0934 -0.0430
v 0.2029 0.0862 -0.0424
v 0.2152 0.0824 -0.0380
v 0.5665 0.0850 -0.0327
v -0.2210 0.0946 -0.0445
v -0.1921 0.0942 -0.0315
v -0.1651 0.0893 -0.0409
v 0.1824 0.0950 -0.0323
v 0.2091 0.0961 -0.0479
v 0.2207 0.0995 -0.0450
v 0.2124 0.0935 -0.0335
v -0.2067 0.0975 -0.0433
v 0.1507 0.0958 -0.0434
v 0.1709 0.1047 -0.0366
v -0.1524 0.1048 -0.0439
v 0.1539 0.1030 -0.0457
v 0.4452 0.1374 -0.0379
v -0.4728 0.1045 -0.0193
v -0.0148 0.1327 -0.0509
v 0.4157 0.1617 -0.0482
v 0.5682 0.1704 -0.0372
v -0.5624 0.2306 -0.0395
v -0.5565 0.2686 -0.0389
v -0.2619 0.2649 -0.0327
v 0.2536 0.2699 -0.0337
v 0.5633 0.2401 -0.0366
v -0.5587 0.2930 -0.0395
v 0.5595 0.2770 -0.0367
v 0.2500 0.3204 -0.0481
v -0.5560 0.3253 -0.0372
v 0.5607 0.3094 -0.0352
v -0.9470 0.3148 -0.0315
v 0.5611 0.3273 -0.0313
v 0.1481 0.3962 -0.0422
v 0.5673 0.3828 -0.0387
v -0.1014 0.4015 -0.0422
v -0.6040 0.4260 -0.0349
v 0.5992 0.4209 -0.0329
v 0.7594 0.4563 -0.0301
v 0.6316 0.4353 -0.0459
v -0.2001 -0.4278 -0.0377
v 0.1965 -0.4507 -0.0279
v 0.2216 -0.4314 -0.0387
v 0.2614 -0.4303 -0.0306
v -0.1596 -0.4317 -0.0386
v 0.1591 -0.4346 -0.0330
v -0.2431 -0.4385 -0.0303
v -0.2212 -0.4217 -0.0417
v -0.2815 -0.4051 -0.0401
v -0.0441 -0.4071 -0.0352
v 0.0637 -0.4162 -0.0305
v 0.2959 -0.3940 -0.0434
v 0.0087 -0.4044 -0.0271
v 0.0368 -0.4138 -0.0208
v -0.3381 -0.3685 -0.0435
v -0.0002 -0.3756 -0.0378
v 0.0062 -0.3706 -0.0262
v 0.3673 -0.3562 -0.0414
v 0.3791 -0.3566 -0.0357
v -0.3930 -0.3575 -0.0307
v 0.0222 -0.3541 -0.0260
v -0.0162 -0.3343 -0.0355
v 0.4573 -0.3176 -0.0440
v 0.0007 -0.3206 -0.0371
v 0.0059 -0.3323 -0.0290
v -0.0254 -0.2965 -0.0255
v -0.4920 -0.2899 -0.0251
v -0.0112 -0.2955 -0.0440
v 0.4938 -0.2814 -0.0341
v -0.4910 -0.2785 -0.0302
v -0.0318 -0.2595 -0.0381
v 0.0378 -0.2571 -0.0319
v -0.0386 -0.2522 -0.0293
v 0.5094 -0.2504 -0.0342
v -0.0326 -0.2566 -0.0289
v -0.5019 -0.2571 -0.0319
v -0.4796 -0.2423 -0.0275
v -0.2246 -0.2360 -0.0261
v 0.2411 -0.2378 -0.0251
v 0.4393 -0.2342 -0.0368
v 0.4711 -0.2394 -0.0292
v 0.4868 -0.2406 -0.0292
v -0.4687 -0.2328 -0.0318
v -0.2729 -0.2246 -0.0343
v 0.1121 -0.2228 -0.0331
v 0.2677 -0.2271 -0.0322
v -0.4420 -0.2136 -0.0378
v -0.4372 -0.2318 -0.0316
v -0.2646 -0.2210 -0.0330
v -0.2536 -0.2185 -0.0305
v -0.2228 -0.2131 -0.0377
v -0.1620 -0.2164 -0.0279
v -0.1474 -0.2246 -0.0257
v -0.1081 -0.2222 -0.0329
v 0.2217 -0.2163 -0.0407
v 0.2371 -0.2252 -0.0238
v 0.2718 -0.2215 -0.0367
v 0.3895 -0.2177 -0.0389
v 0.4048 -0.2173 -0.0382
v 0.4192 -0.2159 -0.0381
v 0.4442 -0.2138 -0.0379
v -0.3925 -0.2081 -0.0361
v -0.3651 -0.2107 -0.0258
v 0.1569 -0.2133 -0.0317
v 0.2276 -0.2094 -0.0365
v 0.2577 -0.2177 -0.0311
v -0.3555 -0.2100 -0.0281
v -0.1957 -0.2030 -0.0272
v -0.1771 -0.2086 -0.0311
v -0.0942 -0.2075 -0.0318
v -0.0089 -0.1967 -0.0266
v -0.0012 -0.1985 -0.0277
v 0.0076 -0.1984 -0.0268
v 0.0996 -0.2055 -0.0333
v 0.1791 -0.2093 -0.0293
v 0.3993 -0.2007 -0.0374
v -0.2465 -0.2031 -0.0410
v -0.2249 -0.2035 -0.0316
v -0.1767 -0.1916 -0.0385
v 0.1786 -0.1959 -0.0229
v 0.2319 -0.1987 -0.0353
v -0.1689 -0.1847 -0.0313
v 0.0154 -0.1939 -0.0311
v 0.1728 -0.1856 -0.0290
v -0.2475 -0.1822 -0.0359
v -0.1632 -0.1899 -0.0383
v -0.0070 -0.1723 -0.0290
v 0.1671 -0.1876 -0.0367
v 0.3798 -0.1829 -0.0253
v -0.3765 -0.1817 -0.0334
v -0.2543 -0.1786 -0.0276
v -0.1625 -0.1708 -0.0310
v 0.1684 -0.1742 -0.0305
v 0.2404 -0.1751 -0.0321
v 0.2581 -0.1784 -0.0266
v 0.3791 -0.1798 -0.0397
v -0.3292 -0.1734 -0.0306
v -0.2564 -0.1630 -0.0304
v -0.2544 -0.1729 -0.0396
v -0.2374 -0.1736 -0.0315
v -0.1491 -0.1841 -0.0384
v 0.2510 -0.1702 -0.0324
v 0.3362 -0.1732 -0.0320
v 0.3658 -0.1734 -0.0379
v -0.2881 -0.1578 -0.0282
v -0.2726 -0.1576 -0.0302
v -0.1416 -0.1517 -0.0333
v 0.0947 -0.1544 -0.0296
v 0.1679 -0.1601 -0.0298
v 0.2650 -0.1604 -0.0319
v -0.5492 -0.1556 -0.0287
v -0.2963 -0.1514 -0.0278
v 0.2680 -0.1399 -0.0322
v -0.2608 -0.1572 -0.0316
v -0.2262 -0.1421 -0.0366
v -0.2172 -0.1428 -0.0307
v 0.1429 -0.1485 -0.0329
v 0.2278 -0.1456 -0.0342
v -0.2238 -0.1337 -0.0312
v 0.2294 -0.1360 -0.0318
v -0.1214 -0.1339 -0.0340
v -0.0696 -0.1415 -0.0169
v 0.2298 -0.1292 -0.0274
v 0.2744 -0.1267 -0.0324
v 0.7294 -0.1215 -0.0407
v -0.2199 -0.1209 -0.0301
v 0.0649 -0.1160 -0.0535
v 0.2288 -0.1148 -0.0316
v 0.2739 -0.1146 -0.0267
v 0.2823 -0.1268 -0.0396
v -0.2759 -0.1175 -0.0247
v 0.6868 -0.1190 -0.0345
v -0.0003 -0.1043 -0.0224
v 0.2780 -0.1121 -0.0346
v -0.0571 -0.0855 -0.0292
v -0.0869 -0.0909 -0.0391
v 0.0555 -0.0781 -0.0312
v 0.5947 -0.0818 -0.0541
v 0.6631 -0.0803 -0.0509
v 0.8192 -0.0801 -0.0527
v -0.1015 -0.0875 -0.0331
v -0.0790 -0.0796 -0.0313
v -0.0641 -0.0809 -0.0338
v -0.0495 -0.0707 -0.0322
v 0.0071 -0.0821 -0.0265
v 0.0836 -0.0807 -0.0331
v 0.0914 -0.0834 -0.0381
v -0.0720 -0.0706 -0.0273
v -0.0196 -0.0568 -0.0305
v 0.0250 -0.0584 -0.0307
v 0.0709 -0.0640 -0.0368
v 0.1347 -0.0759 -0.0225
v -0.6466 -0.0545 -0.0529
v -0.1305 -0.0650 -0.0322
v 0.0141 -0.0732 -0.0314
v -0.0716 -0.0552 -0.0334
v -0.0377 -0.0576 -0.0312
v 0.0435 -0.0579 -0.0309
v -0.0775 -0.0524 -0.0243
v 0.5912 -0.0218 -0.0507
v -0.8975 -0.0427 -0.0316
v -0.1078 -0.0362 -0.0389
v -0.0599 -0.0230 -0.0336
v 0.9557 -0.0138 -0.0086
v 0.0573 -0.0219 -0.0290
v -0.0704 -0.0141 -0.0316
v 0.6513 -0.0401 -0.0158
v -0.3089 0.0238 -0.0441
v 0.5708 0.0288 -0.0247
v 0.9448 0.0424 -0.0444
v -0.2927 0.0147 -0.0284
v -0.9227 0.0201 -0.0484
v -0.6286 0.0281 -0.0332
v -0.2922 0.0435 -0.0223
v 0.2900 0.0479 -0.0280
v -0.5967 0.0588 -0.0356
v -0.2833 0.0568 -0.0265
v 0.2748 0.0625 -0.0289
v -0.2694 0.0632 -0.0277
v -0.2697 0.0690 -0.0322
v -0.2057 0.0589 -0.0185
v -0.1839 0.0710 -0.0268
v -0.1726 0.0723 -0.0253
v 0.0478 0.0442 -0.0336
v 0.1765 0.0752 -0.0315
v 0.1902 0.0799 -0.0340
v -0.1833 0.0831 -0.0322
v -0.0419 0.1015 -0.0490
v 0.1688 0.0875 -0.0185
v 0.1845 0.0820 -0.0334
v -0.2151 0.0872 -0.0371
v 0.1922 0.0945 -0.0304
v 0.4815 0.0979 -0.0317
v -0.4817 0.0958 -0.0295
v -0.1741 0.1030 -0.0340
v -0.5629 0.1303 -0.0391
v 0.5599 0.1172 -0.0208
v -0.5625 0.1348 -0.0300
v -0.4452 0.1376 -0.0163
v -1.0042 0.1326 -0.0134
v -0.0009 0.1442 -0.0340
v 0.0008 0.1623 -0.0249
v -0.5774 0.1674 -0.0290
v -0.4241 0.1598 -0.0224
v 0.5831 0.1686 -0.0279
v -0.5615 0.1645 -0.0376
v -0.5705 0.1960 -0.0313
v 0.5759 0.1852 -0.0267
v -0.9910 0.2069 -0.0264
v 0.5692 0.2055 -0.0273
v -0.3103 0.2449 -0.0382
v 0.9523 0.2953 -0.0406
v 0.2576 0.2751 -0.0255
v 0.2351 0.3462 -0.0424
v -0.5591 0.3671 -0.0377
v -0.2280 0.3580 -0.0155
v -0.5683 0.3877 -0.0393
v -0.1135 -0.4275 -0.0441
v -0.0049 -0.4036 -0.0285
v -0.3442 -0.3826 -0.0310
v -0.4059 -0.3831 -0.0235
v -0.4428 -0.3458 -0.0309
v -0.0173 -0.3545 -0.0287
v -0.4723 -0.3524 -0.0240
v 0.4041 -0.3456 -0.0315
v 0.4260 -0.3350 -0.0325
v 0.4672 -0.3416 -0.0305
v -0.0033 -0.3066 -0.0309
v -0.4982 -0.3307 -0.0179
v 0.4677 -0.3091 -0.0429
v 0.4948 -0.2936 -0.0260
v -0.0457 -0.2944 -0.0151
v 0.0290 -0.2951 -0.0308
v -0.0115 -0.2961 -0.0252
v 0.0526 -0.2926 -0.0090
v -0.0479 -0.2783 -0.0306
v 0.0544 -0.2718 -0.0259
v -0.4895 -0.2705 -0.0215
v -0.4883 -0.2612 -0.0243
v -0.0532 -0.2675 -0.0235
v 0.0605 -0.2661 -0.0231
v 0.0734 -0.2607 -0.0221
v 0.4953 -0.2639 -0.0279
v 0.0403 -0.2506 -0.0296
v 0.0550 -0.2470 -0.0220
v 0.0766 -0.2467 -0.0243
v 0.0947 -0.2506 -0.0215
v 0.4769 -0.2419 -0.0217
v -0.4688 -0.2391 -0.0231
v -0.0821 -0.2523 -0.0230
v -0.0479 -0.2486 -0.0229
v 0.4618 -0.2414 -0.0290
v -0.4638 -0.2340 -0.0247
v -0.1191 -0.2308 -0.0261
v -0.0762 -0.2335 -0.0222
v 0.0899 -0.2287 -0.0227
v 0.1125 -0.2405 -0.0217
v 0.2300 -0.2337 -0.0238
v 0.4490 -0.2313 -0.0299
v -0.4549 -0.2244 -0.0277
v -0.2448 -0.2250 -0.0217
v -0.2321 -0.2250 -0.0264
v -0.2258 -0.2276 -0.0263
v -0.1404 -0.2404 -0.0133
v 0.1021 -0.2347 -0.0245
v 0.1356 -0.2353 -0.0157
v 0.4590 -0.2262 -0.0256
v -0.2548 -0.2089 -0.0238
v -0.0852 -0.2256 -0.0249
v 0.0936 -0.2157 -0.0294
v 0.1511 -0.2261 -0.0220
v -0.1795 -0.2055 -0.0215
v -0.0873 -0.2169 -0.0293
v 0.3566 -0.2100 -0.0283
v 0.3520 -0.2110 -0.0159
v 0.3681 -0.2112 -0.0265
v -0.2617 -0.2044 -0.0250
v -0.2262 -0.2113 -0.0224
v -0.0994 -0.2068 -0.0152
v 0.2285 -0.2023 -0.0289
v 0.2597 -0.1973 -0.0194
v -0.3545 -0.2025 -0.0182
v -0.2541 -0.1920 -0.0244
v -0.1934 -0.1974 -0.0258
v -0.1735 -0.1964 -0.0233
v 0.0132 -0.1967 -0.0256
v -0.1628 -0.1826 -0.0229
v 0.1018 -0.1834 -0.0313
v 0.2595 -0.1952 -0.0248
v -0.3514 -0.1857 -0.0145
v -0.2156 -0.1879 -0.0194
v 0.1031 -0.1616 -0.0236
v 0.3348 -0.1750 -0.0193
v -0.3607 -0.1727 -0.0247
v -0.3301 -0.1650 -0.0246
v -0.3044 -0.1642 -0.0229
v -0.1726 -0.1651 -0.0217
v -0.1700 -0.1728 -0.0233
v -0.1622 -0.1700 -0.0212
v 0.1694 -0.1714 -0.0248
v 0.2659 -0.1720 -0.0147
v 0.3452 -0.1691 -0.0219
v -0.3009 -0.1574 -0.0213
v 0.2088 -0.1588 -0.0217
v 0.2792 -0.1582 -0.0135
v -0.2262 -0.1530 -0.0242
v -0.2060 -0.1589 -0.0222
v -0.1895 -0.1569 -0.0224
v -0.1777 -0.1563 -0.0257
v -0.1160 -0.1532 -0.0218
v -0.0859 -0.1503 -0.0261
v 0.1777 -0.1607 -0.0239
v 0.2580 -0.1538 -0.0263
v 0.2940 -0.1487 -0.0251
v -0.2324 -0.1400 -0.0239
v 0.2104 -0.1494 -0.0253
v -0.6973 -0.1289 -0.0289
v -0.2520 -0.1421 -0.0217
v 0.1712 -0.1398 -0.0219
v 0.2185 -0.1282 -0.0274
v 0.2685 -0.1426 -0.0116
v 0.7703 -0.1228 -0.0357
v -0.2701 -0.1281 -0.0296
v -0.2586 -0.1274 -0.0201
v -0.2057 -0.1296 -0.0240
v -0.1256 -0.1264 -0.0240
v 0.2638 -0.1285 -0.0218
v -0.7799 -0.1269 -0.0290
v -0.6756 -0.1042 -0.0404
v -0.2310 -0.1132 -0.0286
v -0.2095 -0.1201 -0.0171
v -0.1221 -0.1202 -0.0238
v 0.0453 -0.1117 -0.0253
v 0.2206 -0.1190 -0.0237
v 0.2281 -0.1195 -0.0215
v 0.8231 -0.1173 -0.0224
v 0.2341 -0.1158 -0.0274
v 0.6753 -0.1398 -0.0018
v -0.2676 -0.1114 -0.0252
v -0.0401 -0.1110 -0.0248
v 0.0199 -0.1021 -0.0326
v 0.0394 -0.1053 -0.0305
v 0.1159 -0.1056 -0.0260
v 0.1392 -0.1030 -0.0120
v 0.6630 -0.1064 -0.0132
v -0.8448 -0.1383 0.0107
v -0.1308 -0.0898 -0.0175
v -0.0709 -0.0856 -0.0209
v -0.0031 -0.0728 -0.0275
v 0.0784 -0.0833 -0.0288
v -0.0003 -0.0526 -0.0193
v 0.1365 -0.0704 -0.0156
v -0.1303 -0.0551 -0.0326
v 0.1280 -0.0572 -0.0195
v -0.0377 -0.0451 -0.0197
v 0.0356 -0.0481 -0.0251
v -0.1214 -0.0440 -0.0303
v -0.1087 -0.0492 -0.0200
v 0.0841 -0.0462 -0.0334
v 0.0437 -0.0433 -0.0170
v -0.0552 -0.0127 -0.0234
v -0.0690 -0.0162 -0.0242
v 0.0548 -0.0119 -0.0207
v 0.0682 -0.0136 -0.0271
v 0.0711 -0.0155 -0.0288
v -0.5932 -0.0232 -0.0314
v 0.0797 -0.0045 -0.0292
v -0.2987 0.0036 -0.0214
v 0.0819 -0.0055 -0.0242
v -0.2965 0.0203 -0.0234
v -0.0429 0.0301 -0.0255
v -0.9721 -0.0084 0.0053
v -0.6269 0.0379 -0.0225
v -0.2999 0.0293 -0.0208
v 0.0423 0.0149 -0.0158
v 0.3134 0.0216 -0.0269
v 0.6346 0.0324 -0.0211
v -0.5698 0.0286 -0.0179
v -0.6160 0.0442 -0.0274
v -0.3065 0.0526 -0.0306
v -0.2919 0.0562 -0.0118
v -0.2931 0.0675 -0.0277
v -0.1969 0.0489 -0.0151
v 0.2105 0.0551 -0.0165
v 0.5230 0.0696 -0.0306
v -0.5697 0.0754 -0.0282
v -0.2764 0.0683 -0.0322
v 0.1886 0.0656 -0.0227
v -0.2170 0.0759 -0.0245
v -0.1681 0.0835 -0.0185
v 0.2761 0.0719 -0.0281
v 0.5023 0.0886 -0.0164
v 0.2226 0.0772 -0.0255
v -0.9829 0.0691 -0.0209
v 0.2044 0.0980 -0.0261
v -0.5564 0.1082 -0.0257
v -0.2062 0.0997 -0.0267
v -0.2001 0.0979 -0.0243
v -0.1782 0.0956 -0.0298
v -0.1658 0.0972 -0.0218
v -0.0388 0.1189 -0.0349
v 0.1706 0.0963 -0.0205
v 0.2207 0.1052 -0.0176
v 0.5506 0.0862 -0.0135
v 0.0454 0.1172 -0.0107
v -0.0291 0.1362 -0.0289
v 0.0334 0.1349 -0.0306
v -0.5735 0.1504 -0.0204
v 0.5672 0.1376 -0.0277
v 0.5775 0.1496 -0.0189
v -0.5715 0.1872 -0.0238
v 0.3859 0.1925 -0.0278
v -0.5610 0.2221 -0.0268
v -0.5452 0.2690 -0.0244
v 0.5450 0.2588 -0.0129
v -0.5549 0.3212 -0.0281
v 0.5640 0.3392 -0.0251
v -0.9367 0.3591 -0.0091
v 0.5686 0.3609 -0.0184
v 0.5782 0.3786 -0.0049
v -0.0842 0.4147 -0.0183
v -0.0317 0.4109 -0.0128
v -0.0036 0.4067 -0.0111
v 0.0246 0.4100 -0.0158
v 0.0603 0.4146 -0.0169
v -0.7985 0.4504 -0.0192
v -0.7805 0.4666 -0.0030
v -0.6862 0.4640 -0.0227
v 0.6449 0.4550 -0.0127
v 0.7187 0.4650 -0.0234
v -0.1945 -0.4528 -0.0279
v 0.2257 -0.4549 -0.0264
v -0.1759 -0.4426 -0.0185
v 0.1807 -0.4530 -0.0138
v 0.2870 -0.4258 -0.0250
v 0.1862 -0.4397 -0.0264
v -0.2785 -0.4290 -0.0246
v -0.3208 -0.4065 -0.0207
v 0.3349 -0.3889 -0.0302
v -0.4456 -0.3755 -0.0201
v 0.0011 -0.3877 -0.0119
v 0.0167 -0.3517 -0.0228
v 0.0070 -0.3492 -0.0121
v -0.0122 -0.3513 -0.0207
v -0.0023 -0.3413 -0.0224
v 0.0062 -0.3412 -0.0142
v -0.0013 -0.3358 -0.0173
v 0.0062 -0.3287 -0.0152
v -0.5109 -0.3171 -0.0077
v 0.0077 -0.3093 -0.0095
v -0.0375 -0.2963 -0.0055
v 0.0534 -0.2765 -0.0099
v -0.0693 -0.2730 -0.0056
v -0.0613 -0.2420 -0.0228
v -0.2344 -0.2340 -0.0228
v -0.1262 -0.2407 -0.0087
v 0.0690 -0.2404 -0.0220
v 0.1489 -0.2347 -0.0166
v -0.2377 -0.2259 -0.0213
v -0.1609 -0.2319 -0.0186
v 0.4834 -0.2198 -0.0132
v -0.4728 -0.2145 -0.0211
v -0.1560 -0.2173 -0.0224
v -0.1500 -0.2213 -0.0158
v -0.1363 -0.2230 -0.0160
v -0.0918 -0.2153 -0.0093
v 0.1317 -0.2223 -0.0142
v -0.3442 -0.2102 -0.0090
v -0.1491 -0.2083 -0.0171
v 0.1526 -0.2148 -0.0162
v 0.1629 -0.2171 -0.0237
v 0.2355 -0.2173 -0.0219
v 0.2347 -0.2152 -0.0143
v 0.2496 -0.2213 -0.0229
v -0.4861 -0.2126 -0.0096
v 0.1886 -0.2013 -0.0201
v 0.3588 -0.2004 -0.0190
v 0.3789 -0.1991 -0.0208
v 0.4700 -0.2107 -0.0295
v -0.3908 -0.1910 -0.0308
v -0.3552 -0.2000 -0.0080
v -0.2529 -0.1901 -0.0119
v -0.1237 -0.1866 -0.0187
v 0.1194 -0.1932 -0.0185
v -0.4941 -0.1967 -0.0162
v -0.2606 -0.1746 -0.0172
v -0.0080 -0.1810 -0.0094
v 0.0136 -0.1848 -0.0185
v 0.1083 -0.1824 -0.0215
v 0.2156 -0.1853 -0.0153
v 0.2537 -0.1836 -0.0118
v -0.1091 -0.1780 -0.0215
v -0.0091 -0.1729 -0.0158
v 0.1575 -0.1742 -0.0178
v 0.5223 -0.1759 -0.0190
v -0.3667 -0.1778 -0.0180
v -0.2038 -0.1777 -0.0113
v -0.1529 -0.1700 -0.0176
v 0.0143 -0.1771 -0.0229
v 0.1159 -0.1618 -0.0218
v -0.3207 -0.1667 -0.0197
v -0.3022 -0.1637 -0.0101
v 0.0103 -0.1678 -0.0136
v 0.2215 -0.1652 -0.0235
v 0.3234 -0.1661 -0.0212
v 0.3654 -0.1729 -0.0088
v -0.5137 -0.1789 -0.0226
v -0.2854 -0.1571 -0.0100
v -0.1872 -0.1651 -0.0138
v -0.1510 -0.1563 -0.0148
v 0.1432 -0.1544 -0.0170
v 0.1676 -0.1646 -0.0169
v 0.1849 -0.1620 -0.0155
v 0.3040 -0.1567 -0.0234
v 0.3352 -0.1645 -0.0216
v -0.0901 -0.1503 -0.0194
v -0.0751 -0.1489 -0.0079
v -0.7388 -0.1240 -0.0380
v -0.1191 -0.1362 -0.0202
v 0.0882 -0.1494 -0.0171
v 0.1208 -0.1290 -0.0186
v 0.1371 -0.1303 -0.0200
v 0.2504 -0.1427 -0.0217
v -0.2433 -0.1316 -0.0147
v -0.1785 -0.1367 -0.0215
v 0.0921 -0.1208 -0.0151
v 0.1302 -0.1263 -0.0221
v 0.2391 -0.1481 -0.0242
v 0.2602 -0.1320 -0.0218
v -0.2549 -0.1353 -0.0164
v -0.2283 -0.1198 -0.0236
v -0.1447 -0.1284 -0.0187
v -0.1328 -0.1319 -0.0178
v -0.1234 -0.1187 -0.0169
v -0.0944 -0.1176 -0.0142
v 0.1733 -0.1227 -0.0114
v 0.2483 -0.1353 -0.0151
v -0.1846 -0.1244 -0.0145
v -0.1309 -0.1175 -0.0162
v -0.0399 -0.1202 -0.0149
v 0.1188 -0.1154 -0.0125
v -0.6580 -0.0938 -0.0290
v -0.2654 -0.1148 -0.0095
v 0.2724 -0.1135 -0.0121
v -0.2704 -0.1049 -0.0123
v -0.1169 -0.1071 -0.0236
v 0.0633 -0.0918 -0.0227
v 0.2825 -0.1100 -0.0148
v -0.0568 -0.1066 -0.0145
v 0.0012 -0.0963 -0.0202
v -0.8335 -0.0907 -0.0372
v -0.0742 -0.0792 -0.0162
v 0.0767 -0.0731 -0.0233
v -0.0307 -0.0409 -0.0183
v 0.1182 -0.0505 -0.0195
v -0.6001 -0.0336 0.0030
v -0.0416 -0.0152 -0.0084
v 0.0454 -0.0135 -0.0056
v -0.6386 0.0092 -0.0236
v 0.0747 -0.0144 -0.0235
v -0.0475 0.0060 -0.0253
v 0.2993 0.0051 -0.0172
v -0.2924 0.0109 -0.0086
v 0.3114 0.0189 -0.0101
v -0.2912 0.0216 -0.0095
v 0.3003 0.0302 -0.0161
v 0.3140 0.0291 -0.0014
v 0.2973 0.0451 -0.0251
v -0.3137 0.0519 -0.0187
v 0.2002 0.0512 -0.0173
v 0.6355 0.0474 -0.0126
v -0.6247 0.0604 -0.0158
v -0.6137 0.0526 -0.0151
v -0.1844 0.0485 -0.0062
v 0.6179 0.0546 -0.0143
v 0.6266 0.0638 -0.0132
v -0.5604 0.0586 -0.0067
v -0.3150 0.0653 -0.0160
v -0.2817 0.0652 -0.0106
v -0.1776 0.0637 -0.0131
v 0.3124 0.0717 -0.0127
v 0.6115 0.0511 -0.0254
v -0.5395 0.0788 -0.0070
v 0.2762 0.0734 -0.0175
v -0.5499 0.0782 -0.0082
v -0.3145 0.0706 -0.0179
v -0.2905 0.0784 -0.0159
v -0.2719 0.0783 -0.0167
v -0.2711 0.0734 -0.0138
v 0.2218 0.0827 -0.0168
v 0.2767 0.0791 -0.0165
v 0.2889 0.0737 -0.0204
v -0.5544 0.0902 -0.0229
v -0.2146 0.1044 -0.0179
v 0.2092 0.0962 -0.0143
v 0.0488 0.0863 0.0148
v -0.2005 0.0972 -0.0152
v 0.2094 0.1085 -0.0172
v -0.5964 0.1127 -0.0157
v -0.2035 0.1039 -0.0169
v -0.0075 0.1456 -0.0232
v 0.0142 0.1481 -0.0177
v -0.5771 0.1618 -0.0163
v -0.5644 0.1863 -0.0154
v 0.5717 0.1817 -0.0161
v 0.5564 0.2199 -0.0147
v -0.5475 0.2444 -0.0134
v -0.3449 0.2255 -0.0071
v -0.0928 0.2858 -0.0162
v 0.5392 0.2850 -0.0123
v -0.2630 0.2743 -0.0101
v -0.9759 0.3180 0.0029
v -0.5630 0.3518 -0.0187
v 0.1852 0.3926 -0.0089
v -0.9136 0.3901 -0.0032
v 0.1328 0.4114 -0.0115
v -0.1438 0.4086 -0.0063
v 0.8019 0.4510 -0.0193
v -0.6349 0.4463 -0.0288
v 0.7298 0.4753 -0.0012
v -0.7311 0.4737 -0.0051
v 0.6812 0.4623 -0.0238
v -0.2186 -0.4537 -0.0277
v 0.1898 -0.4570 -0.0203
v -0.2454 -0.4575 -0.0117
v -0.0640 -0.4240 -0.0210
v -0.0341 -0.4122 -0.0257
v 0.0279 -0.4072 -0.0013
v 0.4009 -0.3943 -0.0195
v 0.4438 -0.3801 -0.0197
v -0.4083 -0.3979 -0.0151
v 0.0009 -0.3997 -0.0108
v 0.0072 -0.3923 -0.0066
v 0.4645 -0.3706 -0.0183
v -0.0023 -0.3740 -0.0183
v 0.0060 -0.3810 -0.0148
v -0.0115 -0.3605 -0.0165
v 0.4994 -0.3462 -0.0142
v -0.4830 -0.3651 -0.0111
v -0.0085 -0.3035 -0.0131
v 0.0142 -0.3076 0.0011
v 0.0337 -0.2998 0.0001
v -0.0494 -0.2791 -0.0100
v 0.4940 -0.2716 -0.0212
v -0.0547 -0.2770 -0.0038
v -0.4844 -0.2519 -0.0144
v -0.1182 -0.2530 -0.0063
v 0.0421 -0.2554 -0.0118
v 0.4888 -0.2549 -0.0155
v -0.0282 -0.2572 -0.0071
v 0.1192 -0.2681 0.0074
v 0.1301 -0.2493 -0.0071
v -0.1452 -0.2428 -0.0061
v -0.0569 -0.2456 -0.0096
v 0.1301 -0.2404 -0.0077
v 0.1367 -0.2421 -0.0110
v 0.1616 -0.2318 -0.0155
v 0.1586 -0.2414 -0.0118
v -0.1565 -0.2277 -0.0149
v 0.1530 -0.2267 -0.0167
v -0.0899 -0.2171 -0.0031
v -0.2321 -0.1994 -0.0125
v -0.1122 -0.2111 -0.0133
v -0.1008 -0.2044 -0.0080
v 0.0910 -0.2207 -0.0140
v 0.1050 -0.2009 -0.0143
v 0.3443 -0.2094 -0.0093
v -0.3415 -0.2057 -0.0055
v -0.1753 -0.2018 -0.0168
v 0.1696 -0.2026 -0.0157
v 0.2157 -0.1986 -0.0107
v 0.3509 -0.2033 -0.0125
v 0.3586 -0.2103 -0.0105
v -0.3687 -0.1987 -0.0164
v -0.1588 -0.1926 -0.0148
v -0.1070 -0.1926 -0.0150
v 0.2378 -0.1974 -0.0124
v 0.3579 -0.1951 -0.0077
v 0.3716 -0.1881 -0.0129
v -0.3697 -0.1872 -0.0165
v -0.2146 -0.2027 -0.0045
v -0.1512 -0.1867 -0.0159
v -0.1018 -0.1960 -0.0096
v 0.1015 -0.1987 -0.0038
v 0.1602 -0.1879 -0.0150
v -0.3449 -0.1787 -0.0013
v -0.2402 -0.1729 -0.0017
v 0.0016 -0.1830 -0.0077
v 0.2019 -0.1813 -0.0041
v 0.3513 -0.1829 -0.0238
v 0.2358 -0.1740 -0.0026
v 0.3416 -0.1752 -0.0104
v -0.2741 -0.1599 -0.0137
v 0.2775 -0.1658 -0.0010
v 0.3077 -0.1628 -0.0111
v 0.3271 -0.1672 -0.0103
v -0.3505 -0.1623 -0.0038
v -0.3403 -0.1708 -0.0258
v -0.3364 -0.1642 -0.0090
v -0.3006 -0.1585 -0.0070
v -0.1680 -0.1575 -0.0094
v -0.0015 -0.1638 -0.0096
v 0.1763 -0.1599 -0.0062
v 0.1948 -0.1684 -0.0110
v 0.3363 -0.1647 -0.0099
v 0.3503 -0.1627 -0.0058
v -0.6693 -0.1258 -0.0132
v -0.2852 -0.1464 -0.0264
v -0.1576 -0.1451 -0.0003
v -0.0714 -0.1397 -0.0099
v 0.0756 -0.1432 -0.0180
v 0.0701 -0.1398 -0.0042
v 0.5744 -0.1374 -0.0325
v -0.8142 -0.1493 0.0046
v -0.0528 -0.1412 -0.0044
v -0.1444 -0.1257 -0.0008
v -0.0292 -0.1289 -0.0075
v 0.0532 -0.1301 -0.0121
v 0.0696 -0.1242 -0.0079
v -0.2370 -0.1198 -0.0063
v -0.1497 -0.1105 -0.0070
v 0.1488 -0.1242 -0.0155
v 0.2107 -0.1188 -0.0141
v -0.2169 -0.1187 -0.0110
v -0.0516 -0.1168 -0.0080
v 0.0456 -0.1192 -0.0149
v 0.0561 -0.1155 -0.0066
v 0.2367 -0.1214 -0.0066
v -0.2682 -0.1114 -0.0095
v -0.0604 -0.1107 -0.0059
v 0.0743 -0.0891 -0.0090
v 0.0829 -0.1030 -0.0024
v 0.2784 -0.1044 -0.0170
v 0.2827 -0.1040 -0.0004
v -0.2770 -0.1108 -0.0218
v -0.0651 -0.0918 -0.0081
v -0.9263 -0.0590 0.0006
v -0.8843 -0.1174 0.0186
v -0.5996 -0.0993 0.0005
v 0.1427 -0.0881 -0.0065
v 0.0849 -0.0560 -0.0163
v -0.1217 -0.0621 -0.0078
v 0.6684 -0.0668 0.0261
v -0.0869 -0.0506 -0.0178
v -0.6452 -0.0451 -0.0265
v -0.0359 -0.0364 -0.0008
v -0.0008 -0.0455 -0.0093
v 0.0354 -0.0429 -0.0177
v -0.0377 0.0197 -0.0119
v 0.2927 0.0114 -0.0018
v 0.3051 0.0058 -0.0171
v -0.3080 0.0203 -0.0090
v 0.2972 0.0161 -0.0132
v 0.9805 0.0319 -0.0098
v -0.6323 0.0468 -0.0105
v -0.0424 0.0624 0.0042
v 0.6493 0.0217 -0.0085
v -0.2997 0.0349 -0.0086
v -0.1949 0.0288 0.0026
v -0.3166 0.0533 -0.0039
v -0.2939 0.0468 -0.0019
v -0.2141 0.0410 0.0035
v 0.1878 0.0490 -0.0015
v -0.6289 0.0571 -0.0135
v -0.6164 0.0641 -0.0090
v -0.6074 0.0638 -0.0074
v -0.5931 0.0596 -0.0184
v -0.1771 0.0657 0.0021
v 0.3159 0.0669 -0.0064
v 0.5415 0.0737 -0.0150
v 0.6239 0.0640 -0.0090
v -0.5671 0.0674 -0.0082
v -0.3149 0.0714 -0.0125
v -0.0438 0.0827 -0.0263
v 0.2821 0.0728 -0.0082
v -0.2952 0.0732 -0.0159
v -0.2672 0.0816 -0.0039
v 0.2682 0.0769 -0.0129
v 0.5607 0.0736 -0.0132
v 0.5549 0.0765 -0.0046
v -0.2826 0.0824 -0.0076
v -0.2636 0.0871 -0.0054
v -0.0475 0.0997 -0.0116
v 0.2691 0.0870 -0.0062
v 0.2696 0.0809 -0.0087
v 0.2845 0.0818 -0.0107
v -0.1848 0.0953 -0.0038
v 0.9903 0.0875 -0.0214
v 0.1805 0.0941 -0.0101
v 0.1960 0.0958 -0.0107
v -0.5922 0.1109 -0.0088
v 0.6008 0.1075 -0.0079
v 0.5944 0.1162 -0.0121
v -0.5900 0.1206 -0.0068
v -0.5853 0.1138 -0.0071
v -0.5586 0.1156 -0.0143
v 0.5524 0.1110 -0.0083
v 0.5674 0.1228 -0.0124
v 0.5971 0.1183 0.0012
v -0.5794 0.1335 -0.0021
v -0.5721 0.1372 -0.0079
v 0.5816 0.1352 -0.0010
v 0.4253 0.1649 -0.0057
v 0.5772 0.1444 -0.0067
v 0.9959 0.1703 -0.0288
v 0.5822 0.1474 -0.0104
v -0.5765 0.1441 -0.0086
v 0.0025 0.1658 -0.0097
v 0.5809 0.1586 -0.0174
v 0.5608 0.1631 -0.0065
v -1.0160 0.1616 -0.0031
v -0.5540 0.2133 -0.0148
v -0.3974 0.1837 -0.0029
v 0.5155 0.2148 0.0003
v 0.3089 0.2508 -0.0103
v -1.0113 0.2347 0.0048
v -0.3149 0.2431 0.0130
v -0.2754 0.2651 -0.0070
v 0.2755 0.2667 -0.0134
v -0.5379 0.2806 -0.0161
v -0.0843 0.2737 -0.0087
v 0.0788 0.2718 -0.0027
v -0.0820 0.2820 -0.0090
v 0.0980 0.2789 -0.0063
v 0.0845 0.2950 -0.0051
v 0.0937 0.2848 -0.0095
v -0.0870 0.2906 -0.0081
v 0.0956 0.2903 -0.0057
v -0.2605 0.3080 -0.0033
v 0.5368 0.3184 -0.0076
v 0.2182 0.3702 -0.0174
v 0.5618 0.3526 -0.0120
v -0.5710 0.3714 -0.0125
v -0.5809 0.3999 -0.0145
v -0.5954 0.4192 -0.0228
v -0.0968 0.4172 0.0022
v 0.6049 0.4269 -0.0075
v -0.8557 0.4368 0.0005
v -0.6780 0.4701 0.0005
v 0.1848 -0.4642 0.0008
v 0.2424 -0.4635 -0.0042
v -0.1675 -0.4493 -0.0049
v 0.1358 -0.4565 0.0129
v 0.0787 -0.4330 -0.0102
v 0.0507 -0.4215 0.0059
v -0.4535 -0.3984 0.0028
v 0.0084 -0.3815 0.0088
v -0.0008 -0.3506 -0.0005
v -0.0011 -0.3413 -0.0040
v 0.5070 -0.3164 -0.0154
v 0.0072 -0.3281 0.0114
v -0.0595 -0.2960 0.0058
v 0.0634 -0.2857 0.0015
v -0.1165 -0.2703 0.0102
v 0.0773 -0.2723 -0.0036
v -0.5099 -0.2711 0.0073
v 0.0034 -0.2622 -0.0114
v 0.1367 -0.2563 0.0005
v -0.1458 -0.2500 0.0046
v -0.1318 -0.2524 -0.0005
v 0.1666 -0.2482 -0.0009
v -0.1610 -0.2434 -0.0073
v -0.1514 -0.2439 0.0037
v 0.1570 -0.2396 -0.0028
v 0.1529 -0.2453 -0.0033
v 0.1677 -0.2375 -0.0089
v -0.1607 -0.2384 -0.0043
v -0.1038 -0.2221 -0.0028
v -0.4895 -0.2322 -0.0022
v 0.1050 -0.2162 -0.0068
v 0.4947 -0.2040 -0.0089
v 0.0937 -0.2044 0.0009
v 0.3466 -0.2096 -0.0014
v -0.0936 -0.2000 -0.0042
v -0.3490 -0.1902 0.0062
v -0.2164 -0.1829 -0.0011
v -0.2019 -0.1929 0.0055
v 0.2166 -0.1874 0.0002
v 0.3496 -0.1818 0.0010
v 0.3588 -0.1910 0.0028
v -0.2478 -0.1737 0.0076
v 0.0059 -0.1789 0.0048
v 0.2489 -0.1725 0.0020
v 0.2615 -0.1715 -0.0011
v -0.3310 -0.1657 -0.0014
v -0.3161 -0.1644 0.0032
v -0.3158 -0.1648 -0.0023
v -0.3010 -0.1653 0.0002
v -0.2772 -0.1658 0.0031
v -0.2598 -0.1704 -0.0014
v -0.2363 -0.1550 0.0036
v -0.2290 -0.1518 0.0020
v -0.1923 -0.1797 0.0067
v -0.0119 -0.1658 -0.0036
v 0.0178 -0.1674 0.0040
v 0.3046 -0.1648 0.0007
v 0.3246 -0.1652 0.0002
v 0.3576 -0.1690 0.0009
v -0.3342 -0.1580 0.0039
v -0.1754 -0.1613 0.0014
v -0.0100 -0.1575 -0.0008
v 0.2257 -0.1441 0.0034
v 0.6901 -0.1431 -0.0122
v 0.1568 -0.1468 -0.0071
v 0.2902 -0.1577 -0.0068
v 0.5737 -0.1382 0.0039
v 0.8095 -0.1407 -0.0081
v -0.2640 -0.1422 -0.0119
v -0.2469 -0.1304 -0.0077
v -0.2438 -0.1349 -0.0019
v -0.0337 -0.1416 0.0005
v 0.0594 -0.1431 -0.0019
v 0.2612 -0.1491 -0.0006
v 0.2570 -0.1365 -0.0075
v -0.0136 -0.1360 0.0002
v 0.0282 -0.1367 0.0001
v 0.1374 -0.1229 -0.0136
v -0.5694 -0.1365 0.0144
v -0.0658 -0.1228 -0.0076
v 0.0073 -0.1272 0.0004
v 0.0315 -0.1285 -0.0054
v -0.1741 -0.1190 -0.0052
v -0.0580 -0.1126 -0.0018
v -0.0135 -0.1280 0.0002
v 0.0049 -0.1207 0.0013
v 0.1789 -0.1191 0.0012
v 0.2114 -0.1211 -0.0028
v 0.2363 -0.1272 -0.0014
v -0.2366 -0.1205 -0.0011
v 0.0764 -0.1022 -0.0036
v 0.1117 -0.1050 0.0043
v 0.5951 -0.1125 -0.0184
v 0.6666 -0.1177 0.0137
v -0.2717 -0.1073 -0.0021
v -0.1160 -0.1072 0.0068
v -0.0620 -0.1033 -0.0004
v 0.2762 -0.1080 -0.0034
v -0.1076 -0.1078 -0.0037
v -0.0575 -0.0953 0.0030
v 0.0737 -0.0848 -0.0028
v 0.1604 -0.1089 -0.0009
v -0.1334 -0.0756 -0.0067
v 0.0914 -0.0504 -0.0188
v 0.6663 -0.0464 0.0175
v -0.3713 -0.0233 0.0020
v 0.6582 -0.0125 0.0008
v -0.2921 0.0110 0.0041
v 0.0424 -0.0007 -0.0011
v 0.2964 0.0126 0.0077
v -0.6446 0.0246 -0.0065
v -0.3025 0.0139 -0.0050
v -0.3038 0.0213 0.0089
v 0.2901 0.0148 -0.0026
v 0.3061 0.0187 0.0071
v 0.3008 0.0343 -0.0061
v -0.3091 0.0424 -0.0152
v -0.2920 0.0393 0.0027
v 0.2079 0.0365 -0.0014
v -0.2227 0.0493 0.0038
v 0.2253 0.0517 0.0028
v 0.2352 0.0479 0.0058
v 0.3121 0.0436 0.0011
v 0.0419 0.0357 0.0218
v 0.1800 0.0686 -0.0142
v 0.2216 0.0616 0.0013
v 0.6087 0.0674 -0.0009
v -0.6007 0.0727 0.0039
v -0.2136 0.0687 -0.0009
v 0.3116 0.0739 0.0129
v 0.6170 0.0721 -0.0031
v -1.0057 0.0464 0.0121
v -0.6085 0.0765 -0.0004
v -0.6044 0.0862 -0.0076
v -0.2128 0.0846 -0.0126
v -0.1748 0.0723 -0.0084
v 0.2065 0.0744 0.0017
v 0.2718 0.0835 -0.0018
v 0.3018 0.0756 -0.0034
v 0.5767 0.0663 -0.0015
v 0.6112 0.0807 -0.0008
v -0.6005 0.0890 -0.0007
v -0.5313 0.0871 0.0024
v -0.2924 0.0805 -0.0011
v -0.2833 0.0838 0.0004
v -0.2728 0.0884 -0.0002
v -0.2624 0.0895 0.0028
v -0.1876 0.0848 -0.0037
v 0.1845 0.0833 -0.0054
v 0.5459 0.0900 -0.0026
v 0.5970 0.0989 0.0018
v 0.6061 0.0858 -0.0002
v -0.5144 0.0922 0.0099
v 0.2697 0.0888 0.0002
v 0.2820 0.0875 -0.0033
v 0.6037 0.0960 -0.0001
v -0.5942 0.0976 0.0001
v -0.4859 0.0968 -0.0051
v -0.4691 0.1039 0.0147
v 0.5442 0.1022 0.0045
v 0.6055 0.1005 0.0084
v -0.5985 0.1115 -0.0061
v -0.5470 0.1047 -0.0019
v 0.5669 0.1069 0.0030
v -0.5887 0.1210 -0.0019
v -0.5684 0.1185 -0.0068
v -0.0376 0.1261 -0.0041
v 0.5825 0.1127 -0.0008
v 0.5891 0.1171 -0.0028
v -0.5775 0.1244 -0.0027
v 0.5900 0.1265 -0.0003
v -0.5691 0.1428 -0.0017
v 0.0384 0.1392 0.0155
v -0.0228 0.1483 -0.0116
v 0.0249 0.1547 0.0073
v -0.5443 0.2402 -0.0065
v 0.5081 0.2354 0.0061
v 0.5442 0.2494 -0.0036
v -0.1814 0.2490 0.0027
v -0.0678 0.2644 0.0009
v 0.0724 0.2652 0.0026
v 0.2692 0.2669 0.0070
v -0.5396 0.2602 0.0016
v -0.0910 0.2769 -0.0019
v -0.0729 0.2715 -0.0004
v 0.2676 0.2725 -0.0052
v 0.5437 0.2683 -0.0002
v -0.0588 0.2741 0.0001
v 0.0729 0.2795 -0.0010
v -0.0926 0.2880 -0.0056
v -0.0749 0.2876 -0.0024
v 0.2614 0.3113 -0.0136
v -0.5365 0.3194 -0.0086
v 0.9531 0.3410 -0.0116
v 0.2437 0.3463 -0.0138
v -0.1982 0.3819 -0.0168
v 0.5909 0.3954 0.0058
v 0.8727 0.4301 0.0038
v -0.0149 0.3986 0.0124
v -0.0702 0.4133 0.0111
v 0.1022 0.4155 -0.0117
v 0.7977 0.4665 0.0043
v -0.1848 -0.4624 -0.0083
v 0.1737 -0.4495 -0.0034
v -0.3092 -0.4306 -0.0035
v 0.3135 -0.4253 -0.0083
v 0.3697 -0.4233 -0.0040
v -0.0181 -0.4078 -0.0106
v -0.5194 -0.3508 0.0133
v 0.0060 -0.3527 0.0009
v 0.0072 -0.3359 0.0098
v -0.0011 -0.3172 0.0039
v 0.0064 -0.3204 0.0031
v -0.0119 -0.3075 0.0024
v 0.0751 -0.2971 0.0148
v -0.0859 -0.2927 0.0147
v -0.1745 -0.2525 0.0026
v -0.1447 -0.2573 0.0077
v 0.1495 -0.2570 0.0073
v -0.1617 -0.2493 0.0002
v 0.1362 -0.2521 0.0003
v 0.1508 -0.2499 0.0058
v 0.1804 -0.2522 0.0021
v -0.1121 -0.2451 0.0045
v 0.0579 -0.2485 -0.0104
v 0.1609 -0.2478 0.0081
v -0.5013 -0.2433 0.0159
v 0.1019 -0.2258 0.0022
v -0.0917 -0.2254 0.0094
v 0.4930 -0.2312 -0.0024
v -0.0818 -0.2123 0.0069
v 0.0925 -0.2088 0.0106
v -0.0839 -0.2050 0.0093
v -0.2049 -0.1902 0.0111
v 0.2122 -0.1945 0.0067
v 0.3538 -0.1913 0.0023
v -0.0121 -0.1755 0.0078
v 0.3593 -0.1834 0.0191
v -0.2577 -0.1748 0.0029
v 0.0107 -0.1743 0.0083
v 0.3393 -0.1672 0.0009
v -0.3525 -0.1677 0.0052
v -0.3360 -0.1668 0.0077
v -0.2941 -0.1660 0.0186
v -0.2453 -0.1648 0.0117
v -0.0257 -0.1649 0.0112
v 0.2081 -0.1723 0.0061
v 0.3391 -0.1569 0.0059
v -0.2535 -0.1528 0.0038
v -0.2491 -0.1583 0.0112
v -0.0292 -0.1538 0.0049
v 0.0418 -0.1517 0.0084
v 0.0589 -0.1538 0.0134
v 0.2020 -0.1397 0.0091
v 0.2448 -0.1536 0.0032
v 0.2788 -0.1552 0.0033
v 0.3062 -0.1584 -0.0059
v -0.2226 -0.1290 -0.0002
v -0.0611 -0.1428 0.0043
v 0.0135 -0.1560 -0.0001
v 0.0641 -0.1321 -0.0037
v 0.0580 -0.1433 0.0120
v -0.2014 -0.1177 -0.0033
v -0.0478 -0.1302 0.0028
v -0.0435 -0.1196 0.0011
v -0.0261 -0.1262 0.0056
v -0.0074 -0.1194 0.0019
v 0.0429 -0.1201 0.0068
v 0.8907 -0.0670 -0.0222
v 0.0529 -0.1160 0.0025
v 0.1887 -0.1201 0.0144
v -0.2763 -0.1028 0.0024
v -0.2744 -0.1049 0.0159
v 0.0629 -0.1063 -0.0006
v 0.2705 -0.1029 0.0029
v 0.2797 -0.1046 0.0086
v -0.2642 -0.1025 0.0031
v -0.0803 -0.0982 0.0032
v -0.0619 -0.0959 0.0096
v 0.0613 -0.0966 0.0112
v 0.0751 -0.0965 0.0081
v -0.6544 -0.0857 -0.0099
v -0.1420 -0.0924 -0.0036
v -0.0703 -0.0792 0.0019
v -0.0637 -0.0765 0.0067
v -0.0987 -0.0633 0.0078
v 0.1384 -0.0766 0.0102
v -0.0807 -0.0648 -0.0028
v 0.0819 -0.0674 0.0031
v 0.3934 -0.0385 0.0043
v 0.3881 -0.0368 0.0072
v -0.0383 -0.0336 0.0128
v -0.0221 -0.0299 0.0050
v 0.0010 -0.0347 0.0126
v -0.3843 -0.0308 0.0075
v 0.0433 -0.0337 0.0041
v 0.3755 -0.0248 -0.0005
v 0.3969 -0.0358 0.0074
v -0.0331 -0.0269 0.0138
v 0.3758 -0.0143 0.0072
v -0.3727 -0.0130 0.0070
v 0.0368 -0.0258 0.0101
v -0.6517 -0.0010 -0.0008
v -0.3165 0.0216 0.0046
v -0.2393 0.0231 0.0080
v -0.3087 0.0292 0.0054
v -0.2840 0.0123 0.0078
v -0.2299 0.0206 0.0075
v 0.1983 0.0279 0.0040
v 0.2359 0.0216 0.0074
v 0.3220 0.0215 0.0053
v -0.2230 0.0300 0.0102
v 0.2113 0.0194 0.0154
v -0.1888 0.0299 0.0128
v 0.2256 0.0387 0.0067
v 0.5690 0.0542 -0.0034
v -0.2285 0.0451 -0.0000
v 0.1831 0.0689 0.0058
v 0.2987 0.0516 -0.0097
v -0.6132 0.0722 -0.0044
v -0.5845 0.0646 0.0017
v -0.3073 0.0708 0.0007
v 0.3143 0.0593 0.0226
v 0.5980 0.0639 -0.0016
v 0.6229 0.0609 0.0243
v 0.2960 0.0708 0.0027
v 0.5724 0.0674 0.0122
v -0.6069 0.0862 -0.0005
v -0.2918 0.0772 0.0096
v -0.2807 0.0788 -0.0010
v -0.5883 0.0871 0.0102
v -0.2853 0.0872 0.0002
v 0.2931 0.0817 0.0030
v 0.5353 0.0869 0.0069
v 0.6030 0.0788 0.0060
v -0.6007 0.0960 0.0013
v -0.5409 0.0909 0.0006
v -0.2716 0.0959 0.0031
v -0.2563 0.0948 0.0105
v 0.2601 0.0930 0.0026
v 0.2732 0.0951 0.0121
v 0.2918 0.0868 0.0016
v 0.6081 0.0872 0.0179
v -0.5807 0.1084 0.0028
v -0.5377 0.1047 0.0140
v 0.2664 0.0962 0.0023
v 0.4714 0.1044 0.0113
v -1.0324 0.0971 0.0263
v -0.4560 0.1150 0.0141
v 0.5736 0.1164 0.0210
v -0.5288 0.1810 -0.0010
v -0.4263 0.1560 0.0208
v -0.0021 0.1607 0.0063
v 0.0111 0.1589 0.0025
v -1.0491 0.1489 0.0452
v 0.5194 0.1937 0.0009
v 1.0001 0.2180 -0.0175
v -0.5153 0.2079 -0.0013
v -0.3631 0.2025 0.0271
v -0.5022 0.2322 0.0068
v -0.5458 0.2510 -0.0018
v -0.1964 0.2496 0.0044
v -0.1757 0.2495 0.0089
v 0.1861 0.2506 0.0040
v 0.1962 0.2480 0.0068
v 0.2026 0.2517 0.0112
v -0.1910 0.2552 0.0047
v 0.1928 0.2517 0.0004
v -0.2759 0.2615 0.0151
v -0.2598 0.2649 0.0118
v -0.0649 0.2733 0.0079
v -0.0505 0.2708 0.0070
v -0.2677 0.2743 0.0158
v -0.0446 0.2792 0.0109
v 0.0531 0.2814 0.0097
v 0.0927 0.2835 -0.0004
v -0.0712 0.2797 0.0040
v 0.0728 0.2788 0.0053
v 0.5385 0.2893 0.0079
v 0.5348 0.2915 -0.0012
v -0.2599 0.3254 0.0216
v 0.5344 0.3368 0.0168
v 0.9080 0.3872 -0.0174
v 0.0142 0.3986 0.0089
v -0.9084 0.4235 0.0444
v 0.0652 0.4113 0.0158
v 0.0910 0.4133 0.0272
v 0.6292 0.4429 0.0131
v -0.7454 0.4844 0.0311
v 0.6842 0.4731 0.0109
v -0.2016 -0.4739 0.0094
v -0.2280 -0.4732 0.0122
v 0.2906 -0.4488 0.0120
v 0.1076 -0.4548 0.0273
v -0.3720 -0.4274 0.0001
v -0.0442 -0.4195 0.0031
v -0.4034 -0.4204 0.0036
v -0.4669 -0.4094 0.0222
v -0.0009 -0.3733 0.0017
v 0.0007 -0.3584 0.0096
v 0.0058 -0.3660 0.0189
v -0.0012 -0.3417 0.0074
v 0.0038 -0.3458 0.0125
v -0.0001 -0.3202 0.0158
v 0.5292 -0.2993 0.0197
v 0.0308 -0.3138 0.0289
v 0.1055 -0.2941 0.0200
v -0.5318 -0.3066 0.0262
v -0.1396 -0.2724 0.0198
v 0.5055 -0.2505 0.0109
v 0.1478 -0.2711 0.0195
v -0.1846 -0.2561 0.0181
v -0.1739 -0.2473 0.0175
v -0.0878 -0.2528 0.0221
v 0.0279 -0.2511 0.0119
v 0.0945 -0.2454 0.0138
v 0.1900 -0.2549 0.0181
v -0.1560 -0.2501 0.0116
v -0.0885 -0.2405 0.0119
v -0.0358 -0.2412 0.0207
v -0.0170 -0.2488 0.0218
v 0.0449 -0.2419 0.0151
v 0.1719 -0.2474 0.0177
v -0.0720 -0.2299 0.0198
v 0.0755 -0.2364 0.0196
v 0.0862 -0.2231 -0.0001
v -0.0921 -0.2117 0.0092
v 0.5113 -0.1946 0.0216
v -0.3536 -0.1881 0.0094
v 0.2045 -0.1873 0.0087
v 0.1908 -0.1882 0.0151
v -0.3557 -0.1790 0.0077
v -0.3478 -0.1810 0.0227
v -0.1936 -0.1834 0.0143
v 0.1919 -0.1809 0.0136
v -0.7453 -0.1726 0.0110
v -0.7066 -0.1672 0.0078
v -0.5063 -0.1965 0.0182
v -0.2513 -0.1725 0.0182
v -0.2002 -0.1632 0.0084
v 0.1821 -0.1695 0.0186
v 0.2555 -0.1721 0.0165
v 0.2683 -0.1772 0.0104
v 0.7760 -0.1620 0.0024
v -0.1795 -0.1701 0.0138
v -0.1723 -0.1664 0.0273
v 0.1760 -0.1605 0.0101
v 0.1974 -0.1648 0.0113
v 0.2971 -0.1668 0.0262
v 0.3454 -0.1666 0.0218
v 0.3525 -0.1651 0.0163
v 0.6844 -0.1659 0.0212
v -0.3201 -0.1637 0.0204
v -0.1889 -0.1596 0.0163
v 0.2460 -0.1627 0.0070
v 0.3216 -0.1646 0.0085
v -0.3139 -0.1579 0.0050
v -0.1991 -0.1368 0.0077
v -0.0615 -0.1549 0.0139
v 0.2804 -0.1585 0.0150
v 0.3214 -0.1578 0.0083
v 0.3352 -0.1560 0.0194
v -0.5405 -0.1565 0.0166
v -0.0503 -0.1462 0.0144
v 0.1479 -0.1252 0.0113
v 0.1884 -0.1557 0.0182
v -0.6633 -0.1209 0.0089
v -0.1904 -0.1199 0.0080
v 0.0425 -0.1258 0.0079
v -0.0304 -0.1277 0.0156
v -0.0112 -0.1219 0.0116
v 0.0207 -0.1235 0.0107
v -0.1572 -0.1071 0.0048
v 0.0033 -0.1187 0.0149
v -0.2616 -0.0999 0.0199
v -0.0526 -0.1037 0.0158
v 0.0548 -0.1048 0.0118
v 0.1727 -0.1159 0.0217
v -0.0553 -0.0981 0.0159
v 0.0573 -0.0940 0.0105
v 0.9312 -0.0649 0.0060
v -0.0544 -0.0882 0.0145
v 0.2856 -0.0883 0.0180
v -0.1420 -0.0815 0.0115
v -0.1275 -0.0725 0.0103
v 0.0679 -0.0694 0.0155
v -0.4044 -0.0571 0.0171
v 0.4080 -0.0601 0.0168
v 0.6095 -0.0558 -0.0031
v -0.6590 -0.0333 0.0107
v 0.3946 -0.0434 0.0139
v -0.6028 -0.0668 0.0230
v -0.3968 -0.0421 0.0122
v -0.3937 -0.0467 0.0164
v -0.3913 -0.0365 0.0150
v 0.3946 -0.0355 0.0149
v -0.3717 -0.0253 0.0139
v 0.3808 -0.0308 0.0161
v -0.3774 -0.0201 0.0136
v 0.3829 -0.0206 0.0145
v 0.0395 -0.0025 0.0230
v 0.2747 0.0129 0.0156
v 0.2864 0.0107 0.0137
v -0.2766 0.0138 0.0143
v -0.2383 0.0141 0.0203
v -0.2242 0.0217 0.0133
v -0.2032 0.0198 0.0163
v 0.2537 0.0174 0.0193
v 0.2874 0.0184 0.0196
v 0.2298 0.0228 0.0136
v 0.2450 0.0300 0.0123
v 0.3067 0.0326 0.0109
v -0.2625 0.0257 0.0174
v 0.2626 0.0307 0.0172
v -0.3093 0.0490 0.0034
v -0.2807 0.0347 0.0128
v -0.2356 0.0406 0.0121
v -0.1837 0.0432 0.0333
v 0.2423 0.0451 0.0127
v 0.2872 0.0436 0.0138
v -0.5698 0.0483 0.0266
v -0.2887 0.0586 0.0259
v -0.3082 0.0565 0.0102
v -0.2162 0.0573 0.0002
v 0.2973 0.0492 0.0042
v -0.3087 0.0730 0.0132
v 0.6031 0.0662 0.0044
v -0.5871 0.0663 0.0121
v -0.5720 0.0673 0.0078
v -0.5609 0.0781 0.0162
v -0.1848 0.0691 0.0186
v 0.5444 0.0805 0.0146
v -0.5420 0.0778 0.0204
v -0.1890 0.0732 0.0109
v 0.1905 0.0718 0.0123
v 0.2038 0.0727 0.0129
v -0.2986 0.0870 0.0114
v -0.2964 0.0889 0.0209
v 0.3042 0.0869 0.0180
v 0.5356 0.0848 0.0193
v 0.5438 0.0881 0.0166
v 0.5569 0.0837 0.0141
v 0.5831 0.0905 0.0149
v -0.2671 0.0955 0.0133
v -0.2548 0.0900 0.0207
v 0.2641 0.0906 0.0184
v 0.5178 0.0948 0.0215
v 0.5674 0.0913 0.0196
v 0.2640 0.0943 0.0193
v 0.5344 0.1015 0.0196
v 0.5521 0.1051 0.0098
v 0.4607 0.1205 -0.0053
v 0.0442 0.1239 0.0201
v 0.5468 0.1422 0.0226
v -0.0100 0.1578 0.0026
v 0.5285 0.1706 0.0086
v -0.3981 0.1776 0.0328
v 0.3637 0.2132 -0.0068
v -1.0324 0.2044 0.0266
v 0.4877 0.2182 0.0172
v 0.3279 0.2380 0.0099
v -0.1596 0.2505 0.0193
v 0.1647 0.2510 0.0159
v 0.4938 0.2552 0.0199
v -0.1778 0.2558 0.0145
v -0.1663 0.2561 0.0154
v 0.1836 0.2559 0.0157
v 0.2773 0.2555 0.0292
v -0.2006 0.2562 0.0126
v 0.0550 0.2650 0.0035
v 0.1998 0.2561 0.0123
v 0.2611 0.2646 0.0148
v -0.5339 0.2749 0.0137
v 0.0563 0.2758 0.0116
v 0.5423 0.2748 0.0094
v -0.5417 0.2757 0.0085
v -0.0523 0.2799 0.0108
v 0.0482 0.2785 0.0098
v 0.0585 0.2812 0.0142
v -0.5370 0.2803 0.0054
v -0.0444 0.2870 0.0209
v 0.5435 0.2814 0.0081
v -0.5298 0.3014 0.0014
v -0.5401 0.3569 0.0218
v -0.5458 0.3515 0.0013
v 0.5494 0.3637 0.0151
v -0.6086 0.4272 0.0076
v -0.1474 0.4096 0.0187
v 0.1148 0.4141 0.0416
v 0.6105 0.4142 0.0235
v 0.8558 0.4508 0.0233
v -0.6375 0.4538 0.0014
v -0.8239 0.4617 0.0195
v -0.6916 0.4755 0.0284
v 0.6625 0.4631 0.0208
v -0.2526 -0.4706 0.0339
v 0.1988 -0.4734 0.0110
v -0.2821 -0.4545 0.0196
v 0.4541 -0.4178 0.0213
v 0.4857 -0.3860 0.0057
v 0.0370 -0.4050 0.0318
v -0.4935 -0.4093 0.0486
v -0.0106 -0.3883 0.0034
v -0.5032 -0.3742 0.0121
v 0.5167 -0.3522 0.0061
v 0.0002 -0.3538 0.0259
v -0.0010 -0.3240 0.0174
v -0.0886 -0.2987 0.0250
v 0.0594 -0.3038 0.0313
v -0.1281 -0.2893 0.0238
v 0.1334 -0.2937 0.0278
v -0.5192 -0.2792 0.0267
v 0.1691 -0.2706 0.0238
v -0.5072 -0.2643 0.0365
v -0.1391 -0.2597 0.0229
v -0.1259 -0.2551 0.0072
v -0.1593 -0.2527 0.0265
v 0.0095 -0.2508 0.0212
v 0.1940 -0.2532 0.0227
v 0.0430 -0.2404 0.0239
v 0.5027 -0.2296 0.0187
v -0.0754 -0.2144 0.0189
v -0.0397 -0.2428 0.0271
v 0.0528 -0.2334 0.0229
v -0.0512 -0.2312 0.0207
v 0.0805 -0.2127 0.0122
v 0.0889 -0.2128 0.0146
v -0.4977 -0.2200 0.0206
v 0.0743 -0.2114 0.0234
v -0.0667 -0.2043 0.0223
v -0.1812 -0.1844 0.0172
v 0.2768 -0.1815 0.0206
v 0.3536 -0.1827 0.0205
v -0.7818 -0.1605 0.0032
v -0.3545 -0.1700 0.0227
v -0.1882 -0.1809 0.0180
v -0.1772 -0.1737 0.0297
v -0.0293 -0.1723 0.0301
v 0.1929 -0.1774 0.0202
v 0.2842 -0.1740 0.0246
v 0.3602 -0.1732 0.0355
v 0.7065 -0.1802 0.0273
v -0.6754 -0.1537 0.0122
v -0.3367 -0.1662 0.0204
v -0.2689 -0.1584 0.0136
v -0.2647 -0.1736 0.0249
v 0.2600 -0.1638 0.0150
v 0.3145 -0.1652 0.0262
v -0.2826 -0.1585 0.0147
v -0.1820 -0.1494 0.0215
v -0.0479 -0.1573 0.0161
v 0.1793 -0.1572 0.0344
v 0.3371 -0.1631 0.0218
v -0.3030 -0.1571 0.0280
v 0.3206 -0.1567 0.0230
v -0.0416 -0.1362 0.0201
v -0.1797 -0.1197 0.0180
v 0.1777 -0.1246 0.0270
v 0.6731 -0.1434 0.0303
v -0.1709 -0.1177 0.0214
v -0.1440 -0.1297 0.0311
v -0.0068 -0.1182 0.0225
v 0.5969 -0.1092 0.0130
v -0.0418 -0.1024 0.0221
v -0.0014 -0.1063 0.0231
v 0.0070 -0.1072 0.0237
v 0.0314 -0.1109 0.0239
v 0.0490 -0.1036 0.0224
v 0.2696 -0.1035 0.0178
v 0.2842 -0.0991 0.0277
v -0.6633 -0.0696 0.0173
v -0.5886 -0.1138 0.0219
v -0.2865 -0.0949 0.0217
v -0.0280 -0.1034 0.0258
v 0.0003 -0.0985 0.0166
v 0.0569 -0.0961 0.0274
v 0.0597 -0.0958 0.0568
v 0.2682 -0.0953 0.0204
v 0.2907 -0.0910 0.0270
v -0.2926 -0.0905 0.0258
v -0.2797 -0.0879 0.0173
v -0.2778 -0.0884 0.0289
v 0.0029 -0.0890 0.0248
v 0.4189 -0.0872 0.0287
v -0.4113 -0.0806 0.0259
v 0.0612 -0.0705 0.0116
v 0.1431 -0.0784 0.0231
v 0.4203 -0.0695 0.0236
v -0.0732 -0.0706 0.0177
v -0.0620 -0.0713 0.0222
v -0.0554 -0.0725 0.0223
v 0.0762 -0.0708 0.0114
v 0.0974 -0.0633 0.0107
v 0.4083 -0.0745 0.0230
v -0.4003 -0.0616 0.0247
v 0.4043 -0.0570 0.0230
v -0.3964 -0.0459 0.0224
v 0.4005 -0.0441 0.0216
v 0.6019 -0.0260 0.0035
v -0.0304 -0.0260 0.0228
v 0.0365 -0.0316 0.0290
v 0.6548 -0.0368 0.0361
v -0.2774 0.0121 0.0192
v 0.2647 0.0120 0.0233
v 0.2684 0.0112 0.0295
v -0.2304 0.0123 0.0292
v 0.2153 0.0182 0.0235
v 0.2735 0.0253 0.0158
v -0.6261 0.0488 0.0074
v -0.5771 0.0231 0.0408
v -0.2958 0.0283 0.0197
v -0.2488 0.0242 0.0167
v 0.6335 0.0408 0.0088
v 0.1914 0.0350 0.0075
v -0.3048 0.0471 0.0191
v -0.2437 0.0366 0.0151
v -0.2739 0.0473 0.0217
v -0.2420 0.0495 0.0182
v 0.2654 0.0463 0.0208
v 0.2986 0.0422 0.0374
v -0.5737 0.0637 0.0231
v -0.2123 0.0678 0.0092
v 0.2993 0.0731 0.0229
v 0.5790 0.0668 0.0245
v -0.5515 0.0678 0.0275
v 0.2298 0.0626 0.0140
v 0.5523 0.0709 0.0229
v 0.5664 0.0717 0.0219
v -0.5865 0.0790 0.0155
v -0.5817 0.0729 0.0283
v -0.5470 0.0812 0.0243
v -0.2944 0.0681 0.0220
v 0.2055 0.0762 0.0249
v 0.3187 0.0671 0.0263
v 0.5512 0.0806 0.0233
v 0.5474 0.0777 0.0221
v -0.5385 0.0904 0.0177
v 0.2996 0.0890 0.0181
v -0.5303 0.0995 0.0158
v 0.5376 0.0953 0.0153
v -0.5524 0.1021 0.0092
v -0.5623 0.0904 0.0212
v -0.4526 0.1050 0.0348
v -0.5841 0.1261 0.0005
v -0.0364 0.1406 0.0172
v -0.4975 0.1933 0.0191
v 0.5027 0.1794 0.0317
v -0.1877 0.2505 0.0149
v 0.1861 0.2492 0.0161
v -0.2747 0.2542 0.0315
v -0.1748 0.2562 0.0218
v -0.1476 0.2525 0.0257
v 0.1668 0.2563 0.0193
v 0.1816 0.2524 0.0221
v -0.2442 0.2618 0.0246
v 0.2476 0.2655 0.0169
v -0.2487 0.2686 0.0162
v 0.2656 0.2715 0.0157
v 0.2625 0.2630 0.0330
v 0.5131 0.2945 0.0376
v -0.0330 0.2829 0.0242
v 0.0307 0.2854 0.0247
v 0.0517 0.2803 0.0213
v 0.2695 0.2861 0.0187
v 0.0404 0.2870 0.0240
v 0.0470 0.2874 0.0268
v 0.5406 0.3118 0.0246
v -0.5307 0.3244 0.0111
v -0.9884 0.3367 0.0416
v 0.5442 0.3574 0.0267
v -0.5881 0.3970 0.0063
v 0.0155 0.3756 0.0365
v -0.0481 0.4063 0.0171
v 0.5808 0.3979 0.0403
v -0.8655 0.4491 0.0381
v -0.8215 0.4707 0.0434
v 0.7443 0.4833 0.0275
v 0.2320 -0.4745 0.0165
v 0.2813 -0.4588 0.0250
v -0.1691 -0.4627 0.0159
v -0.1410 -0.4577 0.0155
v 0.1728 -0.4616 0.0142
v 0.4139 -0.4235 0.0093
v 0.0819 -0.4458 0.0429
v -0.5249 -0.3703 0.0391
v -0.5451 -0.3417 0.0580
v -0.0007 -0.3449 0.0177
v 0.0057 -0.3534 0.0321
v 0.0068 -0.3271 0.0268
v -0.0366 -0.3101 0.0349
v -0.0619 -0.3015 0.0271
v -0.1183 -0.2968 0.0266
v 0.0835 -0.2995 0.0312
v 0.1142 -0.2986 0.0293
v 0.1587 -0.3031 0.0427
v -0.1620 -0.2827 0.0335
v 0.1694 -0.2824 0.0337
v 0.5144 -0.2691 0.0283
v -0.1663 -0.2696 0.0208
v -0.4982 -0.2563 0.0348
v -0.1041 -0.2614 0.0310
v -0.0616 -0.2547 0.0290
v 0.1340 -0.2594 0.0207
v 0.1476 -0.2598 0.0236
v 0.1805 -0.2614 0.0411
v -0.4952 -0.2470 0.0359
v 0.0574 -0.2439 0.0263
v 0.1610 -0.2542 0.0195
v 0.5031 -0.2483 0.0253
v -0.1905 -0.2498 0.0253
v -0.0471 -0.2413 0.0273
v 0.0227 -0.2462 0.0236
v 0.0361 -0.2407 0.0285
v 0.1816 -0.2388 0.0299
v -0.1779 -0.2357 0.0299
v -0.0341 -0.2334 0.0265
v -0.0184 -0.2431 0.0289
v 0.0239 -0.2429 0.0300
v 0.0398 -0.2329 0.0236
v 0.0480 -0.2368 0.0313
v 0.0573 -0.2320 0.0287
v -0.4982 -0.2397 0.0384
v -0.0402 -0.2269 0.0266
v 0.1856 -0.2295 0.0313
v 0.5045 -0.2093 0.0188
v -0.0612 -0.2073 0.0314
v 0.0511 -0.2190 0.0292
v 0.0508 -0.2215 0.0238
v -0.0483 -0.2139 0.0244
v -0.0481 -0.2126 0.0288
v 0.0663 -0.2116 0.0212
v -0.0543 -0.2040 0.0275
v 0.0558 -0.2076 0.0286
v 0.0661 -0.2005 0.0249
v -0.1823 -0.1877 0.0292
v -0.3534 -0.1801 0.0251
v -0.2793 -0.1782 0.0340
v 0.1817 -0.1787 0.0341
v 0.2726 -0.1806 0.0261
v 0.7372 -0.1758 0.0138
v -0.3426 -0.1647 0.0310
v -0.3512 -0.1764 0.0352
v -0.0150 -0.1788 0.0347
v 0.0427 -0.1677 0.0254
v 0.5405 -0.1593 0.0153
v -0.6778 -0.1646 0.0319
v -0.3107 -0.1653 0.0408
v -0.2931 -0.1653 0.0317
v -0.0470 -0.1631 0.0219
v 0.2754 -0.1696 0.0280
v 0.3008 -0.1667 0.0386
v -0.3306 -0.1568 0.0292
v 0.0438 -0.1617 0.0297
v 0.1728 -0.1582 0.0207
v 0.3343 -0.1568 0.0321
v -0.3375 -0.1582 0.0257
v 0.0251 -0.1433 0.0346
v 0.0450 -0.1555 0.0226
v 0.0453 -0.1378 0.0217
v -0.1734 -0.1370 0.0304
v -0.0094 -0.1274 0.0263
v 0.1793 -0.1418 0.0294
v -0.0121 -0.1091 0.0324
v 0.0045 -0.1208 0.0384
v 0.0097 -0.1184 0.0277
v -0.0502 -0.1034 0.0317
v -0.0291 -0.1080 0.0275
v -0.0107 -0.1043 0.0310
v 0.0160 -0.1113 0.0317
v 0.0455 -0.1032 0.0450
v 0.1662 -0.1000 0.0258
v -0.2719 -0.0931 0.0349
v -0.1618 -0.0932 0.0195
v 0.0432 -0.0983 0.0229
v 0.2760 -0.0961 0.0305
v -0.1592 -0.0846 0.0228
v -0.1429 -0.0758 0.0222
v 0.1592 -0.0848 0.0205
v -0.5926 -0.0854 0.0488
v -0.1231 -0.0741 0.0252
v 0.0610 -0.0662 0.0316
v 0.2823 -0.0863 0.0216
v 0.4090 -0.0741 0.0303
v -0.4157 -0.0760 0.0258
v -0.0479 -0.0796 0.0353
v 0.4071 -0.0687 0.0324
v 0.4209 -0.0733 0.0298
v -0.0574 -0.0626 0.0276
v 0.1174 -0.0720 0.0256
v 0.9630 -0.0329 0.0095
v -0.4128 -0.0608 0.0256
v -0.9523 -0.0856 0.0455
v -0.4057 -0.0519 0.0215
v 0.4189 -0.0666 0.0369
v -0.0306 -0.0332 0.0330
v 0.0263 -0.0292 0.0292
v 0.0011 -0.0368 0.0324
v 0.0385 -0.0305 0.0438
v -0.6373 0.0111 0.0213
v 0.2559 0.0064 0.0288
v 0.5800 0.0339 0.0229
v 0.2021 0.0192 0.0371
v 0.2727 0.0279 0.0441
v -0.1914 0.0285 0.0323
v 0.1900 0.0369 0.0285
v 0.6310 0.0344 0.0329
v -0.6221 0.0498 0.0293
v 0.5673 0.0563 0.0313
v -0.2487 0.0606 0.0306
v 0.2777 0.0569 0.0321
v -0.6117 0.0781 0.0190
v -0.2888 0.0615 0.0379
v 0.1895 0.0653 0.0173
v -0.6018 0.0901 0.0191
v -0.5612 0.0715 0.0277
v -0.5518 0.0709 0.0311
v -0.3300 0.0715 0.0346
v 0.2537 0.0612 0.0317
v 0.2983 0.0650 0.0298
v 0.3353 0.0753 0.0314
v 0.5628 0.0654 0.0389
v 0.5685 0.0671 0.0335
v 0.5833 0.0773 0.0235
v -0.5724 0.0870 0.0229
v -0.5362 0.0762 0.0324
v -0.3283 0.0780 0.0268
v -0.2000 0.0735 0.0158
v 0.3055 0.0808 0.0262
v -0.5240 0.0829 0.0384
v -0.3142 0.0776 0.0199
v -0.0431 0.1034 0.0044
v 0.1979 0.0843 0.0272
v 0.3167 0.0798 0.0241
v 0.5351 0.0873 0.0316
v 0.5325 0.0850 0.0296
v 0.5449 0.0859 0.0299
v -0.3041 0.0960 0.0248
v -0.3067 0.0958 0.0367
v -0.5391 0.0894 0.0450
v -0.5161 0.0925 0.0260
v -0.4891 0.0944 0.0458
v -0.0423 0.1254 0.0195
v 0.3091 0.0955 0.0266
v 0.4552 0.1048 0.0354
v 0.5385 0.0971 0.0337
v -0.5295 0.1030 0.0257
v -0.5605 0.1321 0.0158
v 0.0526 0.1366 0.0361
v -0.2242 0.1577 0.0330
v -0.2122 0.1576 0.0338
v 0.2323 0.1577 0.0352
v 1.0335 0.2106 0.0233
v 0.3158 0.2375 0.0251
v -0.2932 0.2328 0.0467
v 1.0087 0.2557 0.0026
v -0.1748 0.2503 0.0216
v 0.1586 0.2499 0.0270
v -0.2569 0.2541 0.0328
v 0.1461 0.2522 0.0244
v 0.2508 0.2579 0.0244
v 0.2577 0.2540 0.0339
v -0.2282 0.2644 0.0254
v -0.2070 0.2663 0.0330
v 0.2127 0.2652 0.0357
v 0.2704 0.2715 0.0289
v -0.2451 0.2646 0.0292
v -0.1867 0.2677 0.0298
v -0.0033 0.2777 0.0304
v -0.4932 0.2768 0.0330
v -0.0449 0.2847 0.0271
v 0.0104 0.2764 0.0305
v -0.5453 0.2914 0.0211
v -0.2698 0.2723 0.0317
v -1.0139 0.2726 0.0239
v 0.0346 0.2949 0.0285
v 0.5441 0.2976 0.0249
v -0.5458 0.3032 0.0294
v -0.0264 0.2921 0.0299
v -0.2716 0.2990 0.0340
v 0.5574 0.3090 0.0370
v -0.2422 0.3486 0.0404
v -0.9518 0.3711 0.0230
v -0.0621 0.3982 0.0529
v 0.1444 0.4110 0.0258
v 0.6324 0.4271 0.0377
v -0.6473 0.4551 0.0262
v -0.7816 0.4818 0.0534
v -0.2216 -0.4764 0.0363
v -0.3446 -0.4567 0.0299
v -0.0749 -0.4417 0.0223
v -0.4112 -0.4461 0.0449
v 0.0091 -0.3648 0.0444
v 0.5331 -0.3361 0.0222
v 0.0064 -0.3450 0.0499
v 0.0206 -0.3303 0.0583
v -0.0055 -0.3294 0.0376
v -0.5467 -0.3153 0.0510
v -0.0666 -0.2963 0.0474
v 0.0379 -0.3121 0.0431
v 0.1312 -0.3011 0.0384
v -0.1286 -0.3014 0.0374
v 0.0883 -0.2968 0.0408
v -0.5374 -0.2898 0.0447
v -0.1669 -0.2785 0.0369
v -0.5207 -0.2762 0.0372
v 0.1676 -0.2737 0.0448
v 0.5209 -0.2714 0.0411
v 0.0295 -0.2531 0.0302
v 0.0763 -0.2612 0.0316
v 0.1000 -0.2609 0.0302
v 0.5112 -0.2665 0.0450
v -0.1313 -0.2612 0.0404
v -0.0183 -0.2524 0.0306
v 0.0207 -0.2518 0.0304
v 0.4825 -0.2539 0.0429
v 0.2031 -0.2478 0.0410
v 0.4902 -0.2524 0.0392
v -0.1577 -0.2516 0.0466
v 0.4994 -0.2410 0.0361
v -0.4363 -0.2402 0.0386
v -0.1769 -0.2302 0.0478
v -0.0469 -0.2302 0.0318
v -0.0173 -0.2368 0.0390
v -0.1805 -0.2240 0.0405
v -0.0238 -0.2285 0.0351
v -0.0191 -0.2277 0.0321
v 0.2024 -0.2380 0.0342
v 0.1857 -0.2208 0.0389
v -0.0131 -0.2280 0.0375
v -0.5125 -0.2076 0.0420
v 0.0634 -0.2111 0.0313
v 0.1863 -0.1880 0.0287
v -0.6874 -0.1731 0.0284
v -0.2881 -0.1749 0.0372
v -0.1759 -0.1706 0.0366
v 0.0012 -0.1825 0.0420
v 0.2857 -0.1790 0.0376
v -0.2930 -0.1665 0.0454
v -0.2700 -0.1856 0.0283
v -0.0261 -0.1696 0.0370
v 0.0244 -0.1765 0.0369
v 0.2845 -0.1689 0.0395
v 0.3535 -0.1755 0.0355
v 0.5385 -0.1547 0.0340
v -0.5147 -0.1849 0.0376
v -0.2824 -0.1679 0.0418
v -0.1706 -0.1693 0.0384
v 0.0356 -0.1620 0.0317
v 0.1738 -0.1680 0.0401
v 0.3497 -0.1647 0.0370
v 0.3586 -0.1685 0.0210
v 0.6892 -0.1786 0.0472
v 0.8621 -0.1385 0.0201
v -0.3544 -0.1617 0.0411
v -0.3419 -0.1579 0.0415
v -0.3014 -0.1508 0.0510
v -0.1622 -0.1505 0.0323
v 0.1565 -0.1431 0.0416
v 0.3140 -0.1661 0.0424
v 0.3446 -0.1584 0.0434
v -0.6687 -0.1361 0.0298
v 0.0229 -0.1576 0.0429
v 0.2988 -0.1585 0.0365
v 0.3241 -0.1494 0.0274
v -0.3181 -0.1496 0.0318
v -0.1692 -0.1230 0.0342
v -0.0223 -0.1442 0.0379
v 0.0144 -0.1317 0.0322
v 0.1392 -0.1230 0.0297
v -0.0080 -0.1156 0.0413
v -0.5827 -0.1117 0.0478
v 0.0248 -0.1043 0.0428
v -0.6664 -0.0769 0.0333
v -0.2774 -0.0972 0.0334
v -0.1536 -0.1001 0.0341
v -0.0843 -0.1031 0.0356
v -0.0575 -0.0967 0.0330
v 0.0225 -0.1042 0.0284
v 0.2769 -0.0895 0.0412
v 0.9421 -0.0836 0.0353
v -0.2787 -0.0904 0.0363
v -0.0021 -0.0880 0.0373
v 0.0115 -0.0990 0.0324
v 0.0536 -0.0840 0.0306
v -0.4074 -0.0720 0.0317
v -0.0901 -0.0688 0.0236
v 0.0720 -0.0742 0.0372
v 0.6098 -0.0742 0.0016
v -0.4124 -0.0685 0.0390
v -0.0617 -0.0664 0.0341
v -0.0498 -0.0642 0.0405
v 0.0542 -0.0636 0.0398
v 0.4148 -0.0674 0.0382
v 0.5986 -0.0533 0.0444
v 0.0653 -0.0660 0.0366
v 0.0299 -0.0382 0.0426
v -0.0341 -0.0123 0.0308
v -0.5879 -0.0319 0.0507
v -0.0421 -0.0072 0.0418
v 1.0046 -0.0201 0.0441
v 1.0086 0.0391 0.0137
v -0.2564 0.0080 0.0271
v 0.2491 0.0116 0.0327
v -0.2463 0.0232 0.0526
v -0.1954 0.0183 0.0430
v 0.0431 -0.0033 0.0416
v 0.2386 0.0118 0.0247
v 0.2191 0.0188 0.0551
v 0.1961 0.0271 0.0377
v 1.0369 0.0537 0.0423
v -0.1813 0.0434 0.0352
v 0.1835 0.0450 0.0386
v -0.3122 0.0599 0.0264
v -0.5586 0.0514 0.0442
v -0.1867 0.0541 0.0462
v 0.2883 0.0590 0.0328
v -0.5451 0.0638 0.0432
v 0.3198 0.0621 0.0479
v -0.5719 0.0668 0.0349
v 0.3364 0.0707 0.0418
v -0.5308 0.0814 0.0386
v -0.1854 0.0752 0.0357
v 0.0493 0.0403 0.0502
v -0.5225 0.0928 0.0364
v -0.3157 0.0873 0.0384
v -0.1957 0.0886 0.0346
v 0.2098 0.0835 0.0392
v 0.3237 0.0880 0.0350
v 0.3316 0.0791 0.0490
v 0.3375 0.0835 0.0363
v 0.5386 0.0787 0.0455
v -0.3284 0.0885 0.0342
v 0.3064 0.0931 0.0357
v 0.5298 0.0955 0.0309
v 0.5496 0.0878 0.0463
v -0.4508 0.1018 0.0449
v 0.2016 0.0957 0.0312
v 0.4606 0.1018 0.0476
v 0.5219 0.0949 0.0421
v 0.5829 0.1028 0.0304
v -0.0525 0.1391 0.0365
v -0.1948 0.1574 0.0444
v 0.2173 0.1582 0.0331
v 0.2316 0.1561 0.0417
v 0.4245 0.1633 0.0196
v -0.2213 0.1637 0.0367
v -0.0295 0.1559 0.0264
v 0.0394 0.1544 0.0390
v 0.3474 0.2090 0.0401
v -0.4786 0.2208 0.0244
v -0.0031 0.2338 0.0422
v 0.0058 0.2345 0.0422
v 0.0005 0.2476 0.0268
v -0.4775 0.2547 0.0282
v 0.0058 0.2467 0.0294
v -0.2468 0.2556 0.0387
v -0.2300 0.2585 0.0316
v 0.2299 0.2633 0.0278
v 0.2365 0.2535 0.0419
v 0.2461 0.2562 0.0387
v -0.2585 0.2590 0.0370
v -0.1990 0.2625 0.0448
v -0.0024 0.2679 0.0395
v 0.1923 0.2667 0.0299
v 0.2021 0.2628 0.0457
v 0.2334 0.2608 0.0492
v -0.2095 0.2647 0.0446
v -0.1919 0.2712 0.0329
v 0.1862 0.2715 0.0390
v 0.2427 0.2654 0.0290
v 0.2036 0.2723 0.0325
v 0.4727 0.2751 0.0487
v -0.5250 0.3089 0.0419
v 0.0028 0.2864 0.0348
v 0.0153 0.2841 0.0434
v 0.0314 0.2886 0.0301
v -0.5732 0.3036 0.0387
v -0.5647 0.3046 0.0414
v -0.5639 0.3130 0.0374
v 0.2670 0.3179 0.0242
v 0.5793 0.3055 0.0383
v -0.5486 0.3181 0.0369
v 0.5672 0.3108 0.0381
v 0.9645 0.3547 0.0153
v -0.5395 0.3496 0.0314
v 0.5493 0.3543 0.0371
v -0.0128 0.3752 0.0362
v -0.5618 0.3842 0.0340
v -0.0280 0.3869 0.0321
v 0.5601 0.3794 0.0382
v 0.1735 0.4006 0.0320
v -0.5990 0.4089 0.0200
v 0.0545 0.4001 0.0302
v -0.6291 0.4270 0.0377
v -0.1126 0.4139 0.0436
v 0.6563 0.4530 0.0336
v 0.8184 0.4728 0.0438
v 0.7642 0.4834 0.0510
v 0.2197 -0.4767 0.0335
v -0.2757 -0.4642 0.0372
v 0.3426 -0.4561 0.0279
v -0.1059 -0.4544 0.0226
v 0.0636 -0.4323 0.0516
v -0.0317 -0.4065 0.0191
v -0.5177 -0.3945 0.0686
v 0.0174 -0.3718 0.0600
v -0.0024 -0.3634 0.0398
v -0.0028 -0.3501 0.0379
v -0.0008 -0.3400 0.0404
v 0.5461 -0.3113 0.0461
v -0.0524 -0.3013 0.0521
v -0.1488 -0.3031 0.0414
v -0.1451 -0.3029 0.0456
v 0.1703 -0.3103 0.0488
v -0.1676 -0.2956 0.0418
v -0.1287 -0.2945 0.0453
v 0.0633 -0.2968 0.0491
v 0.0984 -0.2881 0.0551
v 0.1317 -0.2947 0.0445
v -0.1708 -0.2875 0.0449
v 0.1656 -0.2802 0.0452
v 0.1825 -0.2925 0.0471
v -0.1620 -0.2819 0.0450
v -0.1605 -0.2735 0.0475
v 0.1423 -0.2818 0.0494
v 0.1757 -0.2845 0.0444
v -0.1777 -0.2597 0.0407
v 0.1183 -0.2638 0.0393
v -0.1870 -0.2557 0.0427
v 0.1382 -0.2593 0.0377
v 0.4917 -0.2572 0.0530
v -0.4765 -0.2545 0.0417
v -0.4918 -0.2489 0.0455
v -0.2019 -0.2445 0.0364
v -0.5039 -0.2395 0.0457
v -0.4370 -0.2357 0.0396
v -0.4249 -0.2404 0.0395
v 0.1918 -0.2386 0.0458
v 0.5082 -0.2205 0.0382
v 0.1827 -0.2256 0.0440
v -0.5251 -0.2172 0.0530
v 0.0045 -0.2175 0.0465
v -0.5179 -0.1916 0.0568
v -0.6843 -0.1742 0.0436
v -0.0003 -0.1841 0.0479
v 0.8313 -0.1690 0.0360
v -0.2807 -0.1777 0.0406
v -0.0086 -0.1743 0.0454
v 0.3569 -0.1719 0.0450
v -0.8591 -0.1558 0.0422
v -0.3487 -0.1648 0.0487
v -0.1693 -0.1724 0.0485
v 0.0110 -0.1701 0.0503
v 0.1667 -0.1648 0.0503
v 0.2971 -0.1668 0.0451
v 0.3511 -0.1676 0.0489
v -0.3236 -0.1576 0.0594
v -0.2945 -0.1587 0.0507
v 0.3325 -0.1572 0.0447
v 0.3586 -0.1587 0.0516
v -0.9244 -0.1258 0.0601
v -0.3308 -0.1505 0.0405
v 0.3073 -0.1501 0.0474
v 0.3328 -0.1505 0.0438
v 0.6868 -0.1729 0.0627
v -0.5407 -0.1463 0.0535
v -0.1515 -0.1467 0.0491
v 0.0138 -0.1339 0.0528
v 0.1685 -0.1298 0.0552
v 0.0007 -0.1270 0.0418
v 0.0101 -0.1263 0.0482
v 0.0931 -0.1046 0.0362
v 0.1655 -0.1179 0.0514
v -0.0336 -0.1039 0.0504
v -0.0747 -0.0963 0.0554
v 0.0738 -0.0969 0.0579
v -0.0108 -0.0942 0.0450
v 0.0320 -0.0938 0.0448
v 0.1439 -0.0957 0.0397
v 0.6773 -0.0974 0.0473
v -0.0277 -0.0943 0.0438
v -0.0655 -0.0729 0.0362
v -0.0384 -0.0734 0.0543
v 0.2763 -0.0831 0.0450
v 0.6660 -0.0778 0.0646
v -0.6488 -0.0285 0.0330
v 0.0008 -0.0567 0.0542
v -0.6395 0.0011 0.0435
v 0.0507 -0.0069 0.0491
v -0.0423 0.0252 0.0438
v 0.1978 0.0129 0.0488
v 0.2033 0.0133 0.0466
v 0.6476 -0.0182 0.0529
v -1.0102 -0.0100 0.0469
v -0.2109 0.0185 0.0494
v -0.2576 0.0210 0.0415
v -1.0391 0.0114 0.0735
v -0.2893 0.0372 0.0375
v -0.1939 0.0304 0.0477
v -0.0765 0.0317 0.0507
v -0.1804 0.0431 0.0473
v -0.1782 0.0482 0.0440
v 0.1886 0.0526 0.0407
v 0.2896 0.0434 0.0533
v -0.3288 0.0691 0.0460
v -0.2724 0.0549 0.0486
v 0.3037 0.0516 0.0593
v -0.2665 0.0581 0.0366
v -0.0448 0.1139 0.0501
v 0.2554 0.0641 0.0502
v 0.5291 0.0808 0.0392
v -0.5623 0.0659 0.0438
v -0.5648 0.0724 0.0463
v -0.5488 0.0706 0.0455
v 0.5506 0.0667 0.0515
v 1.0345 0.1205 0.0199
v -1.0495 0.0714 0.0588
v -0.5619 0.0853 0.0378
v 0.2359 0.0733 0.0502
v 0.3063 0.0756 0.0397
v 0.5538 0.0808 0.0517
v -0.5540 0.0856 0.0457
v -0.5377 0.0795 0.0446
v -0.3323 0.0806 0.0410
v -0.3229 0.0845 0.0333
v -0.1988 0.0941 0.0435
v -0.1825 0.0846 0.0539
v 0.5670 0.0864 0.0365
v -0.5292 0.0938 0.0444
v 0.5399 0.0949 0.0447
v 0.5841 0.0757 0.0538
v -0.4567 0.0997 0.0527
v 0.3171 0.0956 0.0428
v 0.4498 0.1026 0.0466
v 0.0492 0.1080 0.0496
v -0.0486 0.1344 0.0352
v -0.4354 0.1206 0.0523
v -0.2307 0.1581 0.0408
v -0.0395 0.1492 0.0429
v 0.2054 0.1596 0.0442
v 0.2140 0.1592 0.0472
v -0.2306 0.1619 0.0471
v -0.2172 0.1656 0.0460
v -0.2072 0.1654 0.0462
v -0.0025 0.1618 0.0448
v 0.2130 0.1642 0.0456
v 0.2268 0.1625 0.0476
v -0.2384 0.1655 0.0422
v 0.2280 0.1725 0.0451
v 0.2393 0.1709 0.0442
v 0.2444 0.1652 0.0457
v -0.7251 0.1748 0.0473
v -0.2517 0.1896 0.0453
v -0.2289 0.1752 0.0452
v 0.2604 0.1880 0.0480
v -0.7098 0.1936 0.0460
v -0.2458 0.1947 0.0465
v 0.2530 0.1881 0.0446
v 0.7253 0.1897 0.0463
v -0.7065 0.2076 0.0451
v -0.2499 0.2089 0.0453
v 0.2613 0.2069 0.0463
v 0.7040 0.2121 0.0470
v -0.7017 0.2202 0.0456
v 0.4573 0.2337 0.0501
v -0.6925 0.2197 0.0462
v 0.3171 0.2244 0.0525
v 0.7130 0.2110 0.0453
v -0.6885 0.2345 0.0450
v -0.4711 0.2383 0.0277
v -0.3181 0.2242 0.0431
v 0.2834 0.2388 0.0469
v 0.2902 0.2348 0.0526
v -0.6761 0.2501 0.0470
v -0.6772 0.2388 0.0466
v -0.2605 0.2393 0.0531
v 0.0003 0.2482 0.0452
v 0.0069 0.2422 0.0529
v -0.2543 0.2422 0.0528
v -0.2378 0.2423 0.0534
v 0.2373 0.2415 0.0529
v 0.2536 0.2529 0.0451
v -0.6610 0.2529 0.0464
v -0.2688 0.2576 0.0403
v -0.2520 0.2558 0.0472
v -0.2359 0.2565 0.0431
v -0.2174 0.2578 0.0459
v 0.2209 0.2578 0.0457
v 0.2740 0.2576 0.0414
v 0.6869 0.2401 0.0451
v -0.6559 0.2655 0.0453
v -0.6449 0.2677 0.0481
v -0.2320 0.2643 0.0395
v 0.2138 0.2647 0.0458
v 0.6632 0.2616 0.0448
v -0.6385 0.2731 0.0456
v -0.2884 0.2576 0.0619
v -0.2057 0.2719 0.0423
v 0.0089 0.2777 0.0512
v 0.1878 0.2717 0.0435
v 0.2199 0.2647 0.0412
v -1.0394 0.2530 0.0605
v -0.1832 0.2730 0.0402
v -0.1749 0.2794 0.0462
v -0.1727 0.2737 0.0470
v -0.0102 0.2855 0.0422
v 0.1870 0.2802 0.0481
v 0.6470 0.2726 0.0452
v -0.6257 0.2826 0.0459
v -0.6136 0.2926 0.0464
v 0.6246 0.2861 0.0452
v 1.0051 0.2985 0.0233
v -0.6056 0.2909 0.0468
v 0.0052 0.2896 0.0464
v 0.6130 0.2914 0.0454
v -0.5946 0.3065 0.0464
v -0.5879 0.3040 0.0477
v -0.5769 0.3030 0.0457
v 0.5791 0.3038 0.0453
v 0.5874 0.3031 0.0486
v -0.5763 0.3082 0.0458
v -0.5596 0.3113 0.0480
v -0.5527 0.3090 0.0368
v 0.5557 0.3147 0.0460
v 0.5991 0.3022 0.0456
v -0.5503 0.3155 0.0454
v 0.5310 0.3161 0.0494
v 0.5792 0.3106 0.0438
v 0.2643 0.3243 0.0427
v 0.5707 0.3212 0.0467
v 0.5550 0.3259 0.0399
v 0.9395 0.3973 0.0380
v -0.0244 0.3649 0.0566
v -0.5543 0.3726 0.0447
v 0.5654 0.3773 0.0513
v -0.2010 0.3806 0.0727
v -0.0912 0.4075 0.0592
v 0.1351 0.4083 0.0574
v -0.6962 0.4696 0.0534
v -0.1822 -0.4700 0.0429
v 0.1817 -0.4696 0.0406
v 0.1390 -0.4663 0.0507
v -0.0556 -0.4291 0.0431
v 0.0374 -0.3966 0.0895
v 0.5117 -0.3894 0.0359
v -0.0091 -0.3394 0.0569
v 0.0098 -0.3491 0.0569
v 0.0304 -0.3187 0.0688
v -0.1891 -0.3103 0.0546
v -0.1815 -0.3116 0.0569
v -0.1609 -0.3073 0.0502
v 0.1847 -0.3145 0.0559
v -0.1807 -0.3041 0.0528
v -0.1556 -0.3012 0.0520
v 0.0444 -0.3036 0.0683
v 0.1490 -0.3024 0.0460
v 0.1910 -0.3031 0.0542
v -0.5565 -0.2882 0.0585
v -0.1773 -0.2917 0.0489
v -0.1049 -0.2906 0.0581
v -0.0984 -0.2979 0.0396
v 0.0186 -0.2758 0.0470
v 0.0712 -0.2947 0.0566
v 0.1134 -0.3012 0.0431
v 0.1650 -0.2890 0.0524
v 0.1815 -0.2950 0.0537
v -0.0937 -0.2885 0.0543
v -0.0789 -0.2876 0.0626
v -0.0259 -0.2997 0.0549
v -0.0397 -0.2836 0.0491
v -0.0589 -0.2813 0.0468
v 0.0447 -0.2860 0.0512
v 0.0627 -0.2843 0.0496
v -0.0991 -0.2733 0.0490
v -0.0758 -0.2774 0.0452
v 0.0949 -0.2778 0.0515
v -0.5174 -0.2659 0.0431
v -0.5051 -0.2651 0.0526
v 0.1648 -0.2665 0.0554
v 0.5020 -0.2644 0.0598
v -0.5319 -0.2588 0.0484
v -0.5176 -0.2536 0.0487
v -0.4903 -0.2576 0.0496
v -0.1818 -0.2573 0.0602
v 0.1855 -0.2567 0.0567
v 0.5223 -0.2531 0.0493
v -0.5476 -0.2459 0.0550
v 0.1851 -0.2552 0.0471
v -0.4191 -0.2367 0.0526
v -0.1976 -0.2307 0.0357
v 0.1708 -0.2442 0.0472
v 0.5005 -0.2484 0.0512
v 0.5089 -0.2389 0.0463
v 0.5289 -0.2146 0.0533
v 0.1746 -0.2326 0.0527
v -0.0014 -0.2157 0.0536
v 0.5186 -0.2065 0.0472
v 0.0073 -0.2142 0.0568
v -0.0009 -0.2056 0.0473
v 0.0058 -0.2043 0.0477
v 0.5172 -0.1875 0.0444
v -0.2976 -0.1625 0.0556
v -0.1613 -0.1664 0.0589
v 0.2998 -0.1632 0.0533
v 0.3594 -0.1602 0.0623
v -0.3543 -0.1607 0.0509
v -0.3466 -0.1575 0.0535
v 0.1695 -0.1609 0.0520
v 0.3054 -0.1585 0.0533
v 0.3186 -0.1580 0.0586
v 0.3324 -0.1581 0.0586
v 0.3443 -0.1575 0.0535
v -0.3387 -0.1558 0.0451
v -0.5335 -0.1525 0.0653
v -0.3256 -0.1489 0.0509
v -0.0095 -0.1410 0.0522
v 0.3382 -0.1471 0.0583
v 0.9011 -0.1321 0.0470
v 0.1274 -0.1486 0.0749
v -0.0099 -0.1322 0.0484
v -0.5387 -0.1406 0.0693
v 0.5854 -0.1115 0.0500
v 0.0317 -0.1106 0.0585
v 0.6851 -0.1227 0.0681
v -0.0998 -0.1147 0.0496
v -0.6755 -0.0955 0.0484
v -0.2734 -0.0846 0.0495
v 0.0095 -0.0930 0.0479
v -0.5832 -0.0969 0.0618
v -0.0079 -0.0862 0.0510
v 0.2804 -0.0801 0.0540
v 0.9610 -0.0708 0.0401
v -0.2704 -0.0710 0.0560
v 0.0517 -0.0692 0.0483
v 0.2796 -0.0713 0.0553
v -0.5789 -0.0674 0.0729
v -0.0306 -0.0399 0.0471
v -0.0403 -0.0309 0.0517
v 0.0520 -0.0248 0.0530
v 0.2650 -0.0072 0.0553
v 0.1940 0.0157 0.0507
v -0.1875 0.0133 0.0538
v 0.2007 0.0279 0.0494
v 0.2582 0.0276 0.0607
v -0.6014 0.0527 0.0456
v -0.2811 0.0469 0.0606
v -0.0850 0.0324 0.0549
v -0.2891 0.0469 0.0577
v 0.1843 0.0465 0.0478
v -0.3022 0.0522 0.0516
v -0.1933 0.0527 0.0591
v 0.1974 0.0511 0.0574
v 0.1889 0.0727 0.0483
v 0.2795 0.0557 0.0464
v -0.3217 0.0725 0.0584
v -0.3021 0.0694 0.0430
v -0.5188 0.0629 0.0594
v -0.2279 0.0758 0.0488
v 0.2934 0.0578 0.0599
v 0.3281 0.0738 0.0573
v -0.5506 0.0739 0.0488
v -0.5398 0.0776 0.0535
v -0.3129 0.0754 0.0652
v -0.2111 0.0851 0.0530
v 0.0510 0.0606 0.0656
v 0.1841 0.0776 0.0555
v -0.5260 0.0873 0.0461
v 0.2179 0.0846 0.0545
v 0.3180 0.0885 0.0537
v 0.5313 0.0879 0.0527
v -0.3126 0.0872 0.0486
v 0.2075 0.0947 0.0623
v -0.4314 0.1029 0.0624
v 0.4390 0.0973 0.0629
v -0.7482 0.1199 0.0559
v 0.7527 0.1201 0.0540
v 0.0440 0.1368 0.0549
v 0.5591 0.1092 0.0548
v -0.7451 0.1427 0.0549
v -0.5135 0.1619 0.0340
v -0.0334 0.1593 0.0567
v 0.1395 0.1481 0.0574
v -0.7391 0.1494 0.0551
v -0.4056 0.1470 0.0796
v -0.2136 0.1580 0.0447
v -0.7371 0.1654 0.0571
v -0.2435 0.1677 0.0496
v -0.2306 0.1659 0.0600
v -0.2156 0.1657 0.0589
v 0.0271 0.1602 0.0457
v 0.4066 0.1719 0.0386
v -0.7403 0.1741 0.0537
v -0.7239 0.1768 0.0515
v -0.2107 0.1657 0.0525
v 0.2217 0.1728 0.0548
v -0.7304 0.1754 0.0530
v 0.2358 0.1822 0.0490
v 0.2494 0.1679 0.0514
v 0.5044 0.1632 0.0638
v 0.7256 0.1875 0.0527
v 0.7302 0.1858 0.0499
v 0.7496 0.1656 0.0535
v -0.7167 0.1923 0.0559
v -0.2300 0.1811 0.0592
v -0.7073 0.2038 0.0520
v -0.2663 0.2068 0.0506
v 0.7066 0.2004 0.0484
v 0.7073 0.2098 0.0532
v -1.0598 0.1985 0.0757
v -0.7118 0.2054 0.0557
v -0.2456 0.2088 0.0531
v 0.2453 0.2143 0.0541
v -0.6960 0.2236 0.0577
v -0.6789 0.2320 0.0515
v -0.2619 0.2172 0.0489
v -0.2479 0.2184 0.0524
v -0.2392 0.2147 0.0554
v 0.2547 0.2156 0.0471
v 0.2732 0.2100 0.0545
v -0.3262 0.2173 0.0591
v 0.2609 0.2207 0.0526
v 0.2775 0.2245 0.0542
v 0.7193 0.2184 0.0517
v -0.2724 0.2335 0.0535
v -0.2475 0.2271 0.0539
v -0.0086 0.2360 0.0470
v -0.0016 0.2336 0.0563
v 0.2775 0.2359 0.0526
v -0.7072 0.2293 0.0518
v -0.6747 0.2429 0.0543
v -0.4529 0.2543 0.0550
v -0.2742 0.2427 0.0529
v -0.2841 0.2354 0.0508
v -0.2487 0.2395 0.0535
v 0.0128 0.2360 0.0529
v 0.2528 0.2406 0.0532
v 0.2642 0.2345 0.0529
v 0.2726 0.2435 0.0515
v 0.6646 0.2521 0.0478
v -0.6656 0.2503 0.0533
v -0.2318 0.2464 0.0523
v -0.2269 0.2455 0.0590
v 0.2303 0.2460 0.0594
v 0.2831 0.2500 0.0529
v -0.2314 0.2552 0.0519
v -0.2030 0.2579 0.0475
v 0.2076 0.2576 0.0486
v 0.4628 0.2495 0.0417
v -0.1905 0.2698 0.0531
v 0.6424 0.2723 0.0533
v -0.2210 0.2648 0.0475
v -0.2006 0.2600 0.0578
v -0.1840 0.2725 0.0604
v 0.1761 0.2754 0.0471
v 0.2049 0.2702 0.0523
v 0.2161 0.2635 0.0536
v 0.6769 0.2658 0.0511
v 0.0002 0.2857 0.0548
v 0.1754 0.2795 0.0530
v 0.1915 0.2728 0.0535
v 0.6339 0.2745 0.0489
v -0.6497 0.2829 0.0520
v -0.6165 0.2875 0.0543
v -0.6029 0.2955 0.0526
v -0.1701 0.2793 0.0524
v 0.1718 0.2877 0.0558
v 0.1632 0.2851 0.0594
v -0.5026 0.3174 0.0644
v 1.0075 0.3254 0.0564
v -0.6074 0.3046 0.0513
v -0.2832 0.2874 0.0596
v 0.6176 0.3047 0.0529
v -0.5758 0.3115 0.0538
v 0.5860 0.3089 0.0563
v -0.5812 0.3163 0.0484
v -0.2700 0.3094 0.0647
v -1.0226 0.3051 0.0766
v -0.5641 0.3215 0.0448
v 0.5655 0.3481 0.0498
v 0.0095 0.3657 0.0527
v 0.0315 0.3685 0.0587
v -0.9757 0.3659 0.0617
v 0.5838 0.3971 0.0588
v 0.0716 0.3985 0.0694
v -0.9362 0.4064 0.0647
v -0.1667 0.4010 0.0524
v 0.9159 0.4215 0.0471
v -0.6517 0.4370 0.0511
v 0.6571 0.4372 0.0508
v 0.8915 0.4411 0.0551
v 0.7387 0.4815 0.0545
v -0.2309 -0.4704 0.0601
v 0.2231 -0.4705 0.0621
v 0.2686 -0.4681 0.0471
v 0.4100 -0.4494 0.0479
v 0.4978 -0.4084 0.0495
v -0.0119 -0.3687 0.0531
v -0.0242 -0.3215 0.0492
v 0.0217 -0.3306 0.0725
v -0.5621 -0.3166 0.0693
v -0.3120 -0.3169 0.0612
v -0.1908 -0.3177 0.0599
v 0.1898 -0.3180 0.0562
v 0.3154 -0.3178 0.0623
v -0.1720 -0.3095 0.0656
v 0.0370 -0.3125 0.0684
v 0.2070 -0.3157 0.0627
v -0.0241 -0.3117 0.0625
v 0.0271 -0.3074 0.0581
v 0.0299 -0.3109 0.0663
v 0.0491 -0.3056 0.0736
v 0.1648 -0.3061 0.0561
v -0.1782 -0.3017 0.0610
v -0.1648 -0.2881 0.0504
v -0.0554 -0.2957 0.0617
v -0.0336 -0.3031 0.0635
v 0.0360 -0.2968 0.0554
v 0.0386 -0.3028 0.0669
v 0.0605 -0.2958 0.0627
v 0.0702 -0.2890 0.0619
v 0.0859 -0.2852 0.0620
v 0.1113 -0.2916 0.0573
v 0.1277 -0.2784 0.0703
v -0.1358 -0.2793 0.0532
v -0.0933 -0.2805 0.0598
v -0.0854 -0.2819 0.0676
v 0.0991 -0.2791 0.0599
v -0.1647 -0.2662 0.0523
v 0.1369 -0.2748 0.0640
v 0.1584 -0.2638 0.0750
v -0.1017 -0.2733 0.0681
v 0.1239 -0.2699 0.0556
v 0.1780 -0.2641 0.0675
v -0.5026 -0.2578 0.0611
v -0.4888 -0.2625 0.0574
v -0.1172 -0.2714 0.0564
v 0.4912 -0.2637 0.0611
v -0.1842 -0.2504 0.0533
v 0.1818 -0.2492 0.0550
v 0.5114 -0.2575 0.0602
v -0.5734 -0.2212 0.0734
v -0.1670 -0.2368 0.0554
v 0.0024 -0.2054 0.0622
v -0.7527 -0.1990 0.0474
v 0.7757 -0.1957 0.0455
v 0.7082 -0.1955 0.0565
v 0.7038 -0.1963 0.0802
v -0.8070 -0.1902 0.0523
v 0.1658 -0.1728 0.0634
v -0.5301 -0.1687 0.0677
v -0.3536 -0.1645 0.0569
v -0.3424 -0.1660 0.0653
v 0.1587 -0.1605 0.0611
v 0.3446 -0.1645 0.0578
v 0.3572 -0.1658 0.0674
v -0.3346 -0.1598 0.0561
v -0.3115 -0.1574 0.0614
v -0.1672 -0.1524 0.0558
v 0.0039 -0.1658 0.0680
v 0.0082 -0.1559 0.0602
v 0.1671 -0.1626 0.0684
v -0.3280 -0.1427 0.0665
v -0.1701 -0.1376 0.0579
v 0.3252 -0.1478 0.0641
v 0.3406 -0.1414 0.0678
v 0.5441 -0.1480 0.0508
v -0.0148 -0.1231 0.0593
v 0.0058 -0.1339 0.0728
v -0.6787 -0.1172 0.0598
v 0.0132 -0.1264 0.0612
v -0.1601 -0.1150 0.0446
v -0.0516 -0.0959 0.0561
v 0.0851 -0.1058 0.0613
v -0.0790 -0.0934 0.0592
v -0.2769 -0.0745 0.0648
v -0.2706 -0.0762 0.0611
v 0.2767 -0.0803 0.0586
v 0.0402 -0.0742 0.0571
v 0.0473 -0.0752 0.0617
v 0.2765 -0.0740 0.0614
v 0.2843 -0.0726 0.0642
v -0.2802 -0.0648 0.0620
v -0.0314 -0.0678 0.0619
v 0.2757 -0.0606 0.0638
v 0.6619 -0.0615 0.0694
v 0.0163 -0.0619 0.0604
v -0.0242 -0.0573 0.0615
v 0.0309 -0.0585 0.0673
v 0.2933 -0.0502 0.0636
v -0.3296 -0.0391 0.0603
v -0.3114 -0.0428 0.0618
v 0.3352 -0.0401 0.0592
v 0.6590 -0.0498 0.0661
v -0.3013 -0.0371 0.0615
v -0.0359 -0.0426 0.0665
v 0.3153 -0.0359 0.0615
v -0.3243 -0.0350 0.0577
v -0.0847 -0.0281 0.0631
v 0.3337 -0.0354 0.0548
v 0.3349 -0.0358 0.0626
v 0.6527 -0.0316 0.0563
v -0.0729 -0.0150 0.0599
v 0.0760 -0.0228 0.0584
v 0.2545 -0.0114 0.0606
v -0.2605 -0.0013 0.0587
v -0.0574 -0.0152 0.0530
v 0.0903 -0.0108 0.0625
v 0.2608 -0.0043 0.0631
v 0.2567 0.0002 0.0612
v 0.2535 -0.0087 0.0501
v -0.6305 0.0245 0.0383
v -0.1957 -0.0017 0.0668
v -0.0509 0.0073 0.0584
v 0.1875 0.0039 0.0613
v 0.1989 -0.0024 0.0694
v 0.2668 0.0050 0.0574
v -0.2125 0.0157 0.0582
v -0.1737 0.0090 0.0650
v 0.0579 0.0074 0.0591
v -0.2328 0.0199 0.0581
v -0.1869 0.0130 0.0688
v -0.0616 0.0156 0.0624
v -0.5703 0.0209 0.0590
v -0.2544 0.0285 0.0606
v -0.2321 0.0313 0.0621
v -0.0757 0.0269 0.0619
v -0.0755 0.0207 0.0623
v 0.0752 0.0188 0.0644
v 0.0823 0.0218 0.0619
v 0.2376 0.0205 0.0565
v 0.6070 0.0268 0.0617
v -0.2085 0.0350 0.0597
v -0.0788 0.0352 0.0575
v -0.0532 0.0379 0.0587
v 0.0606 0.0371 0.0603
v 0.2115 0.0344 0.0585
v 0.2786 0.0423 0.0610
v 0.2665 0.0543 0.0567
v -0.2376 0.0645 0.0588
v -0.0446 0.0536 0.0527
v 0.2579 0.0586 0.0607
v 0.2860 0.0482 0.0605
v 0.4992 0.0844 0.0547
v -0.3072 0.0645 0.0684
v -0.2911 0.0567 0.0610
v -0.3039 0.0675 0.0645
v -0.2542 0.0577 0.0614
v 0.3156 0.0646 0.0629
v -0.2464 0.0646 0.0566
v -0.2193 0.0772 0.0613
v 0.2343 0.0682 0.0595
v 0.2450 0.0653 0.0612
v 0.3110 0.0683 0.0610
v -0.5513 0.0809 0.0526
v -0.3228 0.0828 0.0543
v 0.2157 0.0859 0.0675
v 0.5419 0.0847 0.0524
v -0.7564 0.0903 0.0617
v -0.4770 0.0800 0.0847
v -0.4377 0.0962 0.0636
v -0.1748 0.0948 0.0725
v 0.1888 0.0880 0.0478
v 0.1981 0.0953 0.0523
v 0.4488 0.0931 0.0699
v 0.7624 0.0892 0.0615
v 0.7589 0.1181 0.0615
v -0.7537 0.1177 0.0627
v 0.7518 0.1213 0.0594
v 0.7657 0.1103 0.0621
v -0.5455 0.1256 0.0428
v 0.4326 0.1424 0.0391
v 0.7507 0.1339 0.0564
v 0.7716 0.1204 0.0652
v -0.7534 0.1328 0.0606
v 0.7441 0.1420 0.0548
v 0.7586 0.1277 0.0601
v -0.7452 0.1436 0.0625
v -0.1399 0.1490 0.0572
v -0.1290 0.1461 0.0612
v 0.1519 0.1479 0.0656
v 0.7416 0.1570 0.0550
v 0.0386 0.1522 0.0606
v -0.0289 0.1642 0.0575
v 0.0353 0.1609 0.0558
v 0.2200 0.1680 0.0599
v 0.2347 0.1656 0.0605
v 0.7349 0.1693 0.0562
v -0.7432 0.1629 0.0631
v -0.2503 0.1776 0.0651
v 0.7607 0.1649 0.0600
v -0.2217 0.1744 0.0604
v 0.2373 0.1789 0.0636
v 0.2510 0.1780 0.0645
v -0.2645 0.1943 0.0594
v 0.4709 0.1896 0.0880
v -0.7299 0.1841 0.0622
v -0.2388 0.1866 0.0685
v 0.2610 0.1908 0.0662
v -0.7293 0.1943 0.0525
v 0.2449 0.2007 0.0569
v -0.2455 0.2074 0.0670
v 0.2436 0.2208 0.0632
v 0.4728 0.2040 0.0516
v -0.7235 0.2304 0.0555
v -0.3060 0.2331 0.0683
v -0.2721 0.2269 0.0550
v -0.2431 0.2317 0.0539
v -0.2411 0.2260 0.0654
v 0.2411 0.2343 0.0582
v 0.2744 0.2242 0.0602
v -0.2880 0.2432 0.0582
v -0.2497 0.2331 0.0630
v -0.2419 0.2399 0.0625
v 0.0060 0.2368 0.0642
v 0.2507 0.2306 0.0546
v 0.2514 0.2366 0.0611
v 0.2572 0.2385 0.0558
v 0.2957 0.2452 0.0621
v -0.0002 0.2416 0.0561
v 0.2450 0.2453 0.0568
v 0.2372 0.2430 0.0587
v -0.2208 0.2518 0.0617
v 0.2080 0.2586 0.0607
v 0.2209 0.2562 0.0552
v 0.1919 0.2671 0.0531
v 0.2926 0.2690 0.0666
v 0.1792 0.2777 0.0604
v -0.1836 0.2798 0.0593
v -0.1651 0.2837 0.0606
v 0.6272 0.2853 0.0540
v 0.2829 0.2848 0.0484
v 0.6783 0.2808 0.0549
v -0.5908 0.3071 0.0731
v -0.5206 0.3239 0.0681
v 0.5732 0.3119 0.0548
v -0.5576 0.3175 0.0563
v 0.0100 0.3359 0.0620
v -0.0188 0.3333 0.0610
v -0.0094 0.3356 0.0631
v 0.0277 0.3363 0.0610
v 0.6003 0.3242 0.0540
v -0.2502 0.3283 0.0801
v 0.0065 0.3556 0.0655
v -0.0182 0.3649 0.0618
v 0.0139 0.3633 0.0630
v 0.0475 0.3782 0.0652
v -0.0488 0.3796 0.0705
v -0.5862 0.4046 0.0522
v -0.1129 0.4068 0.0752
v -0.6165 0.4192 0.0686
v 0.6082 0.4171 0.0567
v 0.6967 0.4460 0.0762
v -0.8735 0.4514 0.0708
v -0.8390 0.4654 0.0785
v -0.7412 0.4812 0.0585
v 0.2989 -0.4749 0.0638
v -0.3977 -0.4655 0.0899
v 0.4661 -0.4303 0.0581
v 0.5311 -0.3710 0.0474
v 0.0201 -0.3739 0.0804
v -0.0219 -0.3324 0.0674
v 0.0156 -0.3388 0.0690
v -0.3164 -0.3191 0.0741
v -0.3127 -0.3146 0.0735
v -0.1947 -0.3190 0.0764
v 0.2022 -0.3202 0.0744
v 0.2141 -0.3183 0.0742
v 0.3238 -0.3176 0.0747
v -0.1837 -0.3117 0.0785
v -0.0410 -0.3093 0.0673
v -0.0314 -0.3184 0.0774
v -0.0249 -0.3183 0.0675
v 0.1699 -0.3089 0.0631
v 0.1891 -0.3112 0.0743
v 0.2106 -0.3122 0.0681
v 0.3179 -0.3114 0.0655
v 0.3284 -0.3131 0.0743
v -0.1924 -0.3032 0.0623
v -0.0649 -0.2950 0.0655
v -0.0476 -0.2962 0.0663
v 0.0671 -0.2943 0.0830
v 0.1895 -0.3025 0.0634
v 0.5405 -0.2892 0.0440
v -0.1138 -0.2908 0.0589
v -0.0662 -0.2892 0.0664
v 0.0864 -0.2857 0.0688
v -0.0926 -0.2798 0.0711
v -0.1496 -0.2641 0.0761
v -0.4988 -0.2640 0.0611
v 0.1053 -0.2756 0.0706
v -0.1181 -0.2631 0.0731
v -0.1731 -0.2556 0.0671
v -0.1597 -0.2480 0.0634
v -0.1412 -0.2555 0.0661
v 0.1554 -0.2529 0.0526
v 0.1652 -0.2510 0.0644
v -0.1561 -0.2427 0.0643
v 0.1587 -0.2380 0.0640
v -0.7105 -0.1937 0.0464
v 0.5310 -0.1855 0.0650
v -0.6862 -0.1835 0.0577
v 0.5362 -0.1741 0.0727
v -0.1552 -0.1733 0.0744
v 0.1607 -0.1647 0.0689
v 0.5324 -0.1642 0.0556
v -0.8857 -0.1738 0.0812
v -0.3537 -0.1560 0.0684
v -0.3285 -0.1518 0.0740
v -0.0034 -0.1545 0.0594
v 0.3064 -0.1525 0.0686
v 0.3338 -0.1535 0.0762
v -0.1437 -0.1577 0.0746
v -0.0024 -0.1287 0.0702
v 0.3529 -0.1525 0.0693
v 0.5442 -0.1376 0.0727
v -0.9275 -0.1500 0.0900
v -0.3456 -0.1455 0.0651
v -0.3370 -0.1424 0.0672
v -0.1084 -0.1433 0.0821
v 0.1079 -0.1232 0.0589
v 0.9344 -0.1071 0.0497
v -0.6791 -0.1157 0.0752
v -0.5381 -0.1241 0.0867
v -0.1331 -0.0970 0.0477
v -0.0710 -0.1046 0.0699
v 0.0633 -0.1004 0.0651
v 0.0751 -0.1046 0.0764
v -0.0554 -0.0988 0.0673
v 0.1136 -0.0938 0.0587
v 0.1367 -0.1038 0.0673
v -0.0490 -0.0754 0.0564
v -0.6584 -0.0642 0.0527
v 0.0083 -0.0798 0.0615
v -0.2859 -0.0674 0.0662
v -0.2769 -0.0644 0.0748
v -0.0131 -0.0684 0.0620
v 0.0223 -0.0693 0.0617
v 0.2924 -0.0704 0.0744
v -0.6601 -0.0600 0.0635
v -0.2800 -0.0584 0.0667
v 0.2833 -0.0606 0.0695
v -0.6545 -0.0498 0.0664
v -0.3236 -0.0376 0.0713
v -0.2690 -0.0486 0.0720
v 0.3064 -0.0417 0.0634
v 0.3046 -0.0503 0.0716
v 0.3220 -0.0417 0.0756
v 0.5803 0.0097 0.0532
v -0.2926 -0.0407 0.0667
v -0.0684 -0.0522 0.0826
v -0.0579 -0.0316 0.0628
v 0.0939 -0.0323 0.0662
v 0.1749 -0.0279 0.0686
v -0.3121 -0.0355 0.0621
v -0.2023 -0.0235 0.0692
v 0.1258 -0.0363 0.0743
v 0.2969 -0.0354 0.0674
v -0.2610 -0.0157 0.0681
v -0.2349 -0.0212 0.0689
v -0.1899 -0.0205 0.0703
v -0.1854 -0.0325 0.0676
v -0.0897 -0.0176 0.0621
v 0.0999 -0.0218 0.0662
v 0.1963 -0.0288 0.0677
v 0.2183 -0.0136 0.0682
v 0.2506 -0.0234 0.0690
v 0.2603 -0.0171 0.0683
v 0.2673 -0.0121 0.0695
v -0.5582 -0.0061 0.0778
v -0.2444 -0.0088 0.0683
v -0.1756 -0.0123 0.0696
v -0.0796 -0.0003 0.0667
v 0.1700 -0.0078 0.0684
v 0.1787 -0.0099 0.0725
v -0.2496 -0.0009 0.0742
v -0.1765 -0.0018 0.0661
v 0.2648 -0.0044 0.0700
v 0.2672 0.0031 0.0712
v 0.6155 -0.0193 0.0800
v -0.6052 0.0192 0.0631
v -0.2594 0.0072 0.0621
v -0.2171 0.0089 0.0682
v 0.0765 0.0065 0.0691
v 0.1839 0.0116 0.0619
v 0.2097 0.0027 0.0732
v 0.2197 0.0061 0.0695
v 0.2230 0.0115 0.0701
v -0.2288 0.0151 0.0686
v -0.2465 0.0235 0.0668
v -0.2345 0.0252 0.0679
v -0.2081 0.0270 0.0614
v 0.1928 0.0195 0.0647
v 0.2164 0.0256 0.0630
v 0.2328 0.0325 0.0636
v -0.2438 0.0362 0.0632
v 0.0784 0.0313 0.0685
v 0.2494 0.0326 0.0682
v 0.2441 0.0376 0.0643
v -0.2594 0.0493 0.0607
v 0.5949 0.0265 0.0880
v -0.2400 0.0537 0.0648
v -0.2244 0.0486 0.0685
v 0.0656 0.0437 0.0682
v 0.0745 0.0485 0.0706
v 0.2498 0.0495 0.0648
v -0.5119 0.0458 0.0886
v -0.2437 0.0619 0.0756
v 0.2276 0.0509 0.0692
v 0.2446 0.0559 0.0645
v -0.7650 0.0656 0.0699
v -0.3030 0.0599 0.0689
v 0.1902 0.0718 0.0734
v 0.2201 0.0717 0.0683
v 0.3191 0.0681 0.0745
v 0.3296 0.0779 0.0656
v 0.7689 0.0673 0.0696
v -0.7678 0.0798 0.0697
v -0.3241 0.0854 0.0698
v -0.1816 0.0750 0.0739
v 0.1758 0.0844 0.0697
v -0.7614 0.0866 0.0691
v -0.7535 0.0926 0.0666
v -0.5731 0.0886 0.0490
v -0.4314 0.0896 0.0697
v -0.2055 0.0964 0.0643
v 0.4353 0.0859 0.0739
v 0.7591 0.0902 0.0667
v 0.4339 0.1034 0.0659
v 0.7679 0.0869 0.0690
v 0.7647 0.1052 0.0690
v 0.7750 0.1030 0.0706
v -0.7599 0.0976 0.0705
v 0.5564 0.1033 0.0933
v 0.7601 0.1265 0.0685
v 0.7649 0.1246 0.0704
v -0.7647 0.1192 0.0754
v -0.4203 0.1119 0.0860
v -0.0412 0.1333 0.0549
v 0.1274 0.1341 0.0696
v 0.7507 0.1373 0.0641
v -0.1388 0.1439 0.0598
v -0.1207 0.1403 0.0680
v -0.1517 0.1491 0.0691
v 0.1305 0.1415 0.0684
v -0.7553 0.1686 0.0602
v 0.0083 0.1706 0.0750
v 0.2405 0.1929 0.0646
v 0.7261 0.1917 0.0619
v -0.3714 0.1660 0.1002
v 0.2528 0.1977 0.0681
v 0.7091 0.2134 0.0551
v -0.2693 0.2152 0.0633
v 0.2514 0.2166 0.0748
v 0.2741 0.2042 0.0627
v -0.2390 0.2141 0.0668
v -0.2442 0.2295 0.0695
v 0.2453 0.2319 0.0686
v 0.3058 0.2363 0.0669
v 0.0054 0.2330 0.0711
v 0.7397 0.1994 0.0548
v -0.7024 0.2274 0.0899
v -0.6985 0.2491 0.0527
v 0.7699 0.2675 0.0843
v -0.6476 0.2710 0.0836
v 0.7408 0.2768 0.0739
v 0.4518 0.2793 0.0838
v 0.4942 0.3169 0.0746
v -0.6676 0.2946 0.0585
v 0.5109 0.3267 0.0844
v -0.6087 0.3214 0.0559
v 0.0186 0.3344 0.0733
v 0.6508 0.2987 0.0551
v -0.0289 0.3431 0.0702
v 0.0293 0.3417 0.0673
v -0.0078 0.3546 0.0696
v 0.0127 0.3434 0.0683
v 0.0247 0.3493 0.0684
v -0.5589 0.3391 0.0464
v -0.0363 0.3554 0.0700
v -0.0174 0.3535 0.0691
v 0.0027 0.3509 0.0684
v -0.0233 0.3583 0.0670
v 0.0067 0.3715 0.0758
v 0.0268 0.3634 0.0639
v 0.0408 0.3519 0.0705
v -0.0236 0.3718 0.0732
v -0.5605 0.3693 0.0525
v 0.5929 0.3743 0.0687
v 0.5754 0.3773 0.0612
v -0.5910 0.3989 0.0666
v 0.5918 0.3905 0.0701
v 0.1507 0.4011 0.0860
v -0.1511 0.4005 0.0895
v 0.1133 0.4065 0.0781
v 0.6078 0.4119 0.0691
v 0.6943 0.4689 0.0514
v -0.3216 -0.4748 0.0631
v -0.2639 -0.4721 0.0612
v -0.2050 -0.4689 0.0612
v 0.2353 -0.4762 0.0792
v -0.1365 -0.4666 0.0534
v -0.1083 -0.4578 0.0661
v -0.4582 -0.4347 0.0629
v 0.0814 -0.4397 0.0776
v -0.4900 -0.4222 0.0985
v -0.0099 -0.3573 0.0563
v -0.0156 -0.3440 0.0736
v 0.5535 -0.3308 0.0610
v -0.5484 -0.3525 0.0788
v -0.0225 -0.3282 0.0702
v -0.3280 -0.3158 0.0720
v -0.2052 -0.3179 0.0658
v 0.0258 -0.3266 0.0824
v -0.3300 -0.3113 0.0806
v -0.2055 -0.3125 0.0688
v -0.0261 -0.3127 0.0880
v -0.0108 -0.3200 0.0790
v 0.0146 -0.3192 0.0724
v 0.0322 -0.3176 0.0832
v 0.2140 -0.3125 0.0814
v 0.3383 -0.3108 0.0763
v -0.3456 -0.3075 0.0776
v -0.3341 -0.3042 0.0777
v -0.3154 -0.3108 0.0650
v -0.0461 -0.3028 0.0759
v -0.0408 -0.3095 0.0837
v -0.0318 -0.3093 0.0742
v 0.3401 -0.3050 0.0770
v 0.0504 -0.2976 0.0665
v 0.0709 -0.2876 0.0733
v 0.0987 -0.2804 0.0689
v -0.0975 -0.2740 0.0762
v 0.5499 -0.2652 0.0526
v -0.1759 -0.2633 0.0682
v 0.1664 -0.2590 0.0776
v 0.1863 -0.2585 0.0719
v -0.6004 -0.2776 0.0839
v -0.1447 -0.2431 0.0771
v -0.1312 -0.2504 0.0787
v 0.1585 -0.2572 0.0782
v 0.5758 -0.2230 0.0721
v -0.1399 -0.2438 0.0748
v 0.1483 -0.2343 0.0773
v -0.6026 -0.2427 0.0861
v 0.7243 -0.2133 0.0950
v 0.1584 -0.1769 0.0799
v -0.5378 -0.1821 0.0749
v -0.1615 -0.1723 0.0736
v -0.1512 -0.1784 0.0795
v -0.3539 -0.1656 0.0705
v -0.3492 -0.1697 0.0741
v 0.1599 -0.1655 0.0834
v 0.3381 -0.1640 0.0648
v 0.3461 -0.1591 0.0762
v -0.3021 -0.1542 0.0691
v 0.0000 -0.1506 0.0811
v 0.0053 -0.1535 0.0731
v 0.1453 -0.1593 0.0774
v -0.3198 -0.1492 0.0659
v -0.1648 -0.1389 0.0687
v 0.3178 -0.1551 0.0689
v -0.3514 -0.1467 0.0724
v -0.3409 -0.1494 0.0765
v -0.3423 -0.1415 0.0765
v 0.1684 -0.1483 0.0838
v 0.6968 -0.1419 0.0908
v -0.0110 -0.1189 0.0767
v -0.0817 -0.1187 0.0868
v 0.0089 -0.1236 0.0771
v 0.0688 -0.1044 0.0803
v 0.6690 -0.0852 0.0847
v -0.1080 -0.0921 0.0559
v -0.0743 -0.0980 0.0716
v 0.0490 -0.0957 0.0812
v 0.0744 -0.0971 0.0684
v 0.0865 -0.1029 0.0790
v -0.0573 -0.0847 0.0605
v -0.2874 -0.0711 0.0820
v -0.0433 -0.0687 0.0719
v 0.2840 -0.0729 0.0728
v 0.5865 -0.0737 0.0680
v 0.6667 -0.0699 0.0795
v -0.2871 -0.0711 0.0728
v 0.2754 -0.0626 0.0707
v 0.2820 -0.0654 0.0771
v -0.6587 -0.0580 0.0690
v -0.2987 -0.0531 0.0721
v -0.0434 -0.0587 0.0772
v 0.0735 -0.0572 0.0873
v 0.3004 -0.0553 0.0761
v -0.6461 -0.0212 0.0527
v -0.5611 -0.0535 0.0870
v -0.3185 -0.0366 0.0769
v -0.1685 -0.0537 0.0802
v -0.1159 -0.0500 0.0816
v 0.0386 -0.0447 0.0675
v 0.0639 -0.0407 0.0726
v 0.1214 -0.0497 0.0803
v 0.1751 -0.0510 0.0781
v 0.2429 -0.0480 0.0806
v 0.2757 -0.0497 0.0720
v 0.2895 -0.0425 0.0670
v 0.3145 -0.0445 0.0871
v -1.0078 -0.0570 0.0844
v -0.1338 -0.0450 0.0765
v 0.1655 -0.0365 0.0739
v 0.2127 -0.0424 0.0788
v -0.2420 -0.0485 0.0804
v -0.2022 -0.0471 0.0814
v -0.1154 -0.0322 0.0732
v 0.3150 -0.0311 0.0737
v -0.2982 -0.0271 0.0691
v -0.1536 -0.0211 0.0726
v 0.1278 -0.0248 0.0748
v 0.3044 -0.0237 0.0720
v -0.2995 -0.0113 0.0767
v -0.2062 -0.0135 0.0693
v -0.1375 -0.0167 0.0754
v 0.1975 -0.0153 0.0727
v 0.2155 -0.0066 0.0775
v 0.2442 -0.0113 0.0696
v 0.3061 -0.0114 0.0782
v -0.2663 -0.0044 0.0727
v 0.1105 -0.0076 0.0793
v 0.1564 -0.0081 0.0723
v 0.2428 -0.0046 0.0760
v 0.2764 -0.0033 0.0759
v -0.2040 0.0027 0.0736
v -0.1964 0.0018 0.0813
v -0.1497 0.0016 0.0797
v 0.1722 0.0042 0.0658
v 0.1987 -0.0028 0.0793
v 0.2504 -0.0011 0.0728
v -0.2141 0.0044 0.0758
v -0.0716 0.0170 0.0692
v 0.0856 0.0095 0.0845
v 0.5961 -0.0190 0.1048
v -0.2166 0.0136 0.0735
v -0.0763 0.0235 0.0732
v 0.2030 0.0121 0.0777
v 0.2221 0.0213 0.0729
v 0.2342 0.0159 0.0682
v -0.2437 0.0291 0.0700
v 0.0809 0.0189 0.0786
v 0.2294 0.0257 0.0689
v 0.2501 0.0230 0.0690
v -0.0713 0.0352 0.0704
v 0.0749 0.0372 0.0753
v -0.5872 0.0601 0.0576
v -0.7705 0.0529 0.0771
v -0.0575 0.0510 0.0753
v 0.0718 0.0496 0.0751
v 0.2001 0.0647 0.0694
v 0.7719 0.0493 0.0781
v -0.2159 0.0682 0.0687
v -0.0717 0.0483 0.0718
v -0.0511 0.0819 0.0703
v 0.0590 0.0592 0.0854
v 0.7661 0.0565 0.0760
v -0.7698 0.0618 0.0763
v -0.7612 0.0683 0.0745
v -0.2484 0.0659 0.0732
v -0.2028 0.0602 0.0686
v 0.2498 0.0628 0.0757
v 0.7665 0.0650 0.0765
v 0.7819 0.0647 0.0780
v -0.7682 0.0733 0.0765
v -0.4295 0.0773 0.0775
v -0.3252 0.0773 0.0748
v -0.3203 0.0677 0.0773
v -0.1982 0.0770 0.0786
v 0.3265 0.0675 0.0761
v 0.4307 0.0724 0.0776
v 0.7677 0.0803 0.0746
v 0.7728 0.0672 0.0764
v -0.7789 0.0821 0.0776
v -0.7629 0.0823 0.0754
v -0.4232 0.0742 0.0777
v -0.3308 0.0813 0.0721
v -0.2150 0.0809 0.0737
v 0.0592 0.0766 0.0940
v 0.1778 0.0812 0.0814
v 0.2151 0.0812 0.0761
v 0.7724 0.0823 0.0768
v -0.4120 0.0842 0.0883
v -0.3308 0.0897 0.0730
v -0.1674 0.0911 0.0806
v 0.2208 0.0859 0.0735
v 0.3316 0.0884 0.0748
v 0.3364 0.0834 0.0754
v -0.7719 0.1035 0.0688
v -0.2156 0.0876 0.0755
v 0.1764 0.0958 0.0777
v 0.7702 0.1073 0.0772
v 0.7836 0.0816 0.0779
v -0.7732 0.0906 0.0842
v -0.4174 0.0965 0.0873
v -0.1949 0.0964 0.0779
v 0.1179 0.1156 0.0789
v -0.1095 0.1282 0.0789
v 0.0576 0.1179 0.0977
v 0.1163 0.1320 0.0774
v 0.1220 0.1249 0.0765
v -0.7614 0.1235 0.0627
v -0.7558 0.1411 0.0726
v -0.1450 0.1472 0.0751
v 0.8038 0.1126 0.0832
v 0.0407 0.1460 0.0841
v 0.1332 0.1489 0.0733
v 0.1519 0.1469 0.0779
v 0.4105 0.1409 0.0838
v 0.7490 0.1580 0.0632
v 0.7986 0.1638 0.0788
v 1.0580 0.1923 0.0603
v -0.0336 0.1655 0.0696
v -0.0096 0.1678 0.0722
v 0.0408 0.1660 0.0690
v -0.7467 0.1714 0.0889
v 0.2509 0.1838 0.0692
v -0.2607 0.1968 0.0688
v -0.2512 0.2010 0.0699
v -0.2495 0.2204 0.0777
v -0.0004 0.2327 0.0703
v 0.0053 0.2213 0.0821
v 0.2576 0.2201 0.0774
v 0.7713 0.1934 0.0666
v 0.4484 0.2253 0.0760
v 1.0386 0.2676 0.0613
v -0.4525 0.2740 0.0701
v 0.2847 0.2949 0.0716
v 0.5950 0.3041 0.0538
v 0.0008 0.3326 0.0783
v -0.0282 0.3446 0.0783
v -0.0092 0.3420 0.0778
v 0.0109 0.3436 0.0769
v 0.0353 0.3476 0.0813
v 0.6726 0.3465 0.0818
v -0.6350 0.3559 0.0765
v 0.0484 0.3601 0.0832
v 0.6457 0.3491 0.0756
v -0.2171 0.3630 0.0942
v -0.0237 0.3689 0.0812
v 0.0183 0.3541 0.0710
v 0.0072 0.3705 0.0825
v 0.0296 0.3578 0.0683
v -0.0063 0.3640 0.0650
v 0.0195 0.3728 0.0715
v 0.2070 0.3804 0.0605
v 0.6222 0.3680 0.0767
v -0.5987 0.3844 0.0726
v 0.0520 0.3765 0.0823
v 0.6196 0.4091 0.0785
v 0.6404 0.4183 0.0883
v 0.6482 0.4271 0.0862
v 0.8480 0.4645 0.0633
v -0.7528 0.4664 0.0881
v 0.8046 0.4731 0.0820
v -0.8052 0.4731 0.0805
v 0.7628 0.4697 0.0859
v -0.2952 -0.4776 0.0831
v 0.4173 -0.4548 0.0703
v 0.1288 -0.4594 0.0876
v -0.0163 -0.3695 0.0783
v -0.0210 -0.3253 0.0819
v -0.2128 -0.3172 0.0831
v -0.1857 -0.3173 0.0849
v -0.3381 -0.3109 0.0888
v -0.0242 -0.3188 0.0840
v 0.0352 -0.3123 0.0835
v 0.3274 -0.3108 0.0814
v 0.3364 -0.3103 0.0893
v 0.3495 -0.3102 0.0941
v 0.5731 -0.3034 0.0707
v -0.3466 -0.3053 0.0842
v -0.1933 -0.3096 0.0768
v 0.0427 -0.3094 0.0882
v 0.2007 -0.3099 0.0768
v 0.3520 -0.3034 0.0842
v -0.0586 -0.2959 0.0765
v -0.0344 -0.3043 0.0827
v -0.0456 -0.2970 0.0948
v 0.0450 -0.3033 0.0842
v 0.0603 -0.2957 0.0842
v 0.3620 -0.2971 0.0889
v -0.0631 -0.2941 0.0898
v -0.0695 -0.2895 0.0790
v -0.0571 -0.2884 0.0877
v 0.0617 -0.2882 0.0813
v 0.0653 -0.2896 0.0903
v -0.0641 -0.2873 0.0790
v -0.1307 -0.2698 0.0789
v -0.1159 -0.2657 0.0829
v -0.1080 -0.2722 0.0769
v 0.1021 -0.2712 0.0786
v -0.1060 -0.2652 0.0826
v -0.1846 -0.2598 0.0757
v -0.1571 -0.2591 0.0760
v 0.1056 -0.2685 0.0862
v 0.1141 -0.2611 0.0804
v 0.1345 -0.2635 0.0639
v 0.1443 -0.2498 0.0896
v -0.1388 -0.2414 0.0826
v 0.1446 -0.2355 0.0840
v 0.7287 -0.2016 0.0548
v -0.7061 -0.2028 0.0825
v -0.5907 -0.2059 0.0942
v 0.1507 -0.1866 0.0863
v 0.3612 -0.1754 0.0809
v -0.6815 -0.1606 0.0644
v -0.5496 -0.1731 0.0906
v -0.3588 -0.1721 0.0721
v -0.3594 -0.1728 0.0905
v 0.1521 -0.1734 0.0840
v 0.3571 -0.1731 0.0814
v 0.3670 -0.1791 0.0857
v -0.3623 -0.1664 0.0830
v -0.3548 -0.1644 0.0841
v -0.1601 -0.1594 0.0780
v 0.3658 -0.1663 0.0862
v 0.3601 -0.1634 0.0827
v 0.7056 -0.1911 0.0967
v -0.3499 -0.1589 0.0830
v -0.1427 -0.1660 0.0856
v -0.5372 -0.1593 0.0849
v -0.0005 -0.1390 0.0845
v 0.1109 -0.1539 0.0942
v 0.5416 -0.1307 0.0836
v -0.1611 -0.1195 0.0795
v -0.6849 -0.1269 0.0757
v -0.0702 -0.1112 0.0916
v 0.0116 -0.1209 0.0879
v 0.0761 -0.1103 0.0799
v -0.0948 -0.1103 0.0842
v 0.0560 -0.1031 0.0868
v 0.0906 -0.1120 0.0891
v 0.5913 -0.0889 0.0604
v -0.0479 -0.0855 0.0855
v 0.0542 -0.0873 0.0916
v -0.6642 -0.0851 0.0840
v 0.2905 -0.0707 0.0829
v -0.6606 -0.0736 0.0817
v -0.2932 -0.0575 0.0846
v -0.2793 -0.0552 0.0893
v 0.0384 -0.0605 0.0753
v 0.2796 -0.0589 0.0808
v -0.2698 -0.0569 0.0825
v -0.1970 -0.0582 0.0973
v 0.1764 -0.0573 0.0842
v 0.2041 -0.0549 0.0900
v 0.2628 -0.0536 0.0840
v -0.3140 -0.0406 0.0856
v 0.3193 -0.0358 0.0811
v -0.3144 -0.0257 0.0818
v 0.3264 -0.0269 0.0899
v -0.3448 -0.0199 0.0840
v 0.3385 -0.0234 0.0835
v 0.3543 -0.0264 0.0872
v 0.3537 -0.0171 0.0875
v 0.3138 -0.0111 0.0842
v -0.3087 -0.0098 0.0804
v -0.2029 -0.0065 0.0822
v -0.1926 -0.0044 0.0814
v -0.1109 -0.0114 0.0765
v 0.1357 -0.0089 0.0798
v 0.2109 -0.0051 0.0841
v 0.2552 -0.0005 0.0840
v 0.3170 -0.0048 0.0785
v 0.5709 0.0236 0.0622
v -0.2647 0.0018 0.0820
v -0.2350 -0.0034 0.0810
v -0.0808 0.0064 0.0817
v 0.1969 0.0086 0.0837
v 0.2815 -0.0013 0.0828
v -0.2554 0.0030 0.0825
v 0.1863 0.0129 0.0681
v 0.2197 0.0060 0.0766
v 0.2569 0.0052 0.0759
v -1.0391 -0.0126 0.0949
v -0.1965 0.0118 0.0787
v -0.7725 0.0293 0.0854
v -0.5282 0.0230 0.0950
v -0.7688 0.0395 0.0875
v 0.7774 0.0375 0.0845
v -0.7616 0.0524 0.0788
v 0.0661 0.0446 0.0786
v 0.7692 0.0523 0.0838
v 0.7917 0.0492 0.0905
v -0.7685 0.0568 0.0841
v -0.4256 0.0564 0.0859
v -0.7703 0.0671 0.0829
v -0.7747 0.0595 0.0838
v -0.4240 0.0646 0.0852
v 0.4118 0.0675 0.0857
v 0.4271 0.0632 0.0842
v 0.4807 0.0813 0.0823
v 0.7763 0.0684 0.0829
v -0.4026 0.0677 0.0881
v -0.4321 0.0750 0.0877
v 0.1986 0.0771 0.0799
v 0.4270 0.0861 0.0783
v 0.4363 0.0711 0.0897
v -0.4483 0.0801 0.0913
v -0.2219 0.0885 0.0790
v -0.1727 0.0848 0.0898
v 0.1638 0.0958 0.0906
v 0.2188 0.0895 0.0879
v 0.4583 0.0785 0.0926
v 0.2196 0.0935 0.0841
v -0.2148 0.0954 0.0805
v -0.1772 0.0998 0.0853
v -0.1627 0.1062 0.0924
v 0.1772 0.1029 0.0850
v 0.1915 0.0967 0.0887
v 0.1150 0.1145 0.0828
v -0.7694 0.1327 0.1087
v -0.1233 0.1322 0.0779
v -0.1122 0.1164 0.0855
v -0.7795 0.1548 0.0703
v -0.1148 0.1272 0.0909
v -0.1167 0.1405 0.0889
v 0.1322 0.1424 0.0890
v -1.0746 0.1304 0.0993
v -0.1479 0.1526 0.0837
v -0.1357 0.1526 0.0805
v 0.1453 0.1526 0.0795
v 0.5280 0.1381 0.0856
v -0.0295 0.1775 0.0828
v 0.0300 0.1717 0.0955
v 0.0358 0.1709 0.0862
v -0.4638 0.2031 0.0646
v 0.0179 0.1876 0.0861
v 0.0065 0.1794 0.0863
v 0.0304 0.1760 0.0809
v 0.3475 0.1929 0.0875
v -0.7661 0.2005 0.0677
v -0.0242 0.1863 0.0870
v 0.0289 0.1869 0.0884
v -0.4484 0.2327 0.0628
v 0.0080 0.2265 0.0897
v -0.3162 0.2226 0.0928
v -0.2997 0.2483 0.0885
v -0.7253 0.2928 0.0755
v -0.5712 0.3189 0.1015
v 0.5359 0.3316 0.0986
v -1.0132 0.3328 0.1132
v -0.6831 0.3332 0.0792
v 0.7101 0.3230 0.0825
v -0.0024 0.3394 0.0783
v 0.2385 0.3341 0.1023
v -0.6538 0.3458 0.0772
v 0.2328 0.3565 0.0750
v 0.0435 0.3526 0.0905
v -0.0439 0.3619 0.0819
v -0.0131 0.3587 0.0761
v 0.6442 0.3550 0.0826
v -0.0122 0.3672 0.0871
v 0.0215 0.3709 0.0884
v 0.0295 0.3710 0.0791
v -0.6196 0.3809 0.0817
v -0.0213 0.3798 0.0922
v -0.0081 0.3685 0.0815
v -0.9629 0.3897 0.1111
v -0.0179 0.3782 0.0798
v 0.1772 0.3928 0.0979
v 0.6294 0.3738 0.0847
v 0.9380 0.4111 0.0812
v -0.0661 0.3964 0.0782
v 0.0629 0.3891 0.1099
v -0.9127 0.4274 0.0876
v -0.6922 0.4444 0.0778
v -0.6840 0.4349 0.0968
v -0.7783 0.4708 0.0879
v 0.3133 -0.4777 0.0816
v 0.3539 -0.4731 0.0681
v -0.1761 -0.4683 0.0916
v 0.1779 -0.4684 0.0862
v 0.4703 -0.4339 0.0799
v 0.0986 -0.4398 0.1036
v 0.0730 -0.4173 0.1155
v -0.0312 -0.3962 0.0809
v -0.5663 -0.3439 0.0937
v 0.0214 -0.3402 0.0928
v -0.0065 -0.3257 0.0884
v 0.0168 -0.3193 0.0878
v 0.0213 -0.3204 0.0946
v 0.1917 -0.3186 0.1072
v -0.3521 -0.3101 0.0991
v -0.0293 -0.3155 0.0913
v -0.0147 -0.3189 0.0902
v -0.3553 -0.3018 0.0880
v -0.3423 -0.3034 0.0908
v -0.0324 -0.3107 0.0932
v 0.0383 -0.3046 0.0855
v 0.0421 -0.2991 0.0992
v 0.1936 -0.3130 0.0882
v -0.0555 -0.2958 0.0908
v -0.0344 -0.3052 0.0945
v 0.0509 -0.2982 0.0920
v 0.3425 -0.3041 0.0894
v 0.3546 -0.2963 0.0869
v -0.1097 -0.2646 0.0951
v 0.1081 -0.2590 0.0969
v 0.1160 -0.2646 0.0848
v -0.1384 -0.2543 0.0886
v -0.1174 -0.2589 0.0957
v -0.1007 -0.2624 0.0972
v 0.1149 -0.2566 0.0904
v 0.1360 -0.2598 0.0892
v 0.6130 -0.2421 0.0909
v -0.1098 -0.2547 0.0903
v 0.1251 -0.2502 0.0878
v -0.1385 -0.2334 0.0916
v 0.1419 -0.2294 0.0897
v 0.7580 -0.2155 0.0814
v -0.7892 -0.2106 0.0786
v -0.1440 -0.2082 0.0923
v 0.8025 -0.2119 0.0846
v 0.7236 -0.2141 0.1133
v 0.5442 -0.1830 0.0769
v -0.3667 -0.1738 0.0920
v -0.1457 -0.1792 0.0889
v -0.1391 -0.1874 0.0993
v 0.1510 -0.1867 0.0957
v -0.1532 -0.1691 0.0922
v 0.1408 -0.1775 0.0947
v 0.9003 -0.1610 0.0761
v -0.3554 -0.1679 0.0916
v 0.1549 -0.1718 0.0968
v 0.3615 -0.1690 0.0998
v 0.3590 -0.1656 0.0913
v -0.1078 -0.1564 0.0958
v -0.6918 -0.1373 0.0880
v -0.5357 -0.1388 0.0992
v 0.0050 -0.1352 0.0893
v 0.0877 -0.1246 0.0931
v 0.0055 -0.1333 0.1017
v -0.1498 -0.1151 0.0947
v 0.0310 -0.1131 0.0956
v 0.1330 -0.1102 0.0907
v 0.1678 -0.1211 0.0897
v -0.1297 -0.1071 0.0820
v -0.0781 -0.1112 0.0922
v -0.0649 -0.1036 0.0890
v -0.0571 -0.1032 0.0840
v -0.0485 -0.0960 0.0882
v 0.0508 -0.1016 0.0971
v 0.1502 -0.1121 0.0906
v -0.6698 -0.1002 0.0819
v -0.0600 -0.0964 0.0905
v -0.5331 -0.1045 0.1025
v -0.0458 -0.0672 0.0828
v 0.6601 -0.0809 0.0904
v 0.0534 -0.0764 0.0938
v 0.6483 -0.0626 0.0818
v 0.0469 -0.0701 0.0845
v -0.0797 -0.0630 0.0979
v 0.0616 -0.0687 0.0961
v 0.1223 -0.0618 0.0977
v 0.2977 -0.0581 0.0858
v -0.3070 -0.0449 0.0964
v -0.2536 -0.0521 0.0925
v -0.2191 -0.0533 0.0924
v -0.1197 -0.0596 0.0929
v 0.2394 -0.0532 0.0949
v 0.2648 -0.0526 0.0912
v 0.3142 -0.0421 0.0986
v -0.6152 -0.0025 0.0666
v -0.3365 -0.0339 0.0912
v 0.3343 -0.0353 0.0963
v 0.3466 -0.0340 0.0916
v -0.3408 -0.0272 0.0863
v -0.3258 -0.0304 0.0910
v 0.3364 -0.0265 0.0893
v 0.3715 -0.0280 0.0968
v -0.3532 -0.0200 0.0918
v -0.3345 -0.0201 0.0942
v -0.3246 -0.0210 0.0924
v 0.3345 -0.0215 0.0934
v 0.3173 -0.0146 0.0917
v 0.3495 -0.0126 0.0916
v -0.1859 -0.0036 0.0948
v 0.2699 -0.0019 0.0914
v -0.2905 -0.0029 0.0875
v -0.2591 -0.0024 0.0918
v -0.1340 0.0016 0.0892
v -0.1009 0.0010 0.0878
v 0.1453 0.0033 0.0890
v 0.5420 0.0279 0.0849
v -0.7689 0.0182 0.0910
v -0.1652 0.0116 0.0896
v 0.0840 0.0159 0.0949
v 0.1802 0.0119 0.0897
v -0.7732 0.0288 0.0918
v 0.7758 0.0161 0.0924
v -0.7800 0.0480 0.0841
v -0.0632 0.0425 0.0892
v 0.0747 0.0242 0.0973
v 0.7768 0.0348 0.0911
v 0.0682 0.0442 0.1032
v -0.7777 0.0461 0.0967
v 0.4318 0.0531 0.0889
v -0.7860 0.0664 0.0845
v 0.3971 0.0615 0.0957
v 0.4049 0.0637 0.0932
v -0.3930 0.0682 0.0930
v 0.4073 0.0735 0.0913
v -0.1809 0.0835 0.0930
v -0.2238 0.0881 0.0919
v -0.2152 0.0879 0.0894
v -0.2063 0.0887 0.0817
v 0.1830 0.0851 0.0931
v 0.2091 0.0881 0.0798
v 0.4180 0.0894 0.0910
v -0.1808 0.0949 0.0912
v -0.1530 0.1011 0.0944
v 0.1702 0.1040 0.0917
v 0.1841 0.0974 0.0895
v 0.4227 0.1132 0.0866
v -0.1238 0.1200 0.0948
v -0.1254 0.1370 0.0883
v 0.1225 0.1240 0.0979
v 0.1377 0.1566 0.0893
v 0.8666 0.1506 0.1257
v -0.1547 0.1596 0.0897
v -0.1368 0.1583 0.0906
v -0.0154 0.1644 0.0949
v -0.0100 0.1699 0.0869
v 0.1451 0.1591 0.0978
v 0.1482 0.1644 0.0924
v 0.1594 0.1577 0.0885
v 0.1563 0.1646 0.0954
v -0.0165 0.1718 0.0977
v 0.0080 0.1704 0.0881
v 0.5171 0.1407 0.1085
v 0.7359 0.1922 0.0899
v -0.0087 0.1794 0.0884
v -0.0014 0.1745 0.0835
v -0.0071 0.1886 0.0929
v -0.0116 0.1854 0.0848
v 0.4524 0.2026 0.1191
v -0.7215 0.2083 0.0965
v 0.0003 0.2126 0.0969
v 0.0053 0.2104 0.1030
v 0.3303 0.2144 0.0706
v 0.3028 0.2456 0.0775
v 0.8325 0.2373 0.1106
v -0.4382 0.2541 0.0844
v 0.6643 0.2614 0.0815
v -1.0585 0.2371 0.0990
v -0.7620 0.2613 0.0798
v 0.7736 0.2944 0.0976
v 0.5769 0.3159 0.0868
v -0.2829 0.2909 0.0978
v 0.7516 0.3139 0.0973
v -0.7276 0.3206 0.0907
v -0.6410 0.3469 0.0890
v -0.5546 0.3260 0.0987
v -0.5344 0.3311 0.0996
v 0.7285 0.3228 0.0896
v -0.0049 0.3443 0.0913
v 0.6623 0.3494 0.0903
v 0.6977 0.3429 0.0923
v 0.7082 0.3333 0.0910
v -0.6745 0.3503 0.0910
v -0.0382 0.3534 0.0892
v -0.0300 0.3564 0.0925
v 0.0174 0.3479 0.0884
v -0.6487 0.3563 0.0840
v -0.6444 0.3627 0.0848
v -0.6314 0.3632 0.0849
v 0.0327 0.3605 0.0955
v 0.5599 0.3539 0.0917
v 0.6303 0.3621 0.0876
v -0.6637 0.3615 0.0896
v -0.6594 0.3570 0.0916
v -0.6274 0.3727 0.0880
v -0.5763 0.3709 0.0923
v 0.5728 0.3700 0.0922
v 0.6608 0.3587 0.0863
v 0.6555 0.3610 0.0903
v 0.6658 0.3603 0.0913
v -0.6464 0.3777 0.0940
v -0.6431 0.3706 0.0914
v -0.6510 0.3663 0.0857
v -0.0498 0.3854 0.0888
v 0.0468 0.3724 0.0916
v 0.6202 0.3736 0.0919
v 0.6200 0.3835 0.1024
v 0.6445 0.3779 0.0927
v -0.6355 0.3890 0.0914
v 0.6356 0.3803 0.0907
v 0.6538 0.3757 0.0930
v 0.0598 0.3883 0.0852
v 0.6497 0.3874 0.0969
v -0.6310 0.4158 0.0863
v -0.6542 0.4318 0.0839
v 0.6813 0.4340 0.0963
v -0.8832 0.4420 0.1029
v -0.8648 0.4456 0.1108
v 0.8007 0.4548 0.1096
v -0.3661 -0.4701 0.0721
v -0.2289 -0.4761 0.0831
v 0.1825 -0.4658 0.1055
v -0.1333 -0.4583 0.0994
v -0.0923 -0.4493 0.0780
v -0.4406 -0.4506 0.1043
v 0.0563 -0.4039 0.1126
v 0.5609 -0.3475 0.0883
v -0.0159 -0.3392 0.0910
v -0.1942 -0.3193 0.1068
v 0.0120 -0.3255 0.0893
v 0.1916 -0.3173 0.0883
v 0.2217 -0.3185 0.1028
v -0.0155 -0.3167 0.1009
v 0.3551 -0.3075 0.1014
v -0.3496 -0.3054 0.0995
v -0.1965 -0.3105 0.0959
v -0.0273 -0.3052 0.1019
v 0.0326 -0.3054 0.1083
v 0.3583 -0.3037 0.0988
v -0.6054 -0.3139 0.1072
v 0.0554 -0.2923 0.0990
v -0.0611 -0.2882 0.0968
v 0.6099 -0.2765 0.0879
v -0.6222 -0.2837 0.1075
v -0.6279 -0.2607 0.1104
v 0.1066 -0.2573 0.0994
v 0.1485 -0.2276 0.1089
v -0.1394 -0.2276 0.0937
v -0.1193 -0.2462 0.1017
v 0.1468 -0.2095 0.0932
v -0.7533 -0.2147 0.0796
v -0.1460 -0.2241 0.0929
v -0.1004 -0.2447 0.1119
v -0.1451 -0.1940 0.0955
v -0.8360 -0.2015 0.0895
v -0.6998 -0.1938 0.0886
v -0.1459 -0.1835 0.0987
v -0.1391 -0.2037 0.0991
v -0.1197 -0.1944 0.1043
v 0.1494 -0.2036 0.1111
v -0.3699 -0.1823 0.0994
v 0.1448 -0.1891 0.0983
v 0.3762 -0.1814 0.1009
v 0.5446 -0.1692 0.0884
v -0.3613 -0.1688 0.0957
v 0.3755 -0.1762 0.0952
v -0.6954 -0.1519 0.0928
v -0.1148 -0.1787 0.1032
v 0.3677 -0.1725 0.0971
v 0.9331 -0.1657 0.1163
v 0.5408 -0.1530 0.0850
v 0.7054 -0.1540 0.1044
v -0.1699 -0.1389 0.0795
v 0.1742 -0.1414 0.1015
v 0.5360 -0.1276 0.0958
v -0.0043 -0.1238 0.0977
v 0.1751 -0.1273 0.1040
v 0.9797 -0.0788 0.0656
v -0.0774 -0.1199 0.0994
v 0.0687 -0.1123 0.0992
v -0.6740 -0.1124 0.0982
v -0.0885 -0.1155 0.0953
v -0.0268 -0.1153 0.0992
v -0.0635 -0.1052 0.0962
v -0.0530 -0.1042 0.0995
v 0.0667 -0.1041 0.0971
v 0.0775 -0.1128 0.1007
v 0.0723 -0.1077 0.0902
v -0.0517 -0.0916 0.0971
v 0.6775 -0.1042 0.1020
v 0.5649 -0.0549 0.0872
v 0.6278 -0.0546 0.0875
v 0.1735 -0.0757 0.1137
v 1.0202 -0.0619 0.1055
v -0.5279 -0.0705 0.1124
v -0.1581 -0.0710 0.1059
v -0.0583 -0.0677 0.0968
v 0.0776 -0.0647 0.1041
v 0.1853 -0.0637 0.1045
v 0.2095 -0.0558 0.0997
v 0.6116 -0.0503 0.1012
v -0.2624 -0.0429 0.1001
v 0.3291 -0.0389 0.0997
v -0.3911 -0.0342 0.1001
v -0.3661 -0.0339 0.1002
v 0.3653 -0.0350 0.1005
v 0.3831 -0.0359 0.1019
v -0.4112 -0.0274 0.1013
v -0.3874 -0.0263 0.0998
v -0.3687 -0.0264 0.0977
v 0.4077 -0.0312 0.0996
v 0.4147 -0.0267 0.1009
v -0.3348 -0.0215 0.0994
v 0.3258 -0.0276 0.0985
v 0.3967 -0.0212 0.1066
v -0.3093 -0.0072 0.0915
v 0.3115 -0.0063 0.0910
v 0.7707 -0.0084 0.1007
v -0.5194 -0.0167 0.1066
v -0.2578 -0.0102 0.0998
v -0.2134 -0.0074 0.0955
v 0.1904 -0.0046 0.0954
v 0.2264 -0.0090 0.0983
v 0.2973 -0.0138 0.0998
v -0.7692 0.0007 0.1002
v -0.1808 0.0104 0.0884
v 0.1210 0.0032 0.0975
v -0.7688 0.0113 0.0995
v -0.7646 0.0065 0.0938
v -0.1631 0.0022 0.1008
v -0.1227 0.0021 0.1013
v 0.1021 0.0052 0.0979
v 0.7835 0.0054 0.0995
v -0.7730 0.0201 0.0985
v -0.0727 0.0221 0.0936
v 0.7759 0.0254 0.0969
v 0.7893 0.0320 0.0940
v 0.4347 0.0383 0.1040
v 0.4487 0.0352 0.1075
v 0.4963 0.0514 0.0980
v -0.4322 0.0443 0.0981
v 0.4291 0.0524 0.0996
v -0.7830 0.0463 0.1016
v -0.4947 0.0292 0.1153
v -0.4244 0.0511 0.1009
v -0.4095 0.0607 0.1009
v -0.3936 0.0505 0.1067
v 0.4541 0.0469 0.1049
v -0.4672 0.0561 0.1042
v -0.4331 0.0681 0.0916
v 0.4148 0.0617 0.1001
v -0.7796 0.0571 0.0953
v 0.4759 0.0599 0.1011
v -0.4053 0.0751 0.0993
v -0.8025 0.1047 0.0866
v -0.7873 0.0709 0.1284
v -0.2156 0.0858 0.1038
v -0.2120 0.0880 0.1048
v -0.1628 0.1021 0.0962
v 0.1442 0.1051 0.1026
v 0.1597 0.1031 0.0974
v -0.4171 0.1013 0.1019
v -0.1557 0.1114 0.1030
v 0.1652 0.1093 0.0947
v 0.1618 0.1099 0.1043
v -1.0761 0.0821 0.1109
v -0.1187 0.1197 0.1031
v 0.1206 0.1280 0.1124
v 0.7616 0.1471 0.0881
v 0.1152 0.1356 0.0908
v 0.1212 0.1393 0.1119
v 0.4058 0.1312 0.1077
v -0.4804 0.1808 0.0770
v -0.1267 0.1481 0.0977
v 0.1246 0.1520 0.0958
v -0.1349 0.1621 0.0984
v -0.0353 0.1539 0.0898
v 0.1298 0.1476 0.1000
v -0.1448 0.1683 0.0970
v -0.1392 0.1598 0.0997
v -0.1204 0.1629 0.1026
v 0.0205 0.1641 0.0934
v -0.0009 0.1729 0.0992
v 0.0201 0.1708 0.0901
v -0.0081 0.1803 0.0976
v 0.0070 0.1805 0.0976
v -0.0104 0.1866 0.1000
v 0.0064 0.1905 0.1054
v 0.0146 0.1884 0.0954
v -0.3414 0.1851 0.1224
v -0.0177 0.1943 0.0995
v -0.0108 0.1925 0.0977
v -0.0022 0.2252 0.0911
v 0.0025 0.2341 0.0903
v 0.4357 0.2573 0.0965
v -0.6460 0.2645 0.1260
v 0.8038 0.2680 0.1027
v -0.4687 0.2990 0.0784
v 0.4502 0.2871 0.1189
v -0.7503 0.3090 0.0941
v -0.6794 0.3127 0.0985
v 0.4758 0.3118 0.1052
v 0.5637 0.3247 0.0994
v 0.6615 0.3188 0.0974
v 0.7410 0.3190 0.1014
v -0.7373 0.3196 0.0989
v -0.7026 0.3318 0.0969
v -0.6652 0.3448 0.0926
v 0.6431 0.3483 0.0883
v 0.6979 0.3337 0.0954
v 0.7328 0.3279 0.1002
v -0.7287 0.3327 0.0992
v -0.6908 0.3439 0.0912
v -0.5830 0.3472 0.0924
v 0.6826 0.3485 0.0916
v 0.7090 0.3357 0.0996
v 0.7460 0.3278 0.0983
v -0.7235 0.3411 0.1009
v 0.0004 0.3379 0.1017
v 0.5587 0.3471 0.0982
v 0.5761 0.3498 0.0926
v 0.7106 0.3438 0.0929
v -0.6964 0.3584 0.0982
v -0.7040 0.3411 0.0928
v -0.5590 0.3482 0.0971
v 0.7005 0.3590 0.0976
v 0.7202 0.3365 0.0989
v 0.9819 0.3660 0.0699
v -0.6940 0.3502 0.0928
v -0.5619 0.3609 0.0921
v 0.6930 0.3604 0.0978
v -0.9966 0.3559 0.1217
v -0.6843 0.3636 0.0950
v -0.0286 0.3723 0.1050
v 0.5498 0.3592 0.1023
v 0.6946 0.3603 0.0946
v -0.6685 0.3786 0.1028
v -0.6570 0.3816 0.1028
v -0.6305 0.3802 0.0917
v -0.1985 0.3703 0.1218
v 0.5884 0.3787 0.1007
v -0.6555 0.3881 0.0994
v -0.6456 0.3862 0.0986
v 0.0446 0.3846 0.1038
v 0.6413 0.3846 0.1004
v 0.6602 0.3843 0.1004
v 0.6736 0.3807 0.1002
v -0.0797 0.3958 0.1003
v 0.1081 0.3959 0.1137
v -0.6534 0.4171 0.0976
v 0.9051 0.4346 0.0962
v 0.6657 0.4231 0.0995
v -0.7392 0.4427 0.1035
v 0.7435 0.4442 0.1013
v 0.8538 0.4595 0.0927
v -0.8143 0.4528 0.1124
v 0.7744 0.4397 0.1133
v -0.2609 -0.4771 0.1029
v -0.0686 -0.4278 0.0915
v -0.5341 -0.3799 0.0996
v 0.0306 -0.3733 0.1053
v 0.5916 -0.3285 0.1028
v -0.1847 -0.3195 0.1034
v -0.2213 -0.3175 0.1020
v -0.1810 -0.3208 0.1057
v -0.2130 -0.3125 0.1038
v -0.0314 -0.3051 0.1074
v -0.0260 -0.3109 0.1019
v 0.0268 -0.3114 0.1060
v 0.0354 -0.3039 0.1041
v 0.0375 -0.3033 0.1127
v 0.6076 -0.2953 0.0934
v -0.0406 -0.2963 0.1088
v -0.0396 -0.3006 0.1147
v 0.0438 -0.2992 0.1041
v -0.0376 -0.2896 0.1123
v -0.0544 -0.2883 0.1054
v 0.0444 -0.2964 0.1096
v 0.0538 -0.2912 0.1072
v -0.1328 -0.2538 0.0999
v -0.0971 -0.2583 0.1044
v 0.1003 -0.2566 0.1097
v 0.1195 -0.2556 0.1064
v 0.1003 -0.2522 0.1097
v 0.1259 -0.2497 0.1110
v -0.1398 -0.2372 0.1049
v 0.6215 -0.2212 0.1149
v -0.1462 -0.2240 0.1095
v 0.1185 -0.2380 0.1067
v -0.7214 -0.2144 0.0951
v -0.1484 -0.2152 0.1021
v -0.8178 -0.2225 0.1239
v 0.1351 -0.1934 0.1008
v 0.8532 -0.1933 0.0827
v -0.7031 -0.1706 0.1046
v -0.6034 -0.1972 0.1179
v -0.3724 -0.1795 0.1029
v -0.3630 -0.1764 0.1065
v 0.1141 -0.1759 0.1036
v 0.3682 -0.1769 0.1053
v 0.1551 -0.1792 0.1158
v 0.3712 -0.1744 0.1074
v -0.5402 -0.1556 0.0988
v 0.0935 -0.1418 0.1048
v -0.0030 -0.1314 0.1071
v -0.1677 -0.1208 0.1030
v -0.0100 -0.1275 0.1080
v 0.0839 -0.1258 0.1069
v -0.1029 -0.1310 0.1159
v -0.0773 -0.1251 0.1080
v -0.0715 -0.1182 0.1057
v 0.0703 -0.1236 0.1086
v 0.1469 -0.1179 0.1078
v -0.6748 -0.0968 0.0978
v -0.0737 -0.1124 0.1026
v -0.0707 -0.1174 0.0998
v 0.0625 -0.1104 0.1062
v 0.0751 -0.1213 0.1127
v 0.5369 -0.1041 0.1038
v -0.0569 -0.1066 0.1078
v 0.0592 -0.1057 0.1064
v -0.6621 -0.0882 0.0927
v -0.9822 -0.1029 0.0994
v -0.6290 -0.0638 0.0911
v -0.0556 -0.0745 0.1042
v 0.0554 -0.0967 0.1070
v -0.5231 -0.0901 0.1163
v 0.0585 -0.0764 0.1086
v -0.6060 -0.0524 0.1052
v -0.1770 -0.0687 0.1056
v 0.1514 -0.0684 0.1052
v -0.2033 -0.0500 0.1085
v -0.2216 -0.0475 0.1062
v -0.3749 -0.0418 0.1071
v -0.3204 -0.0413 0.0985
v 0.2158 -0.0479 0.1076
v 0.2677 -0.0408 0.1011
v 0.3775 -0.0406 0.1085
v 0.5350 -0.0290 0.1014
v -0.3479 -0.0345 0.0992
v -0.3331 -0.0346 0.0989
v -0.3264 -0.0322 0.0999
v -0.2727 -0.0263 0.1032
v 0.2674 -0.0251 0.1034
v 0.3518 -0.0333 0.1000
v 0.4187 -0.0347 0.1083
v -0.4316 -0.0276 0.1075
v -0.3494 -0.0311 0.1022
v -0.2968 -0.0130 0.1000
v 0.2578 -0.0290 0.1076
v 0.3561 -0.0138 0.0985
v 0.3654 -0.0196 0.0997
v 0.4287 -0.0273 0.1067
v 0.7686 -0.0265 0.1079
v -0.4102 -0.0207 0.1067
v -0.3768 -0.0193 0.1029
v -0.3673 -0.0218 0.1022
v -0.3522 -0.0173 0.0981
v 0.3736 -0.0256 0.1067
v 0.4296 -0.0199 0.1073
v 0.7662 -0.0194 0.1067
v -0.7852 -0.0034 0.1081
v -0.7694 -0.0123 0.1066
v 0.2521 -0.0146 0.1033
v 0.7665 -0.0117 0.1072
v 0.7745 -0.0103 0.1074
v -0.7755 -0.0040 0.1072
v -0.7699 -0.0027 0.1063
v -0.5921 0.0243 0.0845
v 0.1686 0.0101 0.0919
v 0.5198 0.0197 0.1067
v 0.7847 -0.0094 0.1081
v -0.7773 0.0103 0.0994
v -0.0939 0.0067 0.1020
v 0.0991 0.0026 0.1119
v 0.7736 0.0092 0.1006
v -0.7795 0.0122 0.1096
v -0.5066 0.0185 0.1152
v 0.8056 0.0068 0.1177
v -1.0731 0.0342 0.1314
v -0.4458 0.0294 0.1104
v -0.4110 0.0461 0.1109
v 0.4102 0.0495 0.1081
v 0.4745 0.0391 0.1145
v -0.7881 0.0438 0.1194
v -0.0599 0.0585 0.1037
v 0.3981 0.0636 0.1016
v 0.0665 0.0585 0.1141
v -0.4210 0.0744 0.1194
v 0.4200 0.0919 0.1046
v 1.0602 0.1055 0.0622
v -0.1423 0.1084 0.1133
v 0.1491 0.1061 0.1111
v -0.1399 0.1069 0.1071
v -0.1414 0.1159 0.1062
v -0.1174 0.1251 0.1026
v 0.1156 0.1278 0.1025
v -0.4108 0.1260 0.0954
v -0.1066 0.1291 0.1100
v -0.1079 0.1380 0.1034
v 0.1138 0.1446 0.1064
v 0.3864 0.1597 0.0924
v 0.0586 0.1348 0.1093
v 0.1433 0.1621 0.0988
v -0.1171 0.1544 0.1105
v -0.0097 0.1650 0.1029
v 0.1185 0.1640 0.1051
v 0.1309 0.1609 0.0994
v -0.0234 0.1720 0.1053
v 0.0006 0.1742 0.1050
v -0.8152 0.1645 0.0914
v -0.7504 0.1665 0.1154
v -0.0008 0.1792 0.1020
v 0.0176 0.1800 0.0999
v 0.0316 0.1737 0.1125
v -0.0175 0.1896 0.1123
v -0.0060 0.1882 0.1069
v -1.0843 0.1573 0.1324
v -0.0228 0.1885 0.1077
v 0.0274 0.1894 0.1048
v -0.0041 0.2085 0.1084
v 0.0005 0.2017 0.1041
v 0.0145 0.1974 0.1067
v 0.3166 0.2221 0.0983
v 0.0031 0.2220 0.1075
v 0.7081 0.2238 0.0918
v 0.2883 0.2904 0.0946
v -0.2875 0.2536 0.1582
v -0.7818 0.2873 0.1004
v -0.7110 0.3009 0.1024
v 0.8137 0.2849 0.1206
v -0.7485 0.2785 0.1086
v -0.6157 0.2867 0.1204
v 0.7089 0.3235 0.0982
v -1.0498 0.2814 0.1345
v -0.7330 0.3098 0.1030
v -0.5946 0.2992 0.1155
v 0.7829 0.2997 0.1064
v -0.6165 0.3165 0.1047
v -0.4909 0.3216 0.0877
v 0.7652 0.3116 0.1085
v 0.6004 0.3319 0.0982
v 0.7508 0.3185 0.1070
v 0.7785 0.3113 0.1070
v -0.7150 0.3393 0.0992
v -0.5297 0.3263 0.1103
v 0.7267 0.3257 0.1008
v 0.7580 0.3224 0.1070
v -0.7464 0.3219 0.0996
v 0.5213 0.3331 0.1226
v 0.5286 0.3328 0.1142
v 0.5666 0.3330 0.1020
v -0.7288 0.3522 0.1088
v -0.7357 0.3338 0.1064
v -0.7048 0.3432 0.0994
v -0.5452 0.3430 0.1015
v 0.7285 0.3487 0.1030
v -0.7290 0.3426 0.1007
v -0.5406 0.3550 0.1043
v 0.0005 0.3474 0.1004
v 0.5371 0.3539 0.1098
v -0.7149 0.3562 0.1023
v -0.6931 0.3532 0.1000
v -0.0071 0.3594 0.1067
v 0.2085 0.3714 0.0999
v -0.6874 0.3740 0.1111
v -0.5797 0.3776 0.1000
v 0.0174 0.3673 0.1139
v -0.6993 0.3714 0.1085
v -0.6843 0.3784 0.1073
v 0.6739 0.3797 0.1065
v 0.6905 0.3759 0.1078
v -0.6770 0.3964 0.1084
v -0.6683 0.3850 0.1073
v -0.6495 0.3880 0.1138
v -0.6037 0.3837 0.1097
v 0.6470 0.3872 0.1100
v 0.6602 0.3856 0.1070
v 0.6744 0.3866 0.1072
v 0.6928 0.3857 0.1082
v -0.6645 0.3961 0.1051
v -0.1672 0.3931 0.1097
v 0.1367 0.3950 0.1210
v 0.6599 0.4003 0.1005
v 0.6767 0.3974 0.1085
v 0.7103 0.4346 0.1092
v 0.8364 0.4434 0.1208
v -0.3087 -0.4844 0.1048
v -0.3188 -0.4838 0.1289
v 0.3124 -0.4841 0.1031
v -0.3415 -0.4802 0.1047
v 0.2601 -0.4764 0.1000
v 0.2283 -0.4669 0.1216
v 0.5173 -0.4022 0.0866
v -0.0260 -0.3775 0.0994
v -0.5409 -0.3746 0.1169
v -0.1659 -0.3421 0.1183
v -0.1858 -0.3279 0.1159
v -0.0191 -0.3164 0.1123
v 0.1681 -0.3360 0.1200
v -0.6052 -0.3308 0.1300
v -0.1700 -0.3335 0.1142
v 0.1810 -0.3314 0.1151
v 0.1977 -0.3249 0.1188
v -0.2265 -0.3170 0.1159
v -0.2146 -0.3187 0.1118
v -0.1960 -0.3197 0.1222
v 0.2005 -0.3203 0.1191
v 0.2136 -0.3174 0.1184
v -0.2237 -0.3122 0.1149
v 0.2351 -0.3163 0.1132
v -0.2425 -0.3085 0.1145
v -0.2198 -0.3037 0.1162
v -0.2083 -0.3098 0.1141
v -0.0261 -0.3039 0.1155
v -0.0192 -0.3069 0.1125
v -0.0067 -0.3140 0.1089
v 0.0226 -0.3050 0.1114
v 0.0232 -0.3127 0.1154
v 0.2131 -0.3103 0.1028
v -0.0266 -0.2897 0.1230
v 0.0296 -0.3025 0.1141
v 0.0385 -0.2974 0.1122
v 0.0454 -0.2881 0.1139
v 0.0519 -0.2879 0.1184
v -0.1053 -0.2562 0.1109
v -0.0921 -0.2533 0.1142
v -0.1260 -0.2263 0.1228
v 0.1428 -0.2169 0.1195
v -0.7753 -0.2302 0.1286
v -0.6284 -0.2328 0.1201
v -0.0915 -0.2355 0.1194
v 0.1155 -0.1987 0.1085
v 0.5945 -0.1988 0.1003
v 0.8978 -0.1845 0.1091
v 0.7231 -0.2050 0.1240
v -0.7084 -0.1624 0.1139
v -0.1552 -0.1760 0.1213
v -0.1590 -0.1624 0.1120
v 0.7236 -0.1702 0.1282
v -0.5619 -0.1578 0.1298
v 0.1609 -0.1615 0.1208
v 0.7062 -0.1529 0.1131
v -0.6926 -0.1426 0.1009
v -0.0770 -0.1484 0.1171
v 0.1717 -0.1450 0.1173
v -0.1707 -0.1209 0.1129
v -0.0803 -0.1342 0.1100
v 0.0138 -0.1285 0.1080
v 0.0844 -0.1361 0.1115
v -0.0579 -0.1240 0.1142
v -0.0397 -0.1416 0.1225
v -0.0075 -0.1350 0.1276
v 0.0320 -0.1403 0.1225
v 0.0600 -0.1316 0.1183
v 0.1777 -0.1288 0.1166
v -0.6761 -0.1116 0.1136
v -0.0509 -0.1141 0.1090
v 0.0513 -0.1154 0.1081
v 0.0990 -0.1256 0.1077
v 0.6846 -0.1264 0.1098
v -0.3595 -0.1073 0.1195
v -0.1585 -0.1175 0.1139
v -0.1396 -0.1186 0.1096
v 0.0593 -0.1140 0.1165
v 0.1717 -0.1194 0.1130
v 0.3535 -0.1069 0.1197
v 0.3610 -0.1045 0.1235
v -0.5300 -0.1130 0.1170
v 0.3517 -0.1103 0.1083
v 0.3589 -0.1095 0.1097
v 0.6806 -0.1066 0.1079
v 0.6496 -0.1040 0.1158
v 0.0515 -0.0984 0.1197
v 0.0405 -0.0831 0.1265
v -0.1711 -0.0740 0.1117
v -0.1629 -0.0778 0.1161
v -0.1694 -0.0625 0.1159
v -0.1256 -0.0651 0.1067
v -0.1123 -0.0665 0.1207
v -0.0691 -0.0659 0.1114
v 0.1061 -0.0656 0.1190
v 0.1291 -0.0653 0.1120
v -0.1334 -0.0625 0.1162
v -0.0973 -0.0643 0.1217
v 0.0735 -0.0646 0.1151
v 0.1815 -0.0564 0.1151
v -0.7588 -0.0428 0.1211
v -0.7709 -0.0368 0.1184
v -0.4350 -0.0328 0.1147
v -0.4186 -0.0348 0.1136
v -0.4144 -0.0348 0.1073
v -0.3631 -0.0347 0.1073
v -0.2576 -0.0252 0.1079
v -0.2120 -0.0240 0.1094
v 0.2090 -0.0234 0.1096
v 0.3648 -0.0336 0.1079
v 0.3987 -0.0348 0.1094
v 0.4232 -0.0319 0.1178
v 0.4407 -0.0325 0.1156
v 0.4519 -0.0326 0.1134
v 0.4999 -0.0319 0.1157
v 0.7689 -0.0326 0.1157
v 1.0407 -0.0061 0.0857
v -0.7681 -0.0266 0.1138
v -0.4973 -0.0394 0.1181
v -1.0337 -0.0402 0.1100
v -0.4460 -0.0261 0.1136
v -0.3701 -0.0318 0.1151
v -0.1951 -0.0214 0.1132
v 0.3967 -0.0267 0.1143
v 0.4465 -0.0176 0.1157
v 0.4690 -0.0258 0.1149
v 0.5052 -0.0178 0.1133
v 0.7733 -0.0168 0.1151
v 0.7870 -0.0296 0.1239
v -0.7690 -0.0144 0.1136
v -0.4362 -0.0173 0.1123
v -0.4187 -0.0200 0.1141
v -0.1601 -0.0154 0.1144
v 0.1916 -0.0211 0.1146
v 0.4137 -0.0208 0.1083
v -0.5004 -0.0174 0.1135
v 0.1315 -0.0011 0.1081
v 0.7895 0.0050 0.1194
v -0.0660 0.0184 0.1098
v 0.4456 -0.0014 0.1170
v 0.7881 0.0286 0.1097
v 1.0609 0.0441 0.0865
v -1.0548 -0.0063 0.1192
v -0.7876 0.0213 0.1008
v 0.4248 0.0241 0.1138
v -0.4273 0.0304 0.1099
v 0.0667 0.0120 0.1174
v 0.4596 0.0169 0.1155
v -0.8128 0.0455 0.1076
v -0.4042 0.0286 0.1194
v -0.0617 0.0456 0.1077
v 0.0566 0.0326 0.1197
v 0.5082 0.0201 0.1152
v -0.4703 0.0384 0.1146
v -0.4080 0.0488 0.1148
v 0.4111 0.0476 0.1129
v 0.7812 0.0554 0.0941
v -0.3952 0.0578 0.1102
v 0.4091 0.0581 0.1131
v 0.4105 0.0751 0.1035
v 0.8209 0.0366 0.1128
v -0.2163 0.0900 0.1071
v -0.0530 0.1003 0.0897
v 0.5694 0.0697 0.1124
v -0.4229 0.0953 0.1135
v -0.5446 0.1135 0.0927
v -0.1322 0.1144 0.1116
v -0.0520 0.1243 0.0993
v 0.1430 0.1149 0.1031
v 0.1523 0.1175 0.1120
v 0.8226 0.0788 0.1023
v -0.1296 0.1262 0.1182
v -0.1164 0.1279 0.1156
v -0.1064 0.1253 0.1236
v 0.0713 0.1290 0.1188
v 0.1393 0.1199 0.1193
v -0.5091 0.1391 0.1219
v -0.1165 0.1420 0.1105
v -0.0580 0.1337 0.1121
v 0.1113 0.1327 0.1100
v -0.0701 0.1375 0.1159
v -0.3708 0.1451 0.1405
v -0.0985 0.1513 0.1148
v 0.1071 0.1576 0.1135
v 0.1161 0.1577 0.1125
v -0.1064 0.1607 0.1106
v -0.0258 0.1748 0.1123
v 0.0197 0.1753 0.1169
v -0.4455 0.2124 0.1035
v -0.0219 0.1818 0.1147
v -0.0136 0.1711 0.1106
v 0.0012 0.1803 0.1144
v 0.0104 0.1875 0.1154
v 0.0147 0.1954 0.1130
v -0.0244 0.1993 0.1151
v -0.0163 0.2011 0.1066
v 0.8633 0.1925 0.1254
v 0.0132 0.2177 0.1224
v -0.7120 0.2050 0.1376
v -0.4303 0.2510 0.1060
v 0.4364 0.2294 0.1156
v -0.7741 0.2486 0.1156
v -0.7006 0.2791 0.1087
v -0.6698 0.2457 0.1285
v 0.8303 0.2612 0.1202
v 0.7077 0.2853 0.1055
v -0.7949 0.2832 0.1169
v 0.7716 0.3034 0.1088
v 1.0338 0.3089 0.1091
v -0.6728 0.2901 0.1089
v 0.6729 0.2924 0.1079
v -0.7943 0.3002 0.1157
v -0.7683 0.3037 0.1079
v -0.6456 0.3138 0.1005
v 0.7475 0.3089 0.1050
v -0.7877 0.2995 0.1149
v 0.7825 0.3038 0.1164
v 0.7900 0.3026 0.1147
v -0.7542 0.3254 0.1074
v -0.5959 0.3105 0.1180
v -0.5595 0.3106 0.1302
v 0.7689 0.3145 0.1142
v 0.7911 0.3151 0.1162
v -0.7747 0.3201 0.1148
v -0.7483 0.3149 0.1068
v 0.7819 0.3189 0.1153
v -0.7750 0.3084 0.1074
v -0.5899 0.3277 0.1014
v -0.5731 0.3221 0.1127
v -0.5632 0.3365 0.0999
v 0.5425 0.3251 0.1231
v 0.5901 0.3176 0.1131
v 0.7396 0.3286 0.1074
v 0.7569 0.3367 0.1092
v 0.7652 0.3337 0.1149
v -0.7556 0.3409 0.1167
v -0.5512 0.3314 0.1108
v -0.5192 0.3325 0.1181
v 0.5355 0.3370 0.1123
v 0.7380 0.3490 0.1078
v -0.7469 0.3434 0.1181
v -0.7408 0.3469 0.1087
v -0.7346 0.3568 0.1213
v -0.7244 0.3454 0.1068
v 0.5290 0.3468 0.1159
v -0.7001 0.3721 0.1141
v 0.7041 0.3726 0.1143
v 0.7048 0.3708 0.1093
v -0.7005 0.3795 0.1144
v -0.6837 0.3819 0.1155
v 0.5456 0.3630 0.1302
v 0.6890 0.3837 0.1170
v 0.7045 0.3780 0.1156
v -0.6690 0.3855 0.1142
v -0.0814 0.3858 0.1164
v 0.5925 0.3814 0.1214
v 0.6721 0.3866 0.1169
v 0.7198 0.3747 0.1156
v -0.0415 0.3873 0.1101
v 0.0828 0.3849 0.1172
v 0.7006 0.3955 0.1167
v -0.6853 0.4258 0.1094
v -0.9164 0.4215 0.1160
v 0.6970 0.4231 0.1147
v 0.8834 0.4352 0.1195
v -0.7757 0.4385 0.1145
v -0.7153 0.4309 0.1176
v -0.7801 0.4553 0.1049
v 0.3194 -0.4839 0.1291
v -0.1906 -0.4651 0.1129
v 0.1599 -0.4525 0.1246
v 0.1128 -0.4295 0.1305
v -0.0588 -0.4075 0.1157
v 0.5329 -0.3829 0.1100
v -0.1700 -0.3341 0.1226
v -0.1622 -0.3362 0.1187
v 0.0389 -0.3668 0.1227
v -0.2614 -0.3321 0.1272
v 0.1677 -0.3288 0.1174
v 0.1835 -0.3285 0.1280
v -0.2595 -0.3161 0.1231
v -0.2547 -0.3245 0.1233
v -0.2457 -0.3192 0.1233
v -0.1715 -0.3210 0.1299
v 0.1744 -0.3257 0.1232
v 0.2328 -0.3187 0.1184
v 0.2485 -0.3211 0.1242
v 0.2601 -0.3184 0.1238
v -0.2240 -0.3109 0.1365
v -0.2112 -0.3113 0.1260
v -0.1856 -0.3161 0.1167
v -0.1931 -0.3132 0.1307
v 0.1839 -0.3207 0.1088
v 0.2147 -0.3106 0.1220
v -0.2414 -0.3049 0.1203
v -0.2177 -0.3035 0.1305
v 0.0122 -0.3134 0.1104
v 0.0256 -0.3053 0.1270
v 0.1982 -0.3123 0.1096
v 0.2544 -0.3106 0.1176
v 0.0295 -0.2883 0.1259
v 0.0331 -0.3030 0.1189
v 0.2231 -0.3046 0.1162
v 0.2435 -0.3034 0.1163
v -0.0456 -0.2884 0.1190
v 0.0452 -0.2892 0.1253
v -0.6361 -0.2885 0.1332
v 0.0799 -0.2564 0.1255
v 0.0939 -0.2531 0.1178
v -0.1065 -0.2478 0.1178
v -0.0812 -0.2498 0.1237
v 0.0809 -0.2494 0.1224
v 0.0906 -0.2497 0.1219
v 0.1077 -0.2313 0.1330
v 0.7513 -0.2266 0.1202
v -0.7115 -0.2073 0.1090
v -0.1484 -0.2039 0.1119
v -0.1505 -0.1905 0.1140
v 0.1522 -0.2009 0.1273
v 0.5512 -0.1546 0.1125
v -0.0827 -0.1889 0.1250
v 0.0907 -0.1759 0.1206
v -0.1647 -0.1494 0.1203
v 0.1507 -0.1485 0.1304
v 0.0418 -0.1493 0.1276
v 0.0714 -0.1439 0.1208
v 0.1614 -0.1437 0.1300
v 0.7078 -0.1580 0.1240
v -0.5523 -0.1477 0.1320
v -0.1705 -0.1400 0.1144
v -0.0280 -0.1438 0.1286
v 0.0692 -0.1320 0.1225
v -0.6827 -0.1290 0.1197
v -0.1435 -0.1218 0.1228
v -0.0822 -0.1312 0.1186
v 0.0691 -0.1264 0.1173
v 0.0769 -0.1278 0.1186
v 0.5338 -0.1102 0.1196
v 0.6889 -0.1175 0.1194
v 0.1505 -0.1182 0.1169
v 0.6865 -0.1122 0.1223
v -0.0513 -0.0945 0.1130
v 0.6848 -0.1116 0.1147
v -0.5242 -0.1032 0.1250
v -0.3559 -0.1025 0.1222
v 0.3593 -0.0979 0.1238
v 0.5278 -0.0933 0.1160
v -0.1739 -0.0790 0.1168
v 0.1668 -0.0775 0.1174
v 0.1789 -0.0809 0.1256
v 0.5215 -0.0775 0.1205
v -0.1715 -0.0715 0.1231
v 0.1497 -0.0654 0.1155
v -0.5094 -0.0813 0.1273
v -0.1492 -0.0671 0.1156
v -0.1520 -0.0662 0.1234
v 0.1197 -0.0664 0.1278
v -1.0074 -0.0990 0.1351
v -0.1562 -0.0557 0.1189
v -0.1237 -0.0587 0.1232
v -0.0930 -0.0587 0.1239
v 0.0466 -0.0662 0.1258
v 0.0690 -0.0561 0.1275
v 0.1457 -0.0582 0.1176
v -0.7654 -0.0493 0.1233
v -0.4993 -0.0567 0.1262
v -0.1925 -0.0470 0.1145
v -0.1665 -0.0444 0.1186
v -0.1395 -0.0400 0.1205
v 0.1291 -0.0579 0.1226
v 0.1538 -0.0463 0.1192
v 0.7652 -0.0489 0.1272
v -0.1602 -0.0384 0.1216
v 0.1661 -0.0395 0.1211
v 0.7663 -0.0364 0.1226
v -0.7612 -0.0332 0.1174
v -0.5944 -0.0218 0.1042
v -0.4716 -0.0347 0.1221
v -0.4546 -0.0346 0.1171
v -0.4494 -0.0344 0.1218
v -0.3871 -0.0352 0.1129
v 0.1416 -0.0306 0.1196
v 0.1988 -0.0466 0.1142
v 0.3794 -0.0341 0.1157
v 0.4787 -0.0346 0.1224
v 0.7724 -0.0400 0.1238
v -0.4303 -0.0272 0.1199
v -0.4019 -0.0259 0.1118
v 0.1458 -0.0081 0.1134
v 0.1670 -0.0184 0.1150
v 0.4115 -0.0267 0.1124
v 0.4287 -0.0196 0.1197
v 0.7702 -0.0290 0.1155
v -0.7717 -0.0273 0.1242
v 0.4433 -0.0198 0.1234
v 0.7825 -0.0195 0.1283
v -0.7816 -0.0081 0.1222
v -0.4664 -0.0257 0.1150
v -0.4385 -0.0191 0.1231
v -0.1207 -0.0056 0.1128
v -0.5778 0.0352 0.1215
v -0.4455 -0.0090 0.1171
v -0.4363 -0.0107 0.1255
v -0.1005 -0.0058 0.1183
v 0.4423 -0.0105 0.1229
v 0.4824 -0.0001 0.1175
v -0.8167 0.0087 0.1262
v -0.7797 0.0031 0.1146
v -0.4128 0.0063 0.1226
v 0.4218 0.0022 0.1227
v -0.7861 0.0101 0.1227
v -0.4776 0.0075 0.1177
v -0.4017 0.0385 0.1220
v -0.4001 0.0453 0.1156
v 0.4027 0.0445 0.1167
v -0.4218 0.0530 0.1232
v -0.4111 0.0603 0.1147
v -0.5639 0.0811 0.1026
v 0.7835 0.0661 0.0957
v -0.4261 0.0706 0.1311
v -0.0707 0.1078 0.1266
v 0.7774 0.1206 0.1143
v 1.0795 0.1266 0.1010
v -0.7835 0.0848 0.1408
v 0.1339 0.1132 0.1144
v -0.1510 0.1176 0.1108
v -0.0701 0.1282 0.1208
v 0.1305 0.1200 0.1192
v -0.4149 0.1050 0.1195
v -0.1307 0.1302 0.1225
v -0.1272 0.1225 0.1214
v 0.0732 0.1137 0.1238
v 0.1108 0.1254 0.1237
v 0.1336 0.1254 0.1173
v -0.1191 0.1345 0.1237
v -0.0940 0.1354 0.1267
v 0.0999 0.1355 0.1262
v -0.0802 0.1422 0.1244
v 0.1011 0.1430 0.1166
v 0.1222 0.1379 0.1214
v -0.0916 0.1467 0.1211
v -0.0569 0.1501 0.1189
v 0.0695 0.1515 0.1235
v 0.0867 0.1468 0.1229
v 0.1119 0.1492 0.1267
v -0.0716 0.1536 0.1229
v 0.1025 0.1560 0.1295
v -0.4826 0.1701 0.1085
v -0.0984 0.1578 0.1167
v -0.0407 0.1523 0.1060
v 0.0544 0.1583 0.1219
v -0.0241 0.1828 0.1204
v -0.0148 0.1797 0.1229
v 0.0181 0.1799 0.1223
v 0.0297 0.1802 0.1195
v 0.4762 0.1737 0.1315
v -0.0060 0.1879 0.1181
v -0.0228 0.1998 0.1332
v 0.0221 0.1966 0.1230
v 0.0173 0.1980 0.1259
v 0.0294 0.2000 0.1211
v -0.0036 0.2174 0.1169
v 0.0213 0.2130 0.1188
v 0.6736 0.2471 0.1210
v -0.7400 0.2481 0.1156
v 0.6928 0.2216 0.1454
v -1.0761 0.2223 0.1500
v -0.3090 0.2258 0.1259
v 0.7672 0.2613 0.1124
v -0.8155 0.2375 0.1017
v 0.7359 0.2547 0.1145
v 0.7988 0.2719 0.1179
v -0.4412 0.2762 0.1056
v -0.8188 0.2719 0.1197
v 0.8134 0.2740 0.1243
v 0.8209 0.2716 0.1225
v 0.7937 0.2860 0.1161
v -0.8105 0.2925 0.1223
v -0.8039 0.2863 0.1143
v 0.6086 0.2976 0.0977
v 0.8064 0.2897 0.1247
v 0.8268 0.2790 0.1232
v -0.7778 0.2954 0.1141
v -0.6272 0.3010 0.1163
v 0.2741 0.2936 0.1349
v 0.7877 0.2948 0.1158
v 0.6442 0.2989 0.1103
v 0.8011 0.2980 0.1156
v 0.7933 0.3042 0.1216
v 0.8071 0.3026 0.1245
v -0.7888 0.3103 0.1146
v -0.7727 0.3083 0.1145
v -0.5696 0.3127 0.1297
v -0.5496 0.3177 0.1258
v 0.5536 0.3190 0.1216
v -0.7810 0.3164 0.1208
v -0.7592 0.3263 0.1143
v -0.5408 0.3310 0.1214
v 0.5075 0.3261 0.1240
v 0.5346 0.3250 0.1164
v 0.5269 0.3266 0.1192
v 0.5617 0.3186 0.1248
v 0.7932 0.3148 0.1238
v -0.7806 0.3226 0.1165
v -0.5350 0.3401 0.1128
v -0.5233 0.3293 0.1228
v 0.5494 0.3297 0.1215
v 0.7789 0.3322 0.1176
v -0.7629 0.3404 0.1213
v -0.5234 0.3464 0.1222
v -0.7601 0.3500 0.1237
v -0.7482 0.3553 0.1236
v 0.7559 0.3457 0.1179
v -0.5436 0.3618 0.1077
v -0.7391 0.3631 0.1231
v -0.7240 0.3648 0.1222
v -0.0017 0.3691 0.1227
v 0.7314 0.3673 0.1231
v 0.7508 0.3627 0.1288
v -0.0286 0.3790 0.1245
v 0.7130 0.3721 0.1151
v 0.7409 0.3682 0.1239
v -0.7222 0.3712 0.1215
v -0.7035 0.3787 0.1248
v 0.0888 0.3737 0.1257
v -0.6884 0.3829 0.1240
v -0.0576 0.3850 0.1220
v 0.9471 0.4021 0.1205
v -0.1134 0.3968 0.1187
v -0.0419 0.3833 0.1308
v -0.7019 0.4222 0.1172
v 0.7216 0.4217 0.1247
v -0.8024 0.4227 0.1292
v 0.8147 0.4231 0.1302
v -0.8319 0.4424 0.1213
v -0.2318 -0.4673 0.1245
v -0.3812 -0.4719 0.1353
v 0.4794 -0.4293 0.1219
v -0.4832 -0.4173 0.1427
v 0.5504 -0.3712 0.1253
v -0.0282 -0.3238 0.1269
v -0.2570 -0.3342 0.1321
v 0.1743 -0.3348 0.1216
v -0.1842 -0.3305 0.1220
v 0.1775 -0.3217 0.1302
v 0.2670 -0.3323 0.1312
v -0.2388 -0.3197 0.1292
v 0.2634 -0.3154 0.1310
v 0.6206 -0.3106 0.1219
v -0.2019 -0.3108 0.1353
v 0.2032 -0.3095 0.1335
v 0.2096 -0.3108 0.1368
v -0.0249 -0.3043 0.1252
v 0.2369 -0.3050 0.1362
v 0.0312 -0.2946 0.1354
v 0.6305 -0.2750 0.1099
v -0.0351 -0.2827 0.1288
v 0.0371 -0.2848 0.1325
v -0.0564 -0.2541 0.1345
v -0.6407 -0.2476 0.1390
v -0.0809 -0.2488 0.1291
v -0.0709 -0.2484 0.1298
v -0.0638 -0.2486 0.1324
v 0.0679 -0.2497 0.1302
v -0.1102 -0.2207 0.1409
v 0.0661 -0.2386 0.1303
v 0.1054 -0.2491 0.1179
v -0.0542 -0.2467 0.1301
v -0.6322 -0.2222 0.1419
v -0.1382 -0.2161 0.1252
v 0.7482 -0.2242 0.1461
v -0.1396 -0.2122 0.1328
v -0.0710 -0.2402 0.1292
v 0.0854 -0.2310 0.1238
v 0.1425 -0.2124 0.1336
v -0.8625 -0.2019 0.1128
v -0.7154 -0.1957 0.1205
v -0.7227 -0.1726 0.1316
v 0.1635 -0.1817 0.1430
v 0.7267 -0.1910 0.1331
v -0.9110 -0.1779 0.1116
v 0.1569 -0.1706 0.1306
v -0.7106 -0.1614 0.1248
v -0.0474 -0.1695 0.1338
v 0.7005 -0.1407 0.1426
v -0.1686 -0.1439 0.1302
v -0.1534 -0.1430 0.1316
v 0.1259 -0.1311 0.1187
v 0.1785 -0.1416 0.1444
v 0.1435 -0.1288 0.1238
v 0.1535 -0.1302 0.1312
v 0.1840 -0.1341 0.1350
v -0.6913 -0.1216 0.1307
v -0.1770 -0.1212 0.1236
v -0.0620 -0.1186 0.1168
v 0.0093 -0.1362 0.1328
v 0.0649 -0.1325 0.1294
v 0.1858 -0.1228 0.1305
v 0.6791 -0.1212 0.1260
v 0.6912 -0.1301 0.1296
v -0.6908 -0.1135 0.1233
v 0.1776 -0.1157 0.1282
v 0.6963 -0.1176 0.1306
v -0.3583 -0.1032 0.1289
v -0.1564 -0.1113 0.1273
v 0.1631 -0.1108 0.1296
v -0.6035 -0.0815 0.1317
v -0.3541 -0.0961 0.1305
v 0.3697 -0.0964 0.1306
v -0.1761 -0.0948 0.1330
v -0.0349 -0.0825 0.1272
v 0.1788 -0.0952 0.1319
v -0.1631 -0.0872 0.1341
v 0.0157 -0.0777 0.1344
v 0.1682 -0.0867 0.1344
v -0.4989 -0.0752 0.1340
v -0.1766 -0.0770 0.1223
v -0.1609 -0.0767 0.1363
v -0.0345 -0.0721 0.1284
v 0.1753 -0.0739 0.1358
v -0.1619 -0.0670 0.1255
v -0.1253 -0.0644 0.1371
v 0.1587 -0.0689 0.1264
v 0.1616 -0.0560 0.1194
v 0.1744 -0.0637 0.1177
v 0.5974 -0.0683 0.1336
v -0.1062 -0.0639 0.1309
v 0.0442 -0.0563 0.1321
v 0.0967 -0.0580 0.1233
v 0.1169 -0.0555 0.1243
v 0.4977 -0.0480 0.1269
v 0.7653 -0.0609 0.1314
v -0.7672 -0.0485 0.1302
v -0.7648 -0.0546 0.1318
v -0.1114 -0.0549 0.1233
v 0.0870 -0.0464 0.1298
v 0.7737 -0.0589 0.1330
v -0.7638 -0.0406 0.1284
v 0.7691 -0.0430 0.1301
v -0.1110 -0.0258 0.1234
v 0.4752 -0.0351 0.1319
v 0.7777 -0.0360 0.1321
v -0.7788 -0.0257 0.1176
v -0.4678 -0.0347 0.1307
v 0.4475 -0.0277 0.1251
v -0.7980 -0.0152 0.1283
v 0.0866 -0.0164 0.1298
v -0.4389 -0.0137 0.1318
v 0.4407 -0.0134 0.1305
v 0.5791 -0.0261 0.1435
v -0.3872 -0.0035 0.1317
v 0.4011 0.0055 0.1324
v 0.4168 0.0023 0.1314
v -0.4093 0.0055 0.1315
v 0.0541 0.0048 0.1298
v 0.3734 -0.0035 0.1322
v 0.3918 -0.0001 0.1296
v -0.3783 0.0072 0.1307
v 0.3753 0.0090 0.1317
v 1.0765 0.0092 0.1510
v 0.0483 0.0170 0.1337
v 0.8286 -0.0126 0.1466
v -0.7884 0.0097 0.1395
v -0.0469 0.0310 0.1320
v 0.4066 0.0372 0.1223
v 0.5731 0.0183 0.1492
v 0.4283 0.0523 0.1262
v 0.4288 0.0848 0.1209
v -0.4932 0.0843 0.1329
v -0.4889 0.0865 0.1300
v -0.4242 0.0749 0.1375
v 0.0716 0.0793 0.1364
v 0.4935 0.0841 0.1296
v 0.4222 0.1005 0.1161
v -0.8496 0.1360 0.1172
v -0.1252 0.1287 0.1286
v -0.1005 0.1332 0.1378
v 0.1280 0.1261 0.1227
v 0.1297 0.1318 0.1232
v 0.3899 0.1207 0.1498
v 0.0840 0.1350 0.1299
v 0.1281 0.1353 0.1295
v -0.0854 0.1559 0.1225
v 0.0916 0.1570 0.1221
v 0.7284 0.1990 0.1182
v 0.0292 0.1924 0.1310
v -0.0113 0.2019 0.1237
v 0.8009 0.2193 0.1232
v 1.0642 0.2317 0.0958
v -0.0252 0.2075 0.1313
v 0.0228 0.2035 0.1328
v 0.7780 0.2135 0.1243
v -0.7920 0.2190 0.1229
v -0.7693 0.2152 0.1247
v 0.7418 0.2290 0.1260
v -0.4328 0.2366 0.1068
v -0.0224 0.2182 0.1279
v 0.3046 0.2404 0.1129
v 0.0039 0.2206 0.1287
v 0.8606 0.2327 0.1378
v -0.8440 0.2478 0.1294
v 0.7069 0.2552 0.1223
v 0.8199 0.2521 0.1249
v 0.8463 0.2474 0.1300
v -0.8278 0.2493 0.1274
v 0.8360 0.2500 0.1310
v 0.6947 0.2668 0.1183
v 0.8472 0.2595 0.1299
v -0.6761 0.2680 0.1236
v 0.2888 0.2761 0.1205
v 0.8313 0.2764 0.1309
v -0.8290 0.2734 0.1240
v 0.0192 0.2724 0.1341
v -0.8141 0.2793 0.1228
v -0.0244 0.2815 0.1310
v -0.0003 0.2760 0.1274
v 0.8211 0.2852 0.1311
v -0.8112 0.2887 0.1264
v -0.5972 0.2881 0.1355
v 0.0240 0.2840 0.1296
v 0.5908 0.3078 0.1073
v 0.6529 0.2756 0.1327
v 0.8284 0.2870 0.1306
v -0.8149 0.2986 0.1258
v -0.4650 0.3076 0.1316
v -0.0096 0.2923 0.1302
v -0.7984 0.3023 0.1228
v -0.8009 0.3121 0.1244
v -0.2674 0.2926 0.1468
v 0.5538 0.3175 0.1288
v 0.5667 0.3093 0.1361
v -1.0313 0.3096 0.1438
v -0.7941 0.3216 0.1351
v -0.5589 0.3156 0.1282
v -0.5384 0.3177 0.1258
v 0.4703 0.3075 0.1393
v 0.8004 0.3174 0.1294
v -0.7873 0.3249 0.1240
v -0.7711 0.3306 0.1222
v -0.5374 0.3250 0.1225
v -0.5214 0.3272 0.1305
v -0.4999 0.3248 0.1318
v 0.5358 0.3296 0.1231
v 0.7836 0.3235 0.1229
v -0.5137 0.3380 0.1340
v 0.5258 0.3296 0.1298
v 0.7665 0.3405 0.1234
v 0.7930 0.3286 0.1308
v -0.7782 0.3343 0.1254
v -0.7683 0.3439 0.1353
v -0.7796 0.3409 0.1332
v 0.5165 0.3341 0.1338
v 0.9840 0.3737 0.1141
v -0.7498 0.3588 0.1339
v 0.7579 0.3565 0.1309
v 0.7578 0.3506 0.1240
v 0.7676 0.3504 0.1260
v -0.7384 0.3665 0.1357
v -0.9800 0.3635 0.1388
v -0.7210 0.3733 0.1342
v -0.5653 0.3747 0.1202
v -0.0752 0.3707 0.1335
v 0.7226 0.3750 0.1341
v 0.7545 0.3741 0.1343
v 0.0793 0.3712 0.1343
v 0.6901 0.3839 0.1242
v -0.6974 0.3800 0.1319
v -0.6551 0.3830 0.1363
v 0.0446 0.3865 0.1253
v 0.6095 0.3820 0.1306
v -0.7106 0.3967 0.1238
v -0.1384 0.3880 0.1467
v 0.1111 0.3859 0.1363
v -0.9535 0.3861 0.1358
v -0.7254 0.4167 0.1293
v 0.9157 0.4206 0.1194
v 0.8403 0.4137 0.1350
v -0.7510 0.4243 0.1330
v 0.7495 0.4232 0.1331
v -0.2913 -0.4808 0.1308
v 0.3511 -0.4807 0.1144
v 0.4162 -0.4638 0.1153
v -0.1497 -0.4493 0.1261
v 0.4516 -0.4476 0.1159
v -0.1016 -0.4320 0.1229
v -0.5253 -0.3820 0.1475
v 0.0641 -0.3659 0.1488
v 0.6000 -0.3399 0.1372
v 0.2625 -0.3333 0.1327
v 0.2547 -0.3268 0.1385
v 0.2686 -0.3266 0.1421
v -0.2635 -0.3266 0.1322
v -0.1813 -0.3222 0.1323
v 0.1896 -0.3161 0.1330
v 0.2463 -0.3183 0.1365
v -0.2583 -0.3163 0.1325
v -0.2430 -0.3189 0.1368
v -0.2332 -0.3114 0.1369
v 0.2505 -0.3143 0.1348
v -0.2437 -0.3111 0.1341
v 0.2363 -0.3094 0.1385
v -0.2330 -0.3034 0.1337
v 0.2174 -0.3028 0.1312
v -0.0379 -0.2837 0.1332
v -0.0240 -0.2801 0.1371
v 0.0171 -0.2944 0.1261
v 0.0301 -0.2800 0.1374
v 0.0515 -0.2448 0.1380
v 0.0763 -0.2433 0.1310
v -0.0757 -0.2405 0.1333
v -0.0495 -0.2445 0.1375
v 0.6364 -0.2434 0.1227
v -0.0506 -0.2355 0.1372
v 0.0760 -0.2363 0.1388
v 0.6246 -0.2057 0.1352
v -0.7451 -0.2270 0.1245
v 0.0609 -0.2081 0.1361
v 0.0563 -0.2360 0.1387
v 0.8610 -0.2152 0.1396
v 0.1192 -0.2187 0.1436
v 0.1584 -0.2111 0.1451
v -0.0406 -0.2019 0.1414
v 0.1688 -0.2037 0.1491
v -0.7303 -0.1757 0.1433
v 0.7346 -0.1750 0.1468
v 0.0561 -0.1827 0.1342
v 0.1535 -0.1656 0.1410
v -0.1515 -0.1535 0.1281
v -0.0186 -0.1622 0.1518
v 0.1403 -0.1549 0.1375
v 0.7206 -0.1681 0.1375
v -0.5564 -0.1475 0.1502
v -0.1330 -0.1358 0.1270
v 0.7085 -0.1604 0.1457
v -0.0625 -0.1399 0.1374
v -0.6896 -0.1351 0.1333
v -0.0404 -0.1217 0.1466
v 0.6986 -0.1230 0.1378
v -0.6936 -0.1252 0.1375
v -0.6869 -0.1239 0.1339
v -0.6375 -0.1102 0.1286
v -0.5448 -0.1255 0.1458
v -0.1806 -0.1124 0.1335
v 0.7032 -0.1218 0.1384
v -0.1692 -0.1135 0.1365
v -0.1565 -0.1135 0.1470
v 0.1730 -0.1181 0.1403
v 0.5180 -0.0908 0.1297
v -0.3686 -0.0948 0.1331
v -0.3601 -0.0939 0.1386
v 0.3601 -0.0948 0.1309
v 0.3733 -0.0958 0.1372
v -0.1775 -0.0901 0.1309
v -0.1726 -0.0942 0.1385
v -0.0036 -0.0845 0.1369
v 0.1871 -0.0900 0.1409
v 0.6072 -0.1010 0.1549
v -0.5072 -0.0822 0.1374
v -0.3610 -0.0957 0.1298
v 0.1688 -0.0760 0.1371
v 0.1830 -0.0815 0.1422
v 0.3625 -0.0836 0.1431
v 0.3712 -0.0902 0.1327
v 0.5066 -0.0804 0.1321
v 0.5007 -0.0657 0.1368
v 0.1162 -0.0642 0.1355
v 0.1285 -0.0638 0.1350
v -0.7773 -0.0608 0.1422
v -0.7678 -0.0569 0.1373
v -0.0053 -0.0643 0.1381
v -0.7822 -0.0469 0.1401
v -0.4875 -0.0465 0.1347
v -0.0850 -0.0485 0.1299
v -0.0615 -0.0569 0.1276
v 0.4894 -0.0434 0.1331
v 0.0439 -0.0321 0.1370
v -0.7719 -0.0439 0.1397
v -0.4807 -0.0355 0.1412
v 0.0705 -0.0089 0.1304
v -0.0809 -0.0162 0.1300
v -0.7856 -0.0246 0.1468
v -0.0560 -0.0036 0.1303
v 0.4379 -0.0057 0.1378
v -0.4309 -0.0054 0.1370
v -0.3745 -0.0035 0.1361
v 0.3856 -0.0035 0.1374
v 0.4216 0.0020 0.1378
v -0.0421 0.0137 0.1368
v 0.0379 -0.0084 0.1407
v -0.4146 0.0059 0.1368
v -0.3967 0.0085 0.1309
v -0.3651 0.0013 0.1376
v 0.3885 0.0030 0.1372
v 0.4018 0.0174 0.1286
v -0.3982 0.0225 0.1288
v 0.4393 0.0338 0.1377
v -0.8372 0.0685 0.1185
v -0.4335 0.0422 0.1343
v 0.4355 0.0460 0.1316
v 0.7931 0.0620 0.1399
v 0.0453 0.0257 0.1442
v 1.0827 0.0681 0.1269
v 0.4328 0.0625 0.1347
v -0.4834 0.0764 0.1375
v -0.4881 0.0810 0.1393
v -0.4790 0.0852 0.1373
v 0.4762 0.0758 0.1413
v 0.4909 0.0792 0.1378
v -0.4833 0.0883 0.1429
v 0.4823 0.0877 0.1422
v 0.4983 0.0852 0.1346
v -0.4171 0.0769 0.1492
v -0.2830 0.1072 0.1375
v 0.2878 0.1071 0.1371
v 0.8820 0.0883 0.1483
v -1.0879 0.0953 0.1482
v -0.3973 0.1035 0.1555
v -0.0790 0.1345 0.1304
v 0.0814 0.1118 0.1438
v 0.1077 0.1330 0.1404
v 0.1149 0.1372 0.1467
v -0.7648 0.1293 0.1391
v -0.1146 0.1439 0.1286
v -0.0946 0.1552 0.1331
v 0.1174 0.1457 0.1408
v 0.0929 0.1598 0.1385
v 0.3564 0.1773 0.1138
v -0.8255 0.1806 0.1363
v -0.7964 0.1863 0.1333
v 0.3396 0.1796 0.1492
v 1.0795 0.2208 0.1495
v 0.0465 0.1743 0.1383
v -0.8514 0.1995 0.1194
v -0.7350 0.2275 0.1296
v 0.0236 0.1922 0.1327
v -0.0162 0.2031 0.1308
v 0.8752 0.1964 0.1386
v -0.8529 0.2320 0.1321
v -0.0203 0.2215 0.1372
v 0.0241 0.2152 0.1297
v 0.4444 0.2002 0.1902
v 0.8469 0.2345 0.1341
v -0.0121 0.2185 0.1304
v 0.0035 0.2260 0.1327
v 0.0104 0.2230 0.1386
v 0.0199 0.2322 0.1368
v 0.7269 0.2114 0.1476
v 0.8711 0.2223 0.1390
v -0.8529 0.2413 0.1379
v -0.7018 0.2526 0.1249
v -0.8536 0.2523 0.1357
v -0.8408 0.2379 0.1338
v 0.4288 0.2453 0.1423
v 0.8649 0.2470 0.1427
v -0.8372 0.2572 0.1289
v 0.6515 0.2638 0.1272
v 0.8388 0.2608 0.1334
v 0.8469 0.2528 0.1378
v 0.8525 0.2568 0.1400
v -0.8456 0.2647 0.1373
v -0.8387 0.2637 0.1302
v -0.8320 0.2692 0.1327
v -0.6265 0.2661 0.1474
v 0.8453 0.2683 0.1323
v 0.0014 0.2729 0.1361
v 0.0270 0.2664 0.1442
v 0.8450 0.2719 0.1396
v -0.8361 0.2828 0.1395
v -0.8321 0.2771 0.1299
v -0.8241 0.2739 0.1297
v -0.0366 0.2869 0.1391
v 0.4316 0.2563 0.1395
v 0.0410 0.2865 0.1380
v 0.6211 0.2774 0.1533
v 0.8330 0.2910 0.1391
v -0.8220 0.3026 0.1463
v -0.6016 0.2953 0.1387
v -0.5816 0.2957 0.1367
v -0.0287 0.2954 0.1349
v 0.0014 0.2979 0.1316
v 0.0147 0.2930 0.1319
v 0.8181 0.2987 0.1321
v 0.8389 0.2929 0.1408
v -0.8122 0.2963 0.1307
v -0.5917 0.3016 0.1361
v -0.5679 0.3028 0.1382
v 0.0001 0.3076 0.1379
v 0.0279 0.2963 0.1317
v 0.0321 0.2984 0.1363
v 0.5693 0.3032 0.1390
v -0.5512 0.3085 0.1450
v 0.5701 0.3082 0.1268
v 0.5804 0.3027 0.1417
v 0.8226 0.3027 0.1335
v 1.0190 0.3316 0.1214
v -0.8111 0.3139 0.1371
v 0.2337 0.3355 0.1304
v 0.5396 0.3204 0.1288
v 0.8110 0.3148 0.1370
v -0.5340 0.3208 0.1373
v 0.5084 0.3268 0.1423
v 0.8011 0.3285 0.1380
v -0.7905 0.3349 0.1379
v 0.5164 0.3384 0.1491
v 0.7837 0.3487 0.1365
v 0.8052 0.3338 0.1395
v -0.7627 0.3542 0.1415
v -0.5267 0.3536 0.1306
v -0.6016 0.3795 0.1371
v -0.0848 0.3728 0.1265
v -0.0123 0.3767 0.1451
v -0.1013 0.3846 0.1345
v -0.0567 0.3798 0.1429
v 0.0918 0.3727 0.1371
v -0.6805 0.3751 0.1489
v 0.0437 0.3818 0.1386
v 0.1297 0.3889 0.1528
v 0.9311 0.3889 0.1477
v -0.7439 0.4151 0.1379
v 0.7215 0.3872 0.1247
v -0.8715 0.3851 0.1512
v -0.8286 0.4132 0.1353
v 0.7552 0.4035 0.1423
v 0.8875 0.4170 0.1344
v -0.8958 0.4125 0.1370
v 0.7806 0.4146 0.1428
v 0.2656 -0.4734 0.1366
v -0.4429 -0.4497 0.1289
v 0.4430 -0.4461 0.1484
v 0.5240 -0.3864 0.1439
v 0.0867 -0.4086 0.1368
v -0.0718 -0.4024 0.1333
v -0.5863 -0.3493 0.1524
v -0.2613 -0.3287 0.1521
v 0.2645 -0.3331 0.1454
v -0.2550 -0.3286 0.1492
v -0.2508 -0.3274 0.1395
v 0.2568 -0.3248 0.1472
v -0.2543 -0.3201 0.1479
v -0.0355 -0.3112 0.1398
v -0.2037 -0.3048 0.1445
v 0.0429 -0.3060 0.1469
v -0.2206 -0.3026 0.1467
v 0.2090 -0.3023 0.1467
v 0.2299 -0.3032 0.1458
v -0.6345 -0.2983 0.1491
v -0.0261 -0.2887 0.1391
v -0.0191 -0.2698 0.1424
v 0.0358 -0.2848 0.1493
v 0.0243 -0.2698 0.1417
v 0.0581 -0.2493 0.1358
v -0.0439 -0.2301 0.1521
v -0.0936 -0.2157 0.1506
v -0.0652 -0.2162 0.1541
v 0.0453 -0.2264 0.1453
v 0.7775 -0.2306 0.1318
v 0.8064 -0.2280 0.1334
v -0.7323 -0.2182 0.1310
v -0.0381 -0.2254 0.1459
v -0.7332 -0.2118 0.1398
v -0.1475 -0.2060 0.1326
v -0.1234 -0.2189 0.1508
v 0.1103 -0.2183 0.1465
v -0.1575 -0.1926 0.1389
v -0.1547 -0.1753 0.1359
v -0.9177 -0.1846 0.1406
v -0.6115 -0.1950 0.1431
v -0.1504 -0.1683 0.1411
v -0.1234 -0.1479 0.1335
v 0.5566 -0.1473 0.1392
v 0.0789 -0.1512 0.1397
v -0.1844 -0.1403 0.1514
v -0.0138 -0.1452 0.1419
v -0.1616 -0.1297 0.1437
v 0.1628 -0.1311 0.1444
v 0.9860 -0.1209 0.1259
v -0.6791 -0.1278 0.1382
v 0.1941 -0.1353 0.1488
v 0.0421 -0.1177 0.1421
v 0.1579 -0.1176 0.1352
v 0.7061 -0.1276 0.1494
v 0.7051 -0.1192 0.1437
v 0.7115 -0.1248 0.1498
v -0.1723 -0.1172 0.1486
v -0.0296 -0.1078 0.1423
v -0.1785 -0.1036 0.1452
v 0.1911 -0.1106 0.1468
v 0.0014 -0.0973 0.1430
v 0.0214 -0.0959 0.1393
v 0.7493 -0.0950 0.1496
v -0.3771 -0.0808 0.1525
v -0.1770 -0.0946 0.1456
v 0.1747 -0.0913 0.1447
v 0.3674 -0.0826 0.1522
v 0.7522 -0.0877 0.1490
v -0.5145 -0.0889 0.1510
v -0.1762 -0.0813 0.1456
v 0.1768 -0.0815 0.1456
v -0.7675 -0.0678 0.1468
v -0.5073 -0.0725 0.1525
v 0.7682 -0.0567 0.1426
v 0.7788 -0.0589 0.1407
v -0.4986 -0.0536 0.1474
v -0.0335 -0.0389 0.1383
v 0.0073 -0.0290 0.1504
v -0.4920 -0.0421 0.1485
v 0.5857 -0.0626 0.1501
v 0.7929 -0.0535 0.1526
v -1.0481 -0.0552 0.1663
v -0.0220 -0.0159 0.1478
v -0.4732 -0.0200 0.1508
v -0.4607 -0.0131 0.1418
v 0.4625 -0.0098 0.1430
v -0.4539 0.0072 0.1475
v 0.3689 -0.0021 0.1364
v -0.4330 0.0150 0.1406
v -0.3810 0.0036 0.1366
v 0.4256 0.0114 0.1369
v 0.4504 0.0135 0.1448
v -0.4422 0.0224 0.1423
v 0.0256 -0.0094 0.1510
v 0.0348 0.0111 0.1556
v -0.4409 0.0418 0.1463
v 0.8651 0.0195 0.1623
v -0.4568 0.0478 0.1475
v -0.0654 0.0717 0.1275
v 0.4527 0.0626 0.1459
v 0.4711 0.0674 0.1390
v -1.0935 0.0779 0.1715
v -0.4342 0.0572 0.1459
v 0.4270 0.0667 0.1515
v 0.4782 0.0670 0.1446
v -0.4805 0.0643 0.1597
v -0.4658 0.0708 0.1406
v 0.4589 0.0716 0.1475
v -0.4789 0.0867 0.1437
v -0.2787 0.0901 0.1500
v 0.2824 0.0974 0.1440
v 0.4897 0.0884 0.1403
v -0.2839 0.1090 0.1451
v 0.2946 0.1007 0.1506
v 0.2838 0.1085 0.1420
v 0.2900 0.1106 0.1480
v -0.8836 0.1396 0.1462
v -0.0790 0.1332 0.1396
v -0.0956 0.1334 0.1521
v 0.0917 0.1352 0.1311
v 0.7568 0.1648 0.1122
v -0.7819 0.1664 0.1467
v -0.7407 0.1487 0.1650
v 0.8964 0.1464 0.1608
v -0.0404 0.1751 0.1364
v 0.0766 0.1594 0.1297
v 0.7681 0.1922 0.1394
v -0.0201 0.1955 0.1376
v 0.0308 0.1907 0.1402
v -0.8751 0.2165 0.1442
v -0.8676 0.1855 0.1470
v 0.0212 0.2038 0.1483
v 0.8629 0.2192 0.1424
v -0.3372 0.1736 0.1613
v -0.8590 0.2346 0.1429
v 0.0100 0.2137 0.1453
v 0.8700 0.2354 0.1414
v 0.8634 0.2366 0.1459
v -0.8641 0.2421 0.1409
v -0.8485 0.2520 0.1407
v -0.6397 0.2488 0.1603
v 0.8706 0.2552 0.1502
v -0.0132 0.2667 0.1432
v 0.0169 0.2703 0.1438
v 0.8514 0.2630 0.1445
v 1.0512 0.2848 0.1436
v -0.8516 0.2692 0.1412
v -0.8401 0.2725 0.1394
v -0.6583 0.2723 0.1313
v -0.0221 0.2674 0.1428
v 0.6203 0.2742 0.1425
v 0.8628 0.2657 0.1489
v -0.8406 0.2824 0.1429
v -0.6391 0.2778 0.1366
v -0.4410 0.2755 0.1456
v -0.0098 0.2768 0.1500
v 0.0143 0.2786 0.1546
v 0.0340 0.2777 0.1469
v 0.8415 0.2784 0.1420
v -0.6004 0.2866 0.1480
v -0.5968 0.2824 0.1524
v 0.4480 0.2752 0.1609
v 0.5851 0.2934 0.1396
v 0.6161 0.2976 0.1280
v 0.8431 0.2865 0.1440
v -0.8281 0.2886 0.1327
v 0.5684 0.2993 0.1425
v 0.5789 0.2950 0.1501
v -0.5752 0.3013 0.1429
v -0.5623 0.3030 0.1451
v -0.0123 0.2985 0.1445
v 0.5954 0.2969 0.1433
v -0.8225 0.3108 0.1447
v -0.5588 0.3097 0.1424
v -0.5611 0.3051 0.1398
v -0.8185 0.3165 0.1409
v -0.8092 0.3235 0.1482
v 0.5020 0.3171 0.1621
v -0.7963 0.3325 0.1532
v -0.5060 0.3283 0.1475
v 0.7861 0.3336 0.1391
v -1.0105 0.3256 0.1537
v -0.7795 0.3453 0.1474
v 0.7734 0.3516 0.1421
v -0.7513 0.3733 0.1359
v -0.5512 0.3585 0.1560
v 0.7373 0.3681 0.1402
v 0.8029 0.3634 0.1566
v -0.1849 0.3603 0.1613
v 0.5525 0.3575 0.1559
v -0.1100 0.3868 0.1401
v -0.0804 0.3707 0.1433
v 0.0613 0.3792 0.1356
v 0.0850 0.3712 0.1437
v 0.6730 0.3814 0.1399
v -0.1520 0.3761 0.1674
v -0.0507 0.3816 0.1671
v -0.9296 0.3816 0.1511
v -0.7593 0.4082 0.1440
v 0.8387 0.3989 0.1485
v -0.8016 0.4021 0.1532
v 0.7734 0.4069 0.1475
v 0.8648 0.3936 0.1467
v 0.2332 -0.4560 0.1452
v 0.1422 -0.4129 0.1617
v 0.0914 -0.3876 0.1549
v -0.0490 -0.3645 0.1407
v 0.2675 -0.3263 0.1565
v 0.6290 -0.3113 0.1429
v -0.2600 -0.3220 0.1492
v -0.2120 -0.2968 0.1467
v -0.2120 -0.2964 0.1524
v 0.2069 -0.2972 0.1502
v 0.2270 -0.2974 0.1505
v -0.0285 -0.2649 0.1546
v 0.6467 -0.2556 0.1454
v 0.0262 -0.2571 0.1540
v -0.6437 -0.2665 0.1603
v -0.0099 -0.2501 0.1512
v -0.7554 -0.2256 0.1526
v -0.0301 -0.2360 0.1550
v 0.0206 -0.2292 0.1527
v 0.0382 -0.2358 0.1559
v 0.0453 -0.2306 0.1553
v 0.7729 -0.2268 0.1652
v 0.0588 -0.2205 0.1576
v 0.1391 -0.2236 0.1566
v -0.0875 -0.1943 0.1605
v -0.0118 -0.2251 0.1528
v -0.1679 -0.2052 0.1531
v -0.7282 -0.1881 0.1419
v 0.0249 -0.2178 0.1489
v -0.8933 -0.2028 0.1503
v -0.7341 -0.1792 0.1520
v -0.0089 -0.1880 0.1548
v -0.9590 -0.1432 0.1212
v 0.1018 -0.1559 0.1452
v -0.6977 -0.1484 0.1375
v 0.0181 -0.1550 0.1504
v 0.0467 -0.1370 0.1604
v 0.5504 -0.1263 0.1525
v -0.7041 -0.1339 0.1467
v -0.1878 -0.1320 0.1476
v -0.1875 -0.1301 0.1642
v 0.2019 -0.1419 0.1594
v 0.6921 -0.1320 0.1464
v -0.9773 -0.1441 0.1654
v -0.7148 -0.1276 0.1541
v 0.7192 -0.1312 0.1551
v -0.7010 -0.1268 0.1469
v 0.1615 -0.1134 0.1548
v 0.6407 -0.1206 0.1442
v -0.1645 -0.1110 0.1465
v -0.1634 -0.1122 0.1589
v 0.1755 -0.1118 0.1447
v -0.1832 -0.0912 0.1462
v -0.1777 -0.1072 0.1568
v 0.1831 -0.1052 0.1468
v 0.5250 -0.0955 0.1607
v -0.5197 -0.0948 0.1605
v 0.1838 -0.0965 0.1467
v 0.1954 -0.0971 0.1588
v -1.0135 -0.1071 0.1709
v -0.1767 -0.0950 0.1547
v 0.1896 -0.0883 0.1575
v 0.5151 -0.0864 0.1482
v -0.5042 -0.0794 0.1528
v -0.3661 -0.0809 0.1560
v -0.1799 -0.0808 0.1554
v 0.3798 -0.0853 0.1512
v -0.3700 -0.0745 0.1533
v -0.3631 -0.0755 0.1530
v 0.3795 -0.0735 0.1572
v 0.5118 -0.0745 0.1512
v 0.7731 -0.0730 0.1531
v -0.5454 -0.0728 0.1609
v -0.4257 -0.0705 0.1540
v 0.5646 -0.0644 0.1541
v 0.7712 -0.0684 0.1466
v -0.7689 -0.0594 0.1497
v -0.5773 -0.0544 0.1554
v -0.5596 -0.0620 0.1528
v -0.5368 -0.0555 0.1559
v -0.4386 -0.0617 0.1496
v 0.4337 -0.0635 0.1517
v 0.5469 -0.0541 0.1533
v 0.7788 -0.0553 0.1511
v -0.5530 -0.0508 0.1537
v -0.4321 -0.0572 0.1494
v -0.4231 -0.0500 0.1564
v 0.4230 -0.0522 0.1543
v 0.4371 -0.0567 0.1501
v 0.5424 -0.0534 0.1573
v -0.4259 -0.0406 0.1558
v -0.0018 -0.0282 0.1515
v 0.4289 -0.0467 0.1528
v 0.4902 -0.0341 0.1527
v 0.4991 -0.0444 0.1478
v 0.5174 -0.0214 0.1535
v -0.7827 -0.0442 0.1591
v -0.5771 -0.0307 0.1399
v -0.5493 -0.0397 0.1553
v -0.5141 -0.0272 0.1541
v -0.5301 -0.0278 0.1531
v 0.4785 -0.0208 0.1503
v -0.5294 -0.0202 0.1575
v -0.5191 -0.0194 0.1539
v 0.4921 -0.0247 0.1552
v 0.5273 -0.0199 0.1562
v -0.5713 0.0164 0.1436
v -0.8515 0.0193 0.1507
v -0.7876 -0.0017 0.1761
v -0.4458 0.0302 0.1524
v -0.4679 0.0656 0.1387
v 0.4416 0.0470 0.1467
v -0.4480 0.0604 0.1453
v 0.4478 0.0592 0.1536
v 0.5611 0.0502 0.1527
v -0.4242 0.0578 0.1584
v 0.0576 0.0420 0.1584
v -0.4853 0.0669 0.1588
v -0.0737 0.0957 0.1494
v 0.4880 0.0700 0.1536
v -0.4686 0.0758 0.1518
v -0.4592 0.0744 0.1588
v -0.4562 0.0801 0.1523
v 0.4579 0.0754 0.1528
v -0.2629 0.0912 0.1529
v 0.2658 0.0899 0.1555
v 0.2853 0.0900 0.1555
v 0.4901 0.0798 0.1517
v -0.2930 0.0991 0.1536
v 0.7794 0.1059 0.1376
v -0.2620 0.0954 0.1565
v 0.5277 0.1104 0.1438
v 0.0772 0.0862 0.1595
v 1.0884 0.1540 0.1329
v -1.0926 0.1221 0.1614
v -0.8449 0.1231 0.1550
v -0.1121 0.1366 0.1439
v 0.0854 0.1247 0.1547
v 0.0963 0.1346 0.1615
v 0.8335 0.1585 0.1426
v -0.1113 0.1443 0.1510
v 0.4915 0.1329 0.1922
v 0.8096 0.1480 0.1473
v -0.7196 0.1692 0.1727
v 0.4622 0.1718 0.1823
v -1.0878 0.1759 0.1654
v 0.8761 0.2190 0.1468
v -0.8718 0.2269 0.1479
v -0.6942 0.2063 0.1625
v 0.8834 0.2137 0.1480
v 0.8724 0.2214 0.1506
v -0.8752 0.2298 0.1471
v -0.0002 0.2253 0.1375
v 0.6661 0.2359 0.1513
v 0.8811 0.2278 0.1509
v -0.6574 0.2385 0.1559
v 0.8702 0.2417 0.1463
v 0.8782 0.2442 0.1575
v -0.8672 0.2515 0.1498
v -0.8624 0.2523 0.1460
v 0.6393 0.2559 0.1538
v -0.8569 0.2566 0.1484
v 0.6717 0.2620 0.1372
v -0.8516 0.2741 0.1526
v -0.8587 0.2647 0.1513
v -0.6212 0.2655 0.1603
v -0.6076 0.2756 0.1524
v -1.0623 0.2535 0.1620
v -0.8525 0.2780 0.1540
v -0.6261 0.2730 0.1525
v -0.6177 0.2779 0.1540
v -0.0285 0.2794 0.1510
v 0.0294 0.2800 0.1532
v 0.6357 0.2636 0.1612
v 0.8498 0.2812 0.1530
v -0.8496 0.2845 0.1488
v -0.5982 0.2893 0.1516
v -0.5865 0.2919 0.1495
v 0.0330 0.2870 0.1587
v 0.5865 0.2905 0.1531
v -0.5760 0.2953 0.1475
v 0.8521 0.2889 0.1522
v -0.8377 0.2952 0.1566
v -0.0236 0.2947 0.1490
v 0.0213 0.2966 0.1464
v -0.8280 0.3169 0.1501
v -0.8226 0.3112 0.1551
v -0.0001 0.3063 0.1450
v 0.8113 0.3194 0.1494
v 0.7993 0.3337 0.1502
v 1.0072 0.3388 0.1418
v -0.5170 0.3427 0.1490
v -0.2241 0.3371 0.1431
v 0.7654 0.3546 0.1486
v 0.9765 0.3643 0.1448
v 0.7359 0.3596 0.1579
v 0.8336 0.3236 0.1571
v -0.9526 0.3601 0.1585
v 0.2084 0.3604 0.1325
v -0.7300 0.3570 0.1618
v 0.1761 0.3846 0.1280
v -0.9110 0.3553 0.1639
v -0.0615 0.3832 0.1609
v 0.6241 0.3654 0.1643
v 0.8958 0.3761 0.1544
v 0.9536 0.3595 0.1584
v 0.0117 0.3756 0.1479
v 0.0538 0.3816 0.1632
v 0.7789 0.3895 0.1511
v -0.7690 0.3979 0.1474
v 0.8055 0.4034 0.1527
v -0.7825 0.3984 0.1538
v -0.7857 0.4117 0.1455
v -0.3686 -0.4682 0.1678
v -0.2624 -0.4665 0.1515
v -0.4038 -0.4580 0.1648
v 0.2622 -0.4563 0.1641
v -0.2203 -0.4418 0.1577
v -0.2057 -0.4464 0.1474
v 0.2088 -0.4485 0.1443
v -0.4606 -0.4263 0.1635
v -0.1075 -0.4135 0.1471
v 0.0842 -0.3640 0.1615
v -0.2559 -0.3239 0.1589
v 0.2598 -0.3260 0.1546
v 0.2711 -0.3250 0.1699
v -0.2661 -0.3190 0.1620
v 0.2722 -0.3164 0.1650
v -0.6167 -0.3208 0.1694
v 0.2582 -0.3195 0.1552
v -0.0506 -0.3065 0.1539
v -0.2304 -0.2956 0.1656
v -0.2183 -0.2936 0.1677
v 0.2144 -0.2936 0.1596
v 0.6445 -0.2833 0.1489
v -0.2239 -0.2955 0.1543
v -0.2047 -0.2873 0.1627
v 0.0771 -0.2898 0.1696
v 0.2079 -0.2894 0.1596
v 0.0137 -0.2477 0.1533
v -0.0464 -0.2329 0.1611
v 0.1550 -0.2291 0.1621
v -0.1571 -0.2259 0.1626
v -0.1328 -0.2292 0.1624
v -0.1123 -0.2219 0.1698
v -0.0543 -0.2175 0.1610
v 0.1243 -0.2213 0.1599
v 0.0586 -0.1999 0.1659
v 0.1742 -0.2191 0.1652
v 0.7652 -0.2198 0.1663
v -0.0973 -0.2096 0.1603
v -0.0684 -0.1912 0.1609
v 0.0691 -0.2122 0.1575
v 0.0918 -0.2094 0.1546
v -0.1694 -0.1939 0.1558
v 0.0947 -0.1922 0.1610
v -0.7446 -0.1819 0.1620
v -0.1651 -0.1844 0.1597
v 0.1699 -0.1890 0.1581
v 0.1653 -0.1864 0.1701
v 0.9461 -0.1717 0.1634
v -0.0821 -0.1660 0.1553
v -0.0593 -0.1648 0.1616
v 0.0919 -0.1666 0.1553
v 0.0871 -0.1832 0.1593
v 0.7351 -0.1795 0.1676
v 0.7433 -0.1810 0.1545
v -0.1322 -0.1599 0.1438
v -0.1056 -0.1701 0.1593
v 0.0211 -0.1686 0.1535
v 0.7337 -0.1739 0.1843
v -0.0630 -0.1497 0.1525
v 0.0710 -0.1607 0.1568
v -0.7006 -0.1433 0.1494
v -0.5676 -0.1580 0.1700
v 0.7158 -0.1496 0.1688
v -0.1954 -0.1422 0.1600
v -0.7048 -0.1427 0.1674
v 0.1820 -0.1317 0.1573
v 0.2096 -0.1309 0.1614
v 0.7236 -0.1317 0.1622
v -0.1640 -0.1205 0.1631
v -0.0202 -0.1207 0.1614
v 0.2135 -0.1183 0.1648
v -0.5348 -0.1086 0.1644
v -0.1877 -0.1014 0.1494
v -0.1677 -0.1084 0.1623
v 0.1680 -0.1100 0.1543
v 0.7510 -0.0990 0.1609
v 1.0236 -0.0849 0.1426
v 0.5129 -0.0888 0.1606
v 0.7567 -0.0943 0.1556
v -0.5000 -0.0882 0.1594
v -0.1793 -0.0890 0.1638
v 0.5038 -0.0910 0.1596
v 0.7647 -0.0888 0.1608
v 0.7733 -0.0900 0.1644
v -0.7766 -0.0950 0.1759
v -0.7683 -0.0786 0.1587
v 0.1833 -0.0830 0.1555
v 0.3758 -0.0762 0.1649
v 0.7705 -0.0809 0.1592
v -0.5790 -0.0669 0.1584
v -0.5013 -0.0828 0.1603
v -0.3762 -0.0727 0.1662
v 0.4251 -0.0716 0.1619
v 0.5195 -0.0769 0.1585
v 0.5719 -0.0744 0.1632
v -0.5655 -0.0704 0.1611
v -0.4365 -0.0630 0.1587
v 0.3718 -0.0736 0.1564
v 0.4235 -0.0657 0.1663
v 0.4376 -0.0611 0.1574
v 0.5131 -0.0571 0.1510
v -0.5678 -0.0651 0.1641
v -0.5362 -0.0430 0.1576
v -0.4326 -0.0549 0.1611
v 0.5650 -0.0607 0.1504
v 0.5746 -0.0649 0.1627
v 0.4319 -0.0439 0.1675
v 0.8016 -0.0649 0.1649
v -0.5278 -0.0343 0.1562
v -0.4876 -0.0411 0.1570
v 0.7836 -0.0461 0.1610
v -0.5698 -0.0349 0.1646
v -0.5561 -0.0429 0.1630
v -0.4850 -0.0348 0.1537
v 0.4243 -0.0375 0.1605
v 0.5303 -0.0308 0.1569
v 0.5750 -0.0441 0.1621
v -0.5320 -0.0316 0.1615
v -0.5244 -0.0256 0.1653
v -0.4858 -0.0248 0.1555
v -0.4763 -0.0268 0.1581
v 0.7893 -0.0268 0.1434
v -0.5134 -0.0206 0.1619
v 0.8788 -0.0108 0.1960
v -0.4659 -0.0117 0.1644
v 0.0080 -0.0111 0.1696
v 0.4647 -0.0004 0.1565
v -0.0347 0.0148 0.1530
v 0.5729 -0.0231 0.1792
v -1.0817 0.0011 0.1933
v -0.4514 0.0158 0.1624
v 0.4525 0.0214 0.1568
v -0.4349 0.0355 0.1598
v 0.4485 0.0356 0.1510
v 0.4641 0.0386 0.1584
v -0.8788 0.0600 0.1584
v 0.4374 0.0386 0.1563
v 0.4365 0.0424 0.1650
v 0.4502 0.0421 0.1595
v 0.4507 0.0256 0.1685
v -0.5494 0.0746 0.1419
v 0.4296 0.0496 0.1578
v 0.4670 0.0498 0.1495
v -0.4405 0.0580 0.1590
v 0.4796 0.0634 0.1607
v 0.9036 0.0565 0.1844
v -0.7858 0.0422 0.1655
v -0.4473 0.0720 0.1609
v -0.4219 0.0732 0.1627
v 0.4717 0.0734 0.1527
v -0.4818 0.0749 0.1593
v -0.4106 0.0881 0.1715
v 0.4787 0.0802 0.1548
v 0.9040 0.0754 0.1763
v -0.8821 0.0993 0.1500
v 0.2606 0.0899 0.1612
v 0.2754 0.0863 0.1676
v -0.2548 0.0883 0.1606
v 0.4087 0.0946 0.1488
v -0.7571 0.0841 0.1912
v -0.2937 0.1008 0.1583
v -0.8136 0.1379 0.1496
v 0.2913 0.1025 0.1587
v 0.5375 0.0921 0.1524
v 1.0940 0.1074 0.1551
v -0.8842 0.1334 0.1631
v -0.3776 0.1193 0.1733
v 0.0992 0.1494 0.1804
v 0.3511 0.1465 0.1832
v 0.8824 0.1525 0.1555
v -0.8779 0.1618 0.1563
v -0.4577 0.1803 0.1613
v -0.8756 0.1658 0.1383
v 0.1090 0.1564 0.1570
v 0.8733 0.1792 0.1480
v 0.8891 0.1786 0.1599
v 0.0955 0.1768 0.1662
v 0.7217 0.1898 0.1493
v -0.0765 0.1705 0.1475
v 0.7472 0.1772 0.1621
v 0.8968 0.1803 0.1620
v -0.8911 0.1942 0.1596
v -0.7277 0.1942 0.1587
v -0.0329 0.2002 0.1585
v 0.6916 0.2049 0.1622
v 0.8813 0.2180 0.1527
v -0.8841 0.2187 0.1539
v 0.0468 0.1969 0.1598
v -0.0028 0.2189 0.1530
v 0.0101 0.2195 0.1687
v 0.3201 0.2159 0.1220
v 0.6802 0.2221 0.1575
v -0.6695 0.2208 0.1682
v 0.8924 0.2239 0.1657
v -0.8799 0.2393 0.1567
v -0.6937 0.2332 0.1499
v 0.6574 0.2359 0.1593
v 0.8820 0.2324 0.1609
v -0.8698 0.2363 0.1543
v -0.6715 0.2400 0.1570
v -0.6477 0.2394 0.1681
v 0.6800 0.2262 0.1681
v 0.8899 0.2352 0.1614
v -0.8751 0.2497 0.1618
v -0.8675 0.2543 0.1611
v -0.6497 0.2492 0.1624
v 0.6407 0.2530 0.1605
v 0.8687 0.2547 0.1564
v -0.8625 0.2599 0.1592
v 0.6246 0.2601 0.1585
v 0.6492 0.2525 0.1602
v -0.8669 0.2628 0.1606
v -0.6350 0.2634 0.1605
v 0.4367 0.2540 0.1635
v -0.8573 0.2821 0.1703
v -0.6187 0.2726 0.1604
v 0.8606 0.2756 0.1611
v -0.8664 0.2743 0.1595
v -0.0290 0.2812 0.1612
v 0.0224 0.2789 0.1612
v 0.0340 0.2801 0.1604
v 0.6014 0.2814 0.1525
v 0.6186 0.2721 0.1567
v -1.0351 0.2861 0.1667
v -0.8320 0.2884 0.1392
v 0.8433 0.2942 0.1550
v 0.0011 0.2960 0.1648
v 0.0277 0.2941 0.1556
v 1.0296 0.3051 0.1567
v -0.4978 0.3148 0.1689
v -1.0170 0.2930 0.1770
v 0.2380 0.3139 0.1751
v 0.8019 0.3312 0.1604
v -0.7883 0.3310 0.1668
v 0.9906 0.3277 0.1660
v -0.7665 0.3395 0.1689
v -0.7941 0.3545 0.1498
v -0.6207 0.3653 0.1638
v -0.7987 0.3858 0.1599
v 0.0663 0.3831 0.1608
v -0.7877 0.3846 0.1538
v -0.0999 0.3903 0.1657
v 0.1047 0.3861 0.1563
v 0.8346 0.3802 0.1688
v 0.8541 0.3721 0.1696
v -0.8263 0.3872 0.1618
v -0.1244 0.3891 0.1621
v 0.8016 0.3867 0.1581
v 0.3744 -0.4704 0.1602
v 0.3056 -0.4657 0.1726
v -0.2430 -0.4463 0.1650
v -0.4304 -0.4408 0.1756
v 0.2504 -0.4414 0.1698
v 0.2117 -0.4250 0.1662
v -0.1395 -0.4177 0.1574
v 0.1446 -0.3841 0.1763
v -0.5115 -0.3833 0.1646
v -0.5670 -0.3584 0.1700
v -0.0940 -0.3240 0.1731
v -0.2738 -0.3221 0.1749
v 0.2795 -0.3258 0.1683
v -0.2660 -0.3179 0.1718
v 0.1000 -0.3173 0.1765
v 0.2619 -0.3202 0.1670
v 0.2831 -0.3160 0.1680
v 0.2304 -0.2946 0.1652
v 0.2172 -0.2877 0.1725
v 0.2338 -0.2797 0.1783
v -0.1936 -0.2742 0.1724
v 0.2032 -0.2805 0.1687
v -0.2228 -0.2790 0.1673
v 0.0731 -0.2735 0.1699
v 0.2295 -0.2821 0.1667
v -0.0494 -0.2473 0.1665
v 0.0596 -0.2627 0.1680
v -0.6388 -0.2683 0.1852
v 0.6448 -0.2348 0.1594
v -0.1452 -0.2602 0.1772
v 0.0557 -0.2363 0.1709
v 0.1500 -0.2517 0.1734
v 0.1806 -0.2447 0.1727
v -0.7941 -0.2313 0.1607
v -0.6389 -0.2390 0.1738
v 0.8025 -0.2308 0.1664
v 0.8319 -0.2286 0.1685
v 0.1054 -0.2163 0.1797
v -0.8399 -0.2256 0.1590
v -0.7516 -0.2170 0.1589
v -0.1019 -0.2123 0.1658
v 0.0566 -0.2243 0.1686
v 0.3330 -0.2114 0.1694
v -0.3297 -0.2085 0.1684
v 0.1838 -0.2136 0.1792
v 0.3550 -0.2010 0.1712
v 0.6282 -0.2082 0.1608
v -0.6245 -0.2117 0.1760
v 0.3464 -0.2020 0.1643
v 0.9110 -0.1952 0.1589
v -0.3473 -0.1947 0.1682
v -0.1082 -0.1862 0.1726
v 0.3590 -0.1918 0.1625
v -0.5930 -0.1821 0.1785
v -0.1515 -0.1736 0.1566
v 0.1113 -0.1768 0.1637
v -0.7071 -0.1629 0.1493
v -0.7150 -0.1422 0.1686
v -0.7156 -0.1362 0.1639
v 0.7139 -0.1308 0.1583
v 0.7281 -0.1420 0.1752
v 0.7280 -0.1357 0.1728
v 0.0284 -0.1200 0.1593
v 0.2048 -0.1273 0.1682
v -0.5973 -0.1011 0.1620
v -0.2057 -0.1299 0.1627
v -0.1706 -0.1192 0.1766
v 0.1679 -0.1189 0.1633
v 1.0285 -0.0962 0.1864
v 0.1667 -0.1087 0.1659
v -0.5315 -0.0992 0.1672
v -0.5031 -0.0958 0.1653
v 0.1738 -0.1047 0.1626
v 0.6038 -0.1050 0.1726
v 0.7656 -0.0961 0.1685
v -0.7675 -0.0882 0.1680
v -0.5761 -0.0730 0.1686
v -0.5092 -0.0875 0.1606
v -0.5029 -0.0901 0.1678
v -0.4928 -0.0949 0.1657
v 0.1821 -0.0947 0.1654
v 0.1969 -0.0892 0.1723
v 0.7671 -0.0844 0.1666
v -0.5611 -0.0773 0.1647
v -0.3838 -0.0794 0.1654
v -0.1864 -0.0870 0.1560
v 0.1851 -0.0880 0.1640
v 0.5442 -0.0831 0.1660
v 0.5584 -0.0792 0.1651
v -0.7692 -0.0736 0.1647
v -0.3840 -0.0729 0.1677
v -0.3904 -0.0691 0.1685
v 0.3860 -0.0755 0.1689
v 0.5824 -0.0781 0.1712
v 0.7776 -0.0690 0.1640
v 0.7948 -0.0818 0.1793
v -0.5674 -0.0723 0.1689
v -0.4104 -0.0650 0.1760
v 0.3834 -0.0664 0.1698
v 0.3962 -0.0693 0.1686
v 1.0508 -0.0455 0.1470
v 0.4233 -0.0571 0.1631
v 0.4330 -0.0539 0.1691
v 0.5679 -0.0567 0.1664
v -0.7788 -0.0631 0.1724
v -0.5731 -0.0401 0.1651
v -0.5612 -0.0522 0.1753
v -0.4091 -0.0577 0.1759
v -0.4852 -0.0406 0.1679
v -0.4222 -0.0419 0.1711
v 0.5508 -0.0351 0.1647
v -0.5366 -0.0372 0.1748
v -0.4789 -0.0317 0.1682
v 0.4863 -0.0362 0.1702
v 0.5290 -0.0286 0.1654
v -0.4835 -0.0130 0.1762
v 0.4844 -0.0162 0.1750
v 0.5081 -0.0185 0.1661
v -0.4981 -0.0126 0.1744
v -0.3861 -0.0113 0.1710
v 0.3970 -0.0149 0.1711
v 0.4654 -0.0062 0.1678
v 0.3838 -0.0063 0.1677
v -0.4731 0.0003 0.1689
v -0.4556 -0.0034 0.1731
v 0.4758 0.0041 0.1677
v 0.4744 0.0216 0.1689
v 0.4468 0.0188 0.1624
v 0.4436 0.0264 0.1665
v -0.4743 0.0204 0.1698
v -0.4655 0.0306 0.1660
v -0.4392 0.0224 0.1657
v 0.4676 0.0182 0.1699
v -0.4509 0.0350 0.1621
v -0.4478 0.0452 0.1612
v -0.0637 0.0572 0.1625
v -0.4349 0.0511 0.1632
v -0.4326 0.0460 0.1601
v 0.4459 0.0528 0.1615
v -0.4768 0.0545 0.1687
v 0.0685 0.0471 0.1724
v 0.4323 0.0659 0.1665
v 0.4428 0.0626 0.1694
v -0.4702 0.0709 0.1619
v 0.4759 0.0671 0.1632
v -0.4307 0.0728 0.1736
v -0.2631 0.0845 0.1667
v -0.2463 0.0816 0.1688
v 0.2483 0.0831 0.1696
v 0.2723 0.0803 0.1729
v 0.4142 0.0902 0.1716
v 0.4449 0.0722 0.1772
v -0.2792 0.0896 0.1668
v -0.2433 0.0854 0.1737
v -0.2558 0.0912 0.1689
v -0.2808 0.0936 0.1709
v -0.2759 0.1016 0.1634
v -0.0836 0.1238 0.1581
v 0.2750 0.1034 0.1584
v 0.7719 0.0873 0.1686
v 0.7452 0.1508 0.1629
v 0.9062 0.1002 0.1725
v 0.0884 0.1111 0.1829
v -0.8956 0.1294 0.1652
v -0.0939 0.1380 0.1674
v 0.0947 0.1396 0.1832
v 0.8970 0.1508 0.1683
v -0.9011 0.1816 0.1627
v -0.8965 0.1602 0.1658
v 0.9111 0.1582 0.1710
v -0.7374 0.1788 0.1661
v 0.1011 0.1717 0.1797
v 0.8999 0.1776 0.1682
v -1.0920 0.1648 0.1888
v -0.8916 0.1877 0.1614
v -0.0936 0.1651 0.1532
v -0.9003 0.1868 0.1685
v -0.7054 0.1917 0.1665
v 0.9071 0.1791 0.1710
v -0.8972 0.1949 0.1645
v 0.0794 0.1865 0.1636
v -0.8837 0.1998 0.1594
v -0.8960 0.2044 0.1731
v 0.9072 0.2133 0.1710
v -0.6770 0.2104 0.1747
v -0.0044 0.2197 0.1684
v 0.6789 0.2145 0.1626
v 0.6735 0.2211 0.1676
v 0.7040 0.2026 0.1759
v -1.0836 0.1976 0.1821
v -0.8913 0.2265 0.1685
v 0.0027 0.2267 0.1631
v -0.6645 0.2302 0.1680
v 0.6486 0.2394 0.1685
v -0.8833 0.2376 0.1728
v -0.6585 0.2401 0.1681
v 0.6576 0.2416 0.1681
v -0.8787 0.2573 0.1626
v 0.0125 0.2573 0.1708
v -0.0067 0.2579 0.1713
v 0.0116 0.2625 0.1699
v 0.8676 0.2697 0.1692
v 1.0500 0.2767 0.1630
v -1.0640 0.2391 0.1793
v -0.0428 0.2716 0.1718
v -0.0289 0.2728 0.1690
v -0.0134 0.2727 0.1647
v -0.0018 0.2653 0.1684
v 0.0423 0.2726 0.1735
v 0.0526 0.2725 0.1748
v -0.0390 0.2781 0.1698
v -0.8428 0.2937 0.1691
v 0.8750 0.2763 0.1654
v -0.2572 0.2881 0.1758
v -0.0297 0.2877 0.1553
v -0.0215 0.2972 0.1672
v 0.0260 0.2972 0.1687
v 0.8125 0.3258 0.1557
v 0.8594 0.3136 0.1680
v 0.4753 0.3020 0.1628
v 0.7778 0.3342 0.1712
v -0.9805 0.3341 0.1643
v -0.5199 0.3349 0.1694
v 0.9588 0.3119 0.1758
v -0.8344 0.3459 0.1673
v 0.7010 0.3661 0.1576
v -0.8653 0.3640 0.1754
v -0.0087 0.3684 0.1706
v -0.8513 0.3750 0.1668
v -0.8129 0.3690 0.1623
v -0.0517 0.3785 0.1826
v 0.8645 0.3647 0.1755
v -0.8289 0.3739 0.1693
v 0.8206 0.3843 0.1623
v -0.3410 -0.4714 0.1674
v -0.3037 -0.4711 0.1655
v 0.3407 -0.4715 0.1683
v 0.4163 -0.4546 0.1658
v -0.2416 -0.4237 0.1731
v 0.2504 -0.4234 0.1753
v -0.2101 -0.4118 0.1744
v 0.2563 -0.4054 0.1765
v 0.1863 -0.3952 0.1825
v 0.5175 -0.3822 0.1641
v -0.0778 -0.3667 0.1598
v -0.2815 -0.3226 0.1707
v 0.2945 -0.3142 0.1802
v -0.2832 -0.3160 0.1710
v -0.2759 -0.3050 0.1810
v -0.6233 -0.2984 0.1902
v -0.2768 -0.3068 0.1738
v -0.2303 -0.2887 0.1716
v -0.6366 -0.2924 0.1686
v -0.2320 -0.2792 0.1798
v -0.2054 -0.2822 0.1762
v 0.2092 -0.2804 0.1803
v -0.2305 -0.2766 0.1720
v 0.1927 -0.2732 0.1762
v 0.2353 -0.2689 0.1750
v 0.1488 -0.2631 0.1776
v 0.1682 -0.2663 0.1793
v -0.1937 -0.2626 0.1748
v -0.1838 -0.2646 0.1770
v 0.1888 -0.2630 0.1763
v 0.1962 -0.2674 0.1734
v 0.0668 -0.2579 0.1798
v -0.1658 -0.2484 0.1717
v -0.0509 -0.2329 0.1697
v 0.2064 -0.2463 0.1785
v -0.1314 -0.2471 0.1801
v -0.1727 -0.2156 0.1682
v 0.1879 -0.2294 0.1762
v 0.8261 -0.2277 0.1815
v -0.1819 -0.2157 0.1780
v 0.7893 -0.2223 0.1782
v -0.3347 -0.2121 0.1740
v -0.3118 -0.2084 0.1805
v -0.1005 -0.2142 0.1770
v 0.1052 -0.2089 0.1633
v -0.3468 -0.2034 0.1693
v -0.1702 -0.1968 0.1765
v 0.3232 -0.2052 0.1698
v 0.3366 -0.2028 0.1686
v 0.3517 -0.2038 0.1922
v -0.3538 -0.1944 0.1689
v -0.3318 -0.1999 0.1778
v -0.1007 -0.1996 0.1706
v -0.7546 -0.1890 0.1717
v -0.3017 -0.1907 0.1806
v 0.3074 -0.1918 0.1814
v 0.6071 -0.1867 0.1619
v -0.7274 -0.1761 0.1770
v -0.3477 -0.1728 0.1866
v -0.3096 -0.1847 0.1775
v 0.0460 -0.1932 0.1774
v 0.1071 -0.1883 0.1703
v 0.1464 -0.1803 0.1721
v 0.3166 -0.1836 0.1769
v 0.7375 -0.1799 0.1840
v 0.7549 -0.1854 0.1684
v 0.3291 -0.1725 0.1777
v 0.9967 -0.1303 0.1811
v -0.9462 -0.1728 0.1753
v -0.0368 -0.1362 0.1627
v -0.6503 -0.1359 0.1581
v 0.0221 -0.1549 0.1785
v 0.6596 -0.1411 0.1663
v 0.7119 -0.1486 0.1790
v -0.7224 -0.1414 0.1753
v -0.7193 -0.1428 0.1850
v 0.5501 -0.1232 0.1718
v -0.5505 -0.1331 0.1851
v -0.2075 -0.1196 0.1779
v 0.1750 -0.1186 0.1789
v 0.2113 -0.1202 0.1751
v -0.2100 -0.1059 0.1762
v 0.1698 -0.1094 0.1803
v 0.2145 -0.1106 0.1836
v 0.5366 -0.1004 0.1683
v -0.7619 -0.1029 0.1772
v -0.5443 -0.1045 0.1842
v -0.1652 -0.1091 0.1755
v 0.7657 -0.1038 0.1762
v -0.7648 -0.0966 0.1765
v 0.2118 -0.0985 0.1799
v 0.7734 -0.1073 0.1820
v 0.7808 -0.0843 0.1668
v 0.5015 -0.0884 0.1634
v -0.5479 -0.0868 0.1735
v 0.5577 -0.0831 0.1769
v -0.5658 -0.0761 0.1760
v 0.3835 -0.0710 0.1758
v 0.4011 -0.0730 0.1770
v 0.5708 -0.0804 0.1719
v -0.5681 -0.0659 0.1733
v -0.4222 -0.0639 0.1742
v -0.3772 -0.0688 0.1787
v 0.4086 -0.0649 0.1775
v -0.4297 -0.0544 0.1748
v -0.3942 -0.0626 0.1768
v -0.3777 -0.0642 0.1709
v 0.3973 -0.0640 0.1762
v 0.4140 -0.0584 0.1766
v 0.4312 -0.0574 0.1817
v 0.8232 -0.0771 0.1943
v 0.3806 -0.0495 0.1792
v 0.4211 -0.0444 0.1693
v 0.4359 -0.0494 0.1813
v 0.5650 -0.0581 0.1787
v -0.4725 -0.0607 0.1887
v -0.4291 -0.0458 0.1742
v 0.4861 -0.0396 0.1742
v 0.5751 -0.0610 0.1776
v -0.4232 -0.0333 0.1742
v 0.4218 -0.0356 0.1731
v 0.4837 -0.0339 0.1770
v 0.5412 -0.0351 0.1691
v 0.4295 -0.0331 0.1739
v 0.4788 -0.0286 0.1735
v -0.4829 -0.0237 0.1696
v -0.4678 -0.0321 0.1819
v -0.3979 -0.0145 0.1758
v 0.4052 -0.0170 0.1763
v 0.4866 -0.0076 0.1748
v -0.4803 -0.0012 0.1747
v -0.4376 -0.0039 0.1793
v 0.4602 -0.0117 0.1764
v 0.4947 0.0040 0.1764
v -0.5555 0.0392 0.1771
v -0.4927 0.0037 0.1782
v -0.4639 0.0195 0.1681
v -0.4446 0.0098 0.1719
v -0.4425 0.0076 0.1802
v 0.4514 0.0130 0.1755
v -0.4482 0.0225 0.1706
v -0.0433 0.0278 0.1582
v 0.4828 0.0246 0.1769
v -0.0576 0.0365 0.1725
v 0.0450 0.0229 0.1748
v -0.4797 0.0324 0.1809
v -0.4409 0.0427 0.1690
v 0.4841 0.0432 0.1758
v -0.4418 0.0671 0.1760
v -0.0781 0.0570 0.1794
v -0.8248 0.0893 0.1668
v -0.4425 0.0725 0.1749
v -0.2446 0.0783 0.1755
v 0.2340 0.0763 0.1794
v 0.2445 0.0727 0.1763
v 0.8218 0.0974 0.1648
v 0.8484 0.1085 0.1592
v -0.2715 0.0844 0.1713
v -0.2315 0.0756 0.1770
v 0.4566 0.0676 0.1854
v 0.2553 0.0881 0.1737
v -0.8027 0.1241 0.1589
v -0.2595 0.0871 0.1782
v 0.0850 0.0768 0.1831
v 0.8851 0.1143 0.1675
v -0.8786 0.0860 0.1732
v -0.0858 0.1261 0.1738
v -0.8988 0.1116 0.1770
v -0.7717 0.1394 0.1687
v 0.7941 0.1285 0.1639
v 0.8930 0.1332 0.1654
v 0.9236 0.1064 0.1873
v -0.9066 0.1293 0.1714
v -0.9080 0.1338 0.1772
v -0.9034 0.1246 0.1799
v -0.7399 0.1272 0.1841
v 0.7320 0.1413 0.1876
v -0.9117 0.1425 0.1730
v -0.3551 0.1321 0.1895
v -0.0997 0.1541 0.1743
v 0.9108 0.1454 0.1696
v -0.3469 0.1442 0.1897
v -0.1012 0.1639 0.1678
v -0.3330 0.1604 0.2029
v 0.7338 0.1659 0.1826
v 0.6957 0.1987 0.1731
v 0.9021 0.1926 0.1734
v 0.9201 0.1811 0.1852
v -0.9064 0.1966 0.1770
v -0.6849 0.1932 0.1819
v 0.0984 0.1885 0.1785
v 0.6831 0.2108 0.1756
v -0.8950 0.2241 0.1750
v -0.8997 0.2164 0.1817
v -0.6820 0.2167 0.1749
v -0.6768 0.2200 0.1733
v -0.3183 0.1937 0.1902
v 0.0039 0.2255 0.1782
v -0.8945 0.2400 0.1717
v 0.4375 0.2245 0.1871
v 0.9027 0.2254 0.1722
v -0.4300 0.2522 0.1586
v 0.2900 0.2533 0.1606
v 1.0659 0.2522 0.1648
v -0.8909 0.2402 0.1800
v -0.8758 0.2570 0.1760
v 0.8806 0.2567 0.1708
v -0.2794 0.2477 0.1848
v -0.0530 0.2673 0.1795
v -0.0093 0.2646 0.1759
v 0.0030 0.2638 0.1780
v 0.0143 0.2651 0.1763
v 0.0562 0.2619 0.1793
v -0.0525 0.2727 0.1740
v -0.0385 0.2774 0.1828
v -0.0220 0.2731 0.1759
v 0.2638 0.2964 0.1602
v 1.0203 0.2848 0.1787
v 0.8511 0.2883 0.1633
v 0.0514 0.2767 0.1741
v -0.0285 0.3020 0.1760
v -0.0061 0.2958 0.1748
v 0.0116 0.2969 0.1750
v 0.0398 0.3009 0.1788
v 0.5103 0.3056 0.1878
v -0.9560 0.3091 0.1782
v -0.8256 0.3024 0.1790
v -0.7947 0.3148 0.1811
v 0.5138 0.3238 0.1722
v 0.7489 0.3398 0.1729
v 0.9257 0.3446 0.1675
v -0.7102 0.3174 0.1893
v 0.5335 0.3189 0.1956
v 0.8623 0.3394 0.1779
v -0.8983 0.3384 0.1830
v -0.5652 0.3399 0.1872
v 0.8471 0.3554 0.1737
v 0.8858 0.3561 0.1764
v -0.6617 0.3492 0.1737
v -0.1894 0.3434 0.1869
v 0.1577 0.3763 0.1641
v 0.5605 0.3316 0.1948
v -0.8441 0.3651 0.1709
v 0.0171 0.3682 0.1728
v 0.0509 0.3726 0.1913
v 0.0668 0.3830 0.1832
v 0.1198 0.3880 0.1938
v 0.0951 0.3904 0.1785
v -0.2867 -0.4600 0.1734
v 0.4172 -0.4430 0.1854
v 0.4441 -0.4301 0.1823
v 0.4741 -0.4193 0.1598
v -0.2620 -0.4075 0.1778
v -0.1771 -0.4034 0.1776
v 0.2350 -0.4067 0.1776
v 0.2653 -0.3993 0.1819
v -0.1370 -0.3894 0.1738
v 0.5985 -0.3414 0.1679
v -0.1089 -0.3212 0.1797
v 0.6226 -0.3150 0.1767
v -0.5905 -0.3382 0.1845
v -0.2994 -0.3120 0.1881
v 0.2882 -0.3183 0.1813
v -0.2812 -0.3132 0.1840
v -0.2917 -0.3043 0.1822
v 0.2985 -0.3030 0.1881
v 0.6432 -0.2818 0.1755
v -0.0931 -0.3051 0.1798
v 0.2859 -0.3036 0.1794
v -0.2024 -0.2815 0.1842
v -0.0743 -0.2875 0.1713
v -0.1883 -0.2851 0.1905
v 0.1847 -0.2757 0.1841
v -0.1584 -0.2775 0.1902
v -0.1434 -0.2660 0.1882
v -0.0677 -0.2728 0.1708
v 0.2445 -0.2591 0.1834
v -0.0615 -0.2513 0.1820
v 0.1386 -0.2564 0.1875
v -0.2284 -0.2594 0.1780
v -0.1246 -0.2505 0.1990
v -0.0512 -0.2247 0.1817
v 0.0587 -0.2353 0.1919
v 0.1337 -0.2407 0.1748
v -0.1846 -0.2310 0.1752
v -0.1074 -0.2196 0.1892
v -0.0452 -0.2136 0.1887
v -0.8572 -0.2207 0.1846
v -0.3390 -0.2117 0.1916
v 0.0481 -0.2133 0.1877
v 0.3205 -0.2100 0.1780
v 0.3405 -0.2105 0.1920
v 0.6275 -0.2173 0.1839
v -0.3161 -0.2045 0.1803
v -0.0501 -0.2040 0.1714
v 0.3125 -0.2047 0.1848
v -0.1100 -0.1986 0.1936
v 0.1767 -0.2005 0.1855
v 0.3117 -0.1957 0.1835
v 0.3517 -0.1968 0.1683
v -0.3467 -0.1935 0.1925
v 0.5887 -0.1824 0.1897
v -0.3457 -0.1800 0.1926
v -0.3083 -0.1877 0.1858
v -0.1441 -0.1840 0.1772
v 0.3212 -0.1805 0.1840
v 0.3597 -0.1935 0.1795
v -0.3290 -0.1748 0.1848
v -0.3146 -0.1817 0.1778
v -0.0293 -0.1715 0.1799
v 0.3556 -0.1735 0.1838
v -0.7186 -0.1588 0.1742
v -0.3238 -0.1657 0.1883
v -0.3187 -0.1699 0.1786
v 0.0293 -0.1731 0.1847
v 0.3399 -0.1720 0.1805
v 0.5668 -0.1552 0.1748
v -0.5633 -0.1646 0.1970
v -0.3307 -0.1660 0.1764
v 0.3305 -0.1658 0.1797
v 0.3395 -0.1648 0.1800
v -0.9615 -0.1620 0.2213
v -0.0119 -0.1578 0.1822
v 0.0097 -0.1545 0.1813
v -0.7305 -0.1414 0.1839
v 0.7171 -0.1412 0.1765
v 0.7348 -0.1490 0.1999
v 0.7320 -0.1536 0.1880
v 0.7358 -0.1408 0.1832
v 0.7421 -0.1357 0.1844
v 0.7395 -0.1327 0.1772
v -0.7584 -0.1174 0.1884
v 0.2060 -0.1182 0.1888
v 0.7533 -0.1214 0.1827
v -0.9969 -0.1261 0.1900
v -0.1719 -0.1124 0.1953
v 0.7646 -0.1119 0.1840
v -0.7647 -0.1051 0.1830
v -0.2013 -0.0963 0.1744
v -0.1841 -0.0983 0.1890
v 0.7737 -0.1012 0.1933
v 0.7841 -0.1091 0.1999
v -0.7685 -0.0955 0.1872
v -0.5764 -0.0746 0.1764
v -0.5478 -0.0865 0.1880
v 0.5909 -0.0841 0.1940
v -0.3965 -0.0718 0.1784
v -0.3854 -0.0738 0.1836
v -0.8191 -0.0326 0.1552
v -0.5480 -0.0697 0.1900
v -0.4256 -0.0651 0.1841
v -0.4118 -0.0672 0.1896
v 0.4222 -0.0656 0.1880
v -0.7748 -0.0881 0.1946
v -0.5588 -0.0591 0.1807
v 0.4101 -0.0548 0.1884
v 0.5812 -0.0576 0.1990
v -0.4844 -0.0528 0.1806
v -0.3771 -0.0502 0.1879
v 0.3782 -0.0552 0.1771
v 0.4208 -0.0464 0.1812
v 0.4814 -0.0529 0.1806
v -0.4657 -0.0546 0.1882
v -0.4208 -0.0428 0.1837
v 0.4914 -0.0571 0.1942
v 0.4404 -0.0369 0.1838
v 0.5243 -0.0294 0.1848
v -0.4785 -0.0217 0.1831
v -0.3666 -0.0222 0.1850
v 0.3714 -0.0320 0.1833
v 0.8551 -0.0419 0.1970
v -0.4249 -0.0240 0.1863
v 0.3545 -0.0206 0.1851
v 0.4287 -0.0205 0.1840
v 0.5032 -0.0056 0.1808
v -0.5111 -0.0240 0.1889
v -0.4346 -0.0251 0.1843
v -0.4041 -0.0101 0.1803
v -0.3764 -0.0113 0.1919
v -0.0015 -0.0112 0.1700
v 0.3826 -0.0100 0.1837
v 0.3872 -0.0119 0.1902
v 0.4408 -0.0282 0.1831
v 0.4807 -0.0158 0.1837
v -0.3885 -0.0069 0.1680
v -0.0200 0.0039 0.1669
v 0.3945 0.0027 0.1854
v 0.4117 -0.0101 0.1795
v 0.4411 -0.0040 0.1794
v 0.4762 -0.0023 0.1789
v -0.3805 -0.0047 0.1732
v 0.3840 -0.0041 0.1778
v 0.4484 0.0068 0.1770
v -0.4939 0.0052 0.1842
v -0.4665 0.0043 0.1790
v -0.4543 0.0082 0.1819
v -0.4450 0.0108 0.1872
v -0.0423 0.0189 0.1827
v 0.4541 0.0102 0.1832
v 0.4836 0.0324 0.1871
v 0.7828 0.0326 0.1843
v -0.0825 0.0348 0.1952
v -0.4770 0.0373 0.1895
v -0.0914 0.0479 0.1849
v -0.0877 0.0380 0.1902
v 0.0842 0.0371 0.1871
v 0.5573 0.0236 0.1989
v -0.8469 0.0527 0.1789
v 0.0823 0.0551 0.1813
v 0.8323 0.0487 0.1818
v -0.9002 0.0802 0.1780
v -0.4648 0.0519 0.1913
v -0.1900 0.0578 0.1855
v 0.0976 0.0535 0.1847
v 0.1733 0.0600 0.1835
v -0.1987 0.0676 0.1859
v -0.1647 0.0581 0.1885
v -0.4497 0.0670 0.1873
v -0.1856 0.0735 0.1824
v -0.0798 0.0848 0.1777
v 0.1791 0.0724 0.1852
v 0.1944 0.0606 0.1838
v 0.2661 0.0672 0.1867
v 0.2597 0.0795 0.1782
v -0.2680 0.0784 0.1864
v -0.2552 0.0782 0.1821
v -0.1909 0.0793 0.1850
v 0.1992 0.0775 0.1850
v 0.9260 0.0728 0.1983
v -0.9024 0.0826 0.1873
v 0.2779 0.0858 0.1785
v 0.5373 0.0738 0.1893
v -0.3924 0.0983 0.1910
v 0.3862 0.1150 0.1713
v -0.9140 0.1273 0.1808
v 0.9043 0.1443 0.1751
v -0.7492 0.1447 0.1829
v 0.9124 0.1407 0.1760
v 0.9185 0.1453 0.1817
v -1.0980 0.1227 0.1944
v 0.7488 0.1529 0.1799
v -0.9162 0.1759 0.1911
v -0.7189 0.1790 0.1807
v 0.7094 0.1697 0.1841
v 0.9208 0.1605 0.1865
v 0.7153 0.1988 0.1687
v 0.7223 0.1655 0.1896
v -0.7083 0.1894 0.1792
v -0.6923 0.1889 0.1841
v -0.4396 0.2081 0.1557
v 0.6983 0.1754 0.1884
v 0.6976 0.1939 0.1819
v -0.9076 0.1874 0.1772
v 1.0794 0.2153 0.1781
v -0.9067 0.2000 0.1867
v -0.6860 0.2026 0.1783
v -0.4303 0.2265 0.1612
v -0.0787 0.2041 0.1766
v -0.9080 0.2185 0.1773
v -0.4350 0.2325 0.1827
v 0.0859 0.2147 0.1842
v 0.8957 0.2364 0.1802
v 0.2791 0.2514 0.1863
v 1.0479 0.2432 0.1914
v 0.4479 0.2365 0.2003
v 0.9315 0.2175 0.1964
v -0.4507 0.2732 0.1745
v -0.0021 0.2656 0.1837
v 0.0603 0.2624 0.1859
v 0.0087 0.2653 0.1840
v 0.0244 0.2738 0.1760
v 0.0606 0.2701 0.1801
v 0.9029 0.2503 0.1794
v -0.0553 0.2777 0.1809
v -0.0477 0.2811 0.1844
v -0.0032 0.2803 0.1832
v 0.0099 0.2811 0.1839
v 0.0522 0.2743 0.1829
v 0.8548 0.2751 0.1920
v -0.9924 0.2554 0.1943
v -0.8584 0.3045 0.1676
v -0.8492 0.2814 0.1862
v -0.4670 0.2921 0.1715
v -0.0055 0.2908 0.1809
v 0.2469 0.2849 0.1941
v 0.8186 0.3060 0.1824
v -0.9747 0.2837 0.1861
v -0.0473 0.2838 0.1771
v 0.0169 0.2989 0.1872
v 0.0417 0.2984 0.1825
v 0.4725 0.2783 0.1934
v -0.0391 0.2946 0.1828
v -0.0163 0.3106 0.1806
v -0.2346 0.3152 0.1718
v 0.0191 0.3069 0.1816
v -0.7386 0.3013 0.1935
v -0.9194 0.3190 0.1907
v -0.8587 0.3339 0.1762
v -0.8777 0.3409 0.1837
v 0.2082 0.3413 0.1676
v 0.6228 0.3524 0.1780
v -0.8780 0.3576 0.1754
v -0.8687 0.3492 0.1780
v 0.0130 0.3501 0.1908
v 0.1500 0.3704 0.1981
v 0.8763 0.3469 0.1820
v -0.0818 0.3897 0.1856
v -0.1051 0.3910 0.1944
v 0.3596 -0.4591 0.1862
v -0.3652 -0.4473 0.1974
v -0.4276 -0.4269 0.1951
v -0.2757 -0.4470 0.1792
v 0.2857 -0.4442 0.1832
v -0.2609 -0.4157 0.1809
v 0.2863 -0.4146 0.1895
v -0.2610 -0.4001 0.1787
v 0.4809 -0.3957 0.1750
v -0.4691 -0.3840 0.1906
v -0.4956 -0.3761 0.1844
v 0.5746 -0.3489 0.1896
v -0.5510 -0.3572 0.1878
v 0.1848 -0.3678 0.1884
v -0.1547 -0.3346 0.1866
v 0.1586 -0.3318 0.1872
v 0.2790 -0.3104 0.1803
v 0.3023 -0.3088 0.1908
v -0.3087 -0.3000 0.1932
v 0.1337 -0.3257 0.1842
v 0.3154 -0.3024 0.1946
v -0.3003 -0.2962 0.1953
v 0.0858 -0.2852 0.1887
v 0.2212 -0.2896 0.1928
v 0.2376 -0.2824 0.1935
v -0.2419 -0.2673 0.1876
v 0.0779 -0.2690 0.1919
v 0.2488 -0.2705 0.1954
v -0.1307 -0.2626 0.1993
v 0.0747 -0.2589 0.1983
v 0.1259 -0.2424 0.1905
v -0.2470 -0.2434 0.1929
v 0.2436 -0.2399 0.1916
v 0.2522 -0.2462 0.1938
v -0.2025 -0.2349 0.1828
v -0.0465 -0.2244 0.1910
v -0.8180 -0.2274 0.1807
v -0.6240 -0.2365 0.1968
v -0.7801 -0.2254 0.1717
v -0.3089 -0.2122 0.1921
v -0.0287 -0.2018 0.1906
v 0.3060 -0.2101 0.1905
v 0.8754 -0.2161 0.1825
v -0.3247 -0.2068 0.1973
v -0.1762 -0.2006 0.1938
v -0.1073 -0.2092 0.2009
v -0.0386 -0.1994 0.1912
v 0.0249 -0.1993 0.1915
v 0.3149 -0.2019 0.1946
v 0.3334 -0.2038 0.1900
v 0.8030 -0.2175 0.1910
v -0.5895 -0.2035 0.2055
v -0.3561 -0.1915 0.1856
v -0.3338 -0.1963 0.1965
v 0.1066 -0.2011 0.1807
v -0.3080 -0.1957 0.1908
v -0.2982 -0.1928 0.2027
v -0.1522 -0.1888 0.1907
v -0.1248 -0.1898 0.1901
v 0.1146 -0.1985 0.1960
v 0.3618 -0.1947 0.1953
v -0.7715 -0.1889 0.1804
v -0.7605 -0.1847 0.1902
v -0.7399 -0.1793 0.1914
v -0.3078 -0.1811 0.1860
v 0.1271 -0.1892 0.1889
v 0.1490 -0.1871 0.1883
v 0.3061 -0.1895 0.1897
v 0.3135 -0.1886 0.1904
v 0.7786 -0.1897 0.1856
v 0.3140 -0.1811 0.1907
v 0.3516 -0.1747 0.1908
v 0.3591 -0.1739 0.1911
v -0.3531 -0.1741 0.1827
v -0.3388 -0.1727 0.1965
v -0.3175 -0.1720 0.1887
v -0.3341 -0.1655 0.1977
v 0.3218 -0.1735 0.1842
v 0.3353 -0.1728 0.1953
v -0.7280 -0.1523 0.1878
v -0.3381 -0.1674 0.1839
v 0.0153 -0.1615 0.1918
v 0.3366 -0.1660 0.1909
v 0.5560 -0.1390 0.1942
v -0.7377 -0.1410 0.1910
v 0.7513 -0.1360 0.1920
v -0.1793 -0.1188 0.2016
v 0.1781 -0.1193 0.2062
v -0.7773 -0.1054 0.1872
v -0.7615 -0.1046 0.1850
v 0.7673 -0.1006 0.1854
v -0.1934 -0.0948 0.1837
v 0.1971 -0.0956 0.1856
v 0.7754 -0.0778 0.1761
v -0.4559 -0.0793 0.1921
v -0.4490 -0.0905 0.1982
v -0.3974 -0.0733 0.2022
v 0.3911 -0.0724 0.1894
v 0.4091 -0.0741 0.1975
v 0.4543 -0.0769 0.1922
v 0.7818 -0.0752 0.1819
v -0.4376 -0.0624 0.1900
v -0.4293 -0.0733 0.1923
v -0.3835 -0.0617 0.1983
v 0.4730 -0.0660 0.1921
v -1.0370 -0.0825 0.2018
v -0.8532 -0.0500 0.2049
v 0.3824 -0.0539 0.1944
v 0.4502 -0.0618 0.1902
v 0.4660 -0.0599 0.1890
v 0.5473 -0.0496 0.1826
v -0.5240 -0.0481 0.1977
v -0.4436 -0.0526 0.1921
v -0.4047 -0.0560 0.1884
v -0.3850 -0.0555 0.1797
v -0.3887 -0.0516 0.1953
v -0.8621 -0.0328 0.2001
v -0.5691 -0.0359 0.1783
v -0.4337 -0.0454 0.1844
v 0.3766 -0.0458 0.1833
v 0.4655 -0.0468 0.1862
v -0.4878 -0.0419 0.1899
v -0.4367 -0.0370 0.1843
v 0.4483 -0.0466 0.1928
v -0.7805 -0.0427 0.1929
v -0.5678 -0.0137 0.1798
v -0.4846 -0.0287 0.1848
v -0.4867 -0.0262 0.1910
v 0.3651 -0.0177 0.1951
v 0.4730 -0.0347 0.1837
v 0.5094 -0.0174 0.1922
v 0.3737 -0.0195 0.1920
v 0.4908 -0.0288 0.1907
v -0.4736 -0.0096 0.1884
v -0.4249 -0.0148 0.1903
v -0.4108 -0.0135 0.1924
v -0.4002 -0.0112 0.2004
v 0.3674 -0.0176 0.1885
v 0.3936 -0.0119 0.2004
v 0.4122 -0.0154 0.1904
v -0.8823 -0.0075 0.2004
v 0.0093 -0.0099 0.1937
v 0.4209 -0.0081 0.1927
v 0.4302 -0.0037 0.1855
v 0.4649 -0.0013 0.1879
v -0.8899 0.0193 0.1905
v -0.4187 -0.0074 0.1923
v 0.5721 -0.0291 0.2098
v 0.8886 0.0027 0.1987
v 0.4524 0.0092 0.1923
v 0.4928 0.0122 0.1922
v 0.8570 0.0378 0.1853
v -0.8228 0.0414 0.1858
v -0.4895 0.0129 0.1922
v 0.0396 0.0115 0.1984
v 0.8954 0.0238 0.1920
v -0.7675 0.0229 0.2067
v 0.0968 0.0392 0.1916
v 1.0998 0.0878 0.1758
v -0.9046 0.0502 0.1907
v -0.1158 0.0493 0.1922
v 0.1178 0.0483 0.1929
v 0.1349 0.0543 0.1916
v -0.9109 0.0639 0.1935
v -0.8946 0.0607 0.1892
v -0.1296 0.0523 0.1937
v -0.1105 0.0565 0.1936
v -0.0950 0.0530 0.1901
v 0.1630 0.0641 0.1915
v 0.1797 0.0587 0.1921
v -0.7887 0.1005 0.1796
v -0.1280 0.0629 0.1910
v -0.0861 0.0614 0.1864
v 0.0900 0.0635 0.1904
v 0.1248 0.0620 0.1909
v -1.0917 0.0427 0.1881
v -0.9134 0.0743 0.1895
v -0.9048 0.0716 0.1894
v -0.4511 0.0656 0.2026
v -0.2639 0.0670 0.1878
v -0.2649 0.0711 0.1929
v 0.1688 0.0716 0.1902
v 0.1982 0.0712 0.1896
v 0.2668 0.0669 0.2026
v -0.1908 0.0720 0.1915
v 0.1863 0.0724 0.1911
v 0.2644 0.0782 0.1892
v 0.4335 0.0758 0.1794
v 0.8997 0.0964 0.1776
v -0.9152 0.0881 0.1928
v -0.4125 0.0874 0.2017
v -0.9160 0.0936 0.1862
v 0.4046 0.0917 0.1925
v 0.7706 0.0860 0.2029
v -1.1000 0.0966 0.2100
v -0.9163 0.1190 0.1930
v -0.4863 0.1349 0.1883
v -0.3572 0.1188 0.1969
v -0.9214 0.1253 0.1918
v -0.3553 0.1264 0.1976
v -0.0912 0.1356 0.1857
v 1.0979 0.1544 0.1836
v -0.9224 0.1349 0.1923
v 0.3587 0.1336 0.1890
v 0.3512 0.1454 0.1944
v 0.7626 0.1228 0.1893
v -0.9147 0.1344 0.1813
v -0.9209 0.1582 0.1929
v 0.7141 0.1544 0.1899
v -0.7173 0.1707 0.1857
v -0.7068 0.1651 0.1883
v -0.9218 0.1786 0.1834
v 0.9179 0.1869 0.1912
v -0.7069 0.1755 0.1915
v -0.6923 0.1798 0.1901
v 0.7072 0.1787 0.1894
v -0.9141 0.1885 0.1843
v -0.0948 0.1973 0.1894
v 0.7004 0.1767 0.1914
v 1.0864 0.1817 0.1938
v -0.9130 0.2036 0.1953
v 0.9089 0.2136 0.1846
v -0.9275 0.2240 0.1968
v -0.9026 0.2211 0.1922
v -0.0834 0.2161 0.1863
v 0.0927 0.2155 0.1956
v -0.0725 0.2299 0.1898
v -0.0217 0.2259 0.1812
v 0.0543 0.2288 0.1851
v -1.0518 0.2148 0.2013
v -0.0450 0.2280 0.1852
v -0.0274 0.2345 0.1907
v -0.0148 0.2453 0.1920
v 0.0309 0.2349 0.1896
v 0.0730 0.2405 0.1920
v -1.0407 0.2540 0.1879
v -0.8882 0.2413 0.1946
v -0.8974 0.2524 0.1803
v -0.0016 0.2593 0.1918
v 0.0114 0.2594 0.1935
v 1.0038 0.2461 0.1976
v -0.8665 0.2656 0.1916
v 0.9864 0.2745 0.1858
v -0.0206 0.2798 0.1830
v 0.0228 0.2802 0.1830
v 0.0401 0.2856 0.1874
v 0.0426 0.2820 0.1889
v -0.9560 0.2775 0.2064
v -0.0379 0.2861 0.1922
v -0.0326 0.2876 0.1855
v 0.0284 0.3014 0.1857
v 0.0448 0.2862 0.1914
v 0.8313 0.2852 0.1927
v -0.8305 0.2834 0.1931
v -0.0275 0.3014 0.1839
v -0.0199 0.3019 0.1911
v 0.7894 0.2480 0.2122
v 0.7418 0.2985 0.1955
v -0.9414 0.2978 0.1983
v 0.0248 0.3023 0.1914
v -0.9015 0.3224 0.1912
v -0.8832 0.3211 0.1851
v -0.5306 0.3161 0.1984
v 0.8883 0.3188 0.1869
v 0.9062 0.3324 0.1867
v -0.0129 0.3505 0.1922
v -0.0367 0.3699 0.1867
v 0.0370 0.3578 0.1978
v -0.1589 0.3607 0.1983
v 0.0622 0.3857 0.1943
v 0.0901 0.3944 0.1947
v 0.3276 -0.4423 0.1977
v -0.2521 -0.3884 0.1931
v 0.2861 -0.3920 0.2005
v 0.2433 -0.3860 0.1937
v -0.4748 -0.3577 0.2130
v -0.2270 -0.3734 0.1971
v -0.1847 -0.3785 0.1876
v 0.5042 -0.3782 0.1794
v 0.2314 -0.3603 0.1977
v -0.5641 -0.3360 0.2087
v 0.2169 -0.3261 0.1932
v 0.6121 -0.2987 0.2064
v -0.3188 -0.3025 0.1993
v -0.3071 -0.3030 0.1995
v -0.3008 -0.3098 0.1919
v -0.1331 -0.3087 0.1929
v 0.2075 -0.3124 0.1936
v -0.3895 -0.2969 0.2001
v -0.3280 -0.2942 0.1985
v -0.1527 -0.2950 0.1944
v 0.1461 -0.3005 0.1951
v 0.2499 -0.3057 0.2063
v 0.3970 -0.2968 0.2001
v 0.4254 -0.2947 0.1985
v -0.4241 -0.2926 0.1992
v -0.3088 -0.2926 0.1967
v -0.2197 -0.2907 0.1937
v -0.1349 -0.2911 0.1994
v 0.1501 -0.2777 0.1942
v 0.1869 -0.2896 0.1921
v 0.3060 -0.2950 0.1930
v 0.3186 -0.2909 0.1976
v 0.3861 -0.2886 0.2001
v 0.4224 -0.2885 0.1963
v 0.4361 -0.2926 0.2046
v -0.3927 -0.2833 0.1984
v -0.2336 -0.2814 0.1935
v 0.0994 -0.2844 0.1985
v 0.2535 -0.2813 0.2025
v -0.0710 -0.2599 0.1959
v -0.6112 -0.2716 0.2123
v 0.1306 -0.2558 0.1997
v 0.6352 -0.2491 0.1931
v -0.0571 -0.2449 0.1954
v 0.0617 -0.2450 0.1949
v 0.1162 -0.2303 0.1979
v -0.3194 -0.2257 0.2003
v -0.3065 -0.2231 0.2015
v -0.1113 -0.2286 0.2008
v 0.3137 -0.2257 0.2015
v -0.3468 -0.2261 0.2001
v -0.3047 -0.2192 0.1980
v -0.1999 -0.2193 0.1921
v 0.0280 -0.2160 0.1953
v 0.3056 -0.2174 0.1981
v 0.3546 -0.2255 0.2011
v -0.3427 -0.2152 0.1972
v 0.0104 -0.2012 0.1982
v 0.1110 -0.2117 0.1995
v 0.2058 -0.2237 0.1897
v 0.8785 -0.2124 0.1996
v -0.7738 -0.2093 0.1785
v -0.3075 -0.2040 0.1913
v -0.3000 -0.2083 0.1974
v 0.0437 -0.2027 0.1919
v 0.3214 -0.2033 0.1889
v -0.0386 -0.1937 0.1986
v 0.3149 -0.1968 0.2037
v 0.9407 -0.1813 0.2092
v -0.3196 -0.1907 0.2002
v -0.0328 -0.1889 0.1983
v -0.0144 -0.1887 0.2004
v 0.0446 -0.1934 0.1999
v 0.1822 -0.2006 0.1980
v 0.3523 -0.1937 0.1924
v 0.3682 -0.1878 0.1995
v -0.3447 -0.1834 0.2065
v -0.3568 -0.1746 0.1919
v -0.3321 -0.1727 0.1938
v -0.3361 -0.1787 0.2001
v -0.3223 -0.1816 0.1950
v 0.0380 -0.1884 0.1985
v 0.3195 -0.1744 0.1936
v 0.3439 -0.1720 0.1932
v 0.3418 -0.1788 0.2013
v -0.0163 -0.1658 0.1944
v 0.3274 -0.1727 0.1901
v 0.3426 -0.1656 0.1984
v -0.0033 -0.1575 0.1931
v -0.6721 -0.1526 0.1943
v 0.6949 -0.1528 0.1921
v 0.7522 -0.1721 0.2064
v 0.7449 -0.1526 0.1981
v -0.7370 -0.1418 0.1994
v 0.7312 -0.1424 0.1905
v 0.7441 -0.1402 0.1929
v -0.7489 -0.1300 0.1921
v 0.7477 -0.1271 0.1856
v 0.7761 -0.1272 0.2076
v -0.7584 -0.1285 0.2109
v -0.2092 -0.1179 0.1964
v 0.2038 -0.1210 0.2065
v 0.5495 -0.1025 0.1885
v -0.2165 -0.1096 0.1906
v 0.1751 -0.1111 0.1967
v 0.2229 -0.1166 0.2126
v -0.7667 -0.1135 0.2067
v -0.5421 -0.1204 0.2135
v 0.1767 -0.1022 0.1959
v -0.4386 -0.1015 0.2011
v -0.1704 -0.1020 0.1966
v 0.1864 -0.0965 0.1968
v 0.4425 -0.1021 0.1998
v -0.2228 -0.0979 0.1931
v 0.2262 -0.0973 0.1985
v -0.4283 -0.0923 0.2043
v 0.4536 -0.0906 0.1991
v 0.5551 -0.0735 0.1881
v -0.4069 -0.0738 0.1971
v 0.4686 -0.0707 0.1997
v -0.5741 -0.0454 0.1963
v -0.4891 -0.0571 0.1980
v 0.5059 -0.0561 0.2076
v -0.7734 -0.0718 0.2072
v -0.4976 -0.0460 0.1986
v 0.3898 -0.0492 0.1955
v 0.4084 -0.0462 0.1965
v -0.4133 -0.0387 0.1988
v 0.4232 -0.0328 0.1915
v -0.4269 -0.0217 0.2057
v 0.5039 -0.0223 0.1996
v 0.7940 0.0128 0.1689
v 0.8591 -0.0430 0.2081
v -0.5018 -0.0260 0.1983
v -0.3833 -0.0147 0.2004
v 0.3856 -0.0169 0.2007
v 0.4254 -0.0200 0.1904
v 0.8784 -0.0270 0.2098
v -0.4726 -0.0056 0.1991
v -0.4233 -0.0152 0.1981
v -0.4215 -0.0133 0.2042
v -0.3667 -0.0178 0.1926
v -0.0029 -0.0133 0.1994
v 0.3710 -0.0126 0.1970
v 0.4184 -0.0114 0.2021
v 0.4298 -0.0111 0.2062
v 0.4890 -0.0151 0.2001
v -0.4607 -0.0011 0.1965
v -0.0266 0.0055 0.1979
v 0.4707 -0.0047 0.1976
v 0.8312 0.0106 0.1955
v -0.4067 -0.0014 0.1906
v 0.4142 -0.0052 0.1918
v 0.4106 0.0058 0.2057
v 0.4917 0.0053 0.1985
v -0.4868 -0.0000 0.1997
v -0.4490 0.0116 0.1926
v -0.3976 0.0062 0.1918
v -0.3752 -0.0007 0.2024
v 0.4435 0.0111 0.1930
v -0.8963 0.0170 0.2007
v -0.8835 0.0333 0.1922
v 0.8041 0.0156 0.2054
v 0.8794 0.0221 0.1928
v -0.4753 0.0211 0.1983
v 0.0723 0.0300 0.2048
v 0.4680 0.0368 0.2000
v 0.8077 0.0565 0.1903
v 0.8902 0.0535 0.1860
v 0.9055 0.0258 0.1985
v -0.4599 0.0375 0.2038
v -0.1084 0.0426 0.1948
v 0.1052 0.0457 0.1997
v 0.9106 0.0477 0.2001
v 0.9090 0.0356 0.1997
v -0.9079 0.0523 0.1996
v -0.0864 0.0466 0.2000
v 0.1003 0.0552 0.1917
v -0.9152 0.0524 0.2010
v -0.1119 0.0555 0.1988
v 0.0882 0.0566 0.2036
v 0.1142 0.0592 0.1945
v 0.1152 0.0505 0.1988
v 0.4668 0.0506 0.1942
v 0.7597 0.0542 0.2106
v -0.9150 0.0617 0.1939
v -0.2555 0.0624 0.2033
v -0.1644 0.0711 0.1909
v -0.1224 0.0538 0.1989
v -0.0864 0.0811 0.1990
v 0.1310 0.0600 0.1960
v 0.2599 0.0653 0.1989
v -0.9234 0.0747 0.2004
v 0.9125 0.0827 0.1917
v -0.9200 0.0842 0.2034
v -0.4337 0.0778 0.1994
v 0.7487 0.1015 0.1971
v 0.0936 0.0718 0.2096
v 0.5173 0.0714 0.2225
v 0.9334 0.0816 0.2045
v -0.4098 0.0843 0.2206
v 0.3871 0.0955 0.2021
v -0.9165 0.1146 0.1848
v -0.5290 0.0846 0.1845
v 0.9218 0.0974 0.1929
v 0.3611 0.1177 0.1978
v 0.1071 0.1078 0.2174
v 0.7469 0.1106 0.2052
v -0.9233 0.1260 0.1995
v 0.4910 0.1187 0.2117
v 0.9206 0.1368 0.1905
v -0.9258 0.1346 0.1984
v -0.7232 0.1203 0.2045
v -0.3614 0.1346 0.1974
v -0.3596 0.1290 0.2016
v 0.3670 0.1305 0.1991
v 0.7179 0.1425 0.1980
v -0.9303 0.1517 0.2058
v -0.7173 0.1454 0.1926
v -0.3494 0.1383 0.2096
v 0.9267 0.1501 0.1904
v -0.7128 0.1651 0.1985
v -0.1018 0.1736 0.1911
v 0.7081 0.1634 0.1985
v -1.0912 0.1367 0.2117
v -0.9246 0.1662 0.2088
v -0.7006 0.1611 0.1985
v 0.9202 0.1617 0.1918
v -0.6993 0.1705 0.1907
v 0.7176 0.1632 0.1991
v 0.1045 0.1696 0.1960
v 0.9452 0.1554 0.2089
v -0.9225 0.1805 0.2014
v -0.4397 0.2114 0.1932
v 0.9176 0.2014 0.1967
v -1.0767 0.1808 0.2039
v 0.9143 0.2052 0.2044
v -0.3029 0.1946 0.2097
v 0.3098 0.2133 0.1859
v 0.8915 0.2462 0.1863
v -1.0125 0.2231 0.2040
v -0.9033 0.2110 0.2115
v -0.4482 0.2413 0.2019
v -0.0668 0.2465 0.1933
v -0.0106 0.2519 0.1987
v -0.0011 0.2452 0.1934
v 0.0780 0.2468 0.2054
v 0.8838 0.2436 0.2035
v -0.0471 0.2558 0.1941
v 0.0537 0.2541 0.1938
v -0.9763 0.2470 0.2154
v -0.0533 0.2726 0.2009
v -0.0114 0.2573 0.1965
v 0.0681 0.2621 0.2039
v 0.9416 0.2583 0.2070
v -0.8608 0.2611 0.2004
v -0.0048 0.2709 0.1960
v 0.0306 0.2575 0.1949
v 0.9564 0.2882 0.1997
v -0.0371 0.2788 0.1982
v 0.0121 0.2717 0.1962
v 0.0459 0.2786 0.1990
v -0.9162 0.3015 0.1990
v -0.7847 0.2550 0.2088
v -0.0270 0.2888 0.2024
v 0.0413 0.2864 0.1969
v -0.0356 0.3001 0.2043
v 0.9245 0.2756 0.1999
v -0.5090 0.2992 0.1957
v -0.2049 0.3016 0.2127
v -0.9031 0.3018 0.1926
v 0.6970 0.3272 0.1859
v 0.9192 0.3109 0.1969
v 0.9422 0.2974 0.1997
v -0.5603 0.3083 0.2167
v -0.0113 0.3276 0.1998
v 0.0187 0.3286 0.2004
v -0.0120 0.3381 0.1993
v 0.0107 0.3344 0.2004
v 0.0311 0.3413 0.2028
v -0.0325 0.3511 0.2024
v -0.0548 0.3833 0.1930
v 0.0488 0.3766 0.1999
v -0.1238 0.3824 0.2165
v -0.0989 0.3966 0.2059
v -0.0772 0.3977 0.1963
v 0.0720 0.3980 0.1975
v -0.2974 -0.4099 0.1984
v 0.3161 -0.4060 0.2057
v -0.4511 -0.3764 0.2088
v 0.2678 -0.3742 0.2046
v -0.2151 -0.3197 0.1942
v -0.2473 -0.3121 0.2056
v 0.2568 -0.3324 0.2087
v -0.4017 -0.3019 0.2073
v -0.3822 -0.3034 0.2069
v -0.3339 -0.3031 0.2077
v -0.3220 -0.3034 0.2074
v 0.3166 -0.3031 0.2046
v 0.3358 -0.3040 0.2126
v -0.5907 -0.3068 0.2141
v -0.4299 -0.2922 0.2067
v -0.3055 -0.2978 0.2087
v 0.2703 -0.2961 0.2112
v 0.3064 -0.2915 0.2036
v 0.3508 -0.3019 0.2067
v 0.3884 -0.3033 0.2066
v 0.4137 -0.2980 0.2072
v -0.3726 -0.2946 0.2048
v -0.3066 -0.2880 0.2070
v -0.2656 -0.2882 0.2064
v -0.2491 -0.2893 0.2068
v -0.1056 -0.2866 0.2004
v 0.2527 -0.2903 0.2073
v -0.4166 -0.2809 0.2023
v -0.3859 -0.2764 0.2065
v -0.3402 -0.2929 0.2043
v -0.1305 -0.2742 0.1996
v 0.3147 -0.2816 0.2060
v 0.3284 -0.2935 0.1983
v 0.3393 -0.2812 0.2046
v 0.3757 -0.2833 0.2047
v -0.3443 -0.2655 0.2089
v -0.3271 -0.2760 0.2063
v -0.3198 -0.2759 0.2098
v -0.2555 -0.2730 0.2074
v -0.1151 -0.2738 0.2055
v -0.0926 -0.2722 0.2049
v 0.1154 -0.2807 0.2036
v 0.2718 -0.2745 0.2113
v 0.3596 -0.2724 0.2073
v 0.4243 -0.2800 0.2039
v -0.2541 -0.2644 0.2063
v -0.1251 -0.2665 0.2082
v -0.0747 -0.2615 0.2051
v 0.1285 -0.2663 0.2048
v 0.2610 -0.2694 0.2081
v -0.1313 -0.2570 0.2051
v 0.0717 -0.2602 0.2152
v 0.1367 -0.2549 0.2059
v 0.1502 -0.2452 0.2072
v -0.1461 -0.2482 0.2074
v -0.3434 -0.2346 0.2086
v -0.0110 -0.2254 0.2059
v 0.1276 -0.2362 0.2070
v 0.2509 -0.2312 0.2108
v -0.3623 -0.2326 0.2154
v -0.3354 -0.2260 0.2075
v -0.3106 -0.2336 0.2017
v 0.0176 -0.2270 0.2069
v 0.1094 -0.2206 0.2120
v 0.3160 -0.2258 0.2049
v 0.6062 -0.2176 0.2056
v -0.0079 -0.2154 0.1997
v 0.1024 -0.2125 0.2125
v -0.2873 -0.2178 0.2140
v -0.8120 -0.2138 0.1959
v -0.3651 -0.1909 0.1998
v -0.3286 -0.2096 0.2047
v -0.3164 -0.2084 0.2070
v -0.3090 -0.2013 0.2077
v -0.1061 -0.2068 0.2091
v 0.3265 -0.2103 0.2048
v 0.3348 -0.1972 0.2035
v 0.3752 -0.2125 0.2100
v -0.7898 -0.1895 0.1968
v -0.1759 -0.1918 0.2072
v 0.0486 -0.1937 0.2048
v -0.0435 -0.1891 0.2116
v -0.0197 -0.1870 0.2121
v 0.0034 -0.1884 0.2057
v 0.0180 -0.1836 0.2060
v 0.0252 -0.1869 0.2105
v 0.3276 -0.1821 0.1956
v 0.3496 -0.1875 0.2044
v 0.8092 -0.1898 0.2069
v -0.9046 -0.2011 0.2002
v -0.7543 -0.1793 0.2054
v -0.0125 -0.1840 0.2094
v 0.1347 -0.1865 0.2029
v 0.3321 -0.1806 0.2129
v 0.3685 -0.1814 0.2102
v 0.5677 -0.1706 0.2054
v 0.7610 -0.1819 0.2064
v -0.9434 -0.1738 0.2252
v -0.3174 -0.1735 0.2108
v 0.3555 -0.1730 0.2121
v -0.7084 -0.1489 0.1826
v -0.0115 -0.1509 0.2051
v -0.7482 -0.1511 0.2027
v -0.6408 -0.1419 0.1843
v -0.5575 -0.1733 0.2157
v 0.0161 -0.1553 0.2033
v -0.7382 -0.1477 0.2083
v 0.0014 -0.1473 0.2030
v 0.6463 -0.1454 0.1898
v -0.9956 -0.1347 0.2198
v 0.7652 -0.1206 0.2054
v -0.4371 -0.1107 0.2092
v -0.1668 -0.1201 0.2181
v 0.6181 -0.1262 0.1989
v -0.1614 -0.1055 0.2081
v 0.1676 -0.1048 0.2071
v 0.5524 -0.0846 0.1905
v -0.8113 -0.0971 0.2091
v -0.5847 -0.0810 0.1997
v 0.1573 -0.1005 0.2106
v 0.4418 -0.1124 0.2123
v 0.8083 -0.1060 0.2095
v -0.1735 -0.0887 0.2015
v -0.1582 -0.0930 0.2086
v 0.2282 -0.0957 0.2135
v -0.4659 -0.0733 0.2000
v -0.4220 -0.0951 0.2136
v 0.1798 -0.0887 0.2019
v 0.4335 -0.0883 0.2001
v 0.4554 -0.0749 0.2118
v -0.5363 -0.0863 0.2091
v -0.3923 -0.0708 0.2137
v -0.5249 -0.0821 0.2158
v -0.4726 -0.0643 0.2029
v -0.4665 -0.0544 0.2078
v 0.7839 -0.0483 0.1865
v -1.0573 -0.0557 0.2335
v -0.4902 -0.0613 0.2109
v -0.3846 -0.0618 0.2130
v 0.4883 -0.0581 0.2044
v 0.5356 -0.0520 0.1955
v -0.4787 -0.0582 0.2073
v 0.4760 -0.0567 0.2121
v 0.8633 -0.0510 0.2124
v -0.5030 -0.0562 0.2057
v -0.4031 -0.0473 0.2034
v 0.5168 -0.0412 0.2000
v 0.5035 -0.0369 0.1986
v -0.4223 -0.0286 0.2142
v 0.0170 -0.0219 0.2085
v -1.0709 -0.0318 0.2219
v 0.3719 -0.0178 0.1992
v 0.4342 -0.0203 0.2066
v -0.8262 0.0142 0.1940
v -0.7752 -0.0288 0.2045
v -0.3776 -0.0115 0.2138
v -0.3700 -0.0055 0.2122
v 0.8888 -0.0125 0.2047
v -0.8826 -0.0054 0.2065
v -0.7639 0.0088 0.2182
v 0.3763 -0.0054 0.2035
v -1.0812 -0.0044 0.2267
v -0.8939 0.0065 0.2073
v 0.4125 0.0006 0.2076
v 0.4666 0.0041 0.1998
v 0.8885 0.0119 0.2001
v 0.8955 -0.0018 0.2084
v -0.8937 0.0086 0.1992
v -0.4675 0.0073 0.2016
v 0.4351 0.0222 0.2075
v 0.4553 0.0128 0.2119
v 0.4789 0.0148 0.2006
v 0.9040 0.0059 0.2095
v -0.4591 0.0201 0.2071
v -0.4111 0.0014 0.2044
v 0.8979 0.0143 0.1993
v 0.9042 0.0140 0.2007
v -0.8906 0.0213 0.1990
v -0.4561 0.0226 0.2040
v -0.4405 0.0275 0.2076
v 0.4582 0.0219 0.2018
v 0.4667 0.0237 0.2038
v 0.8964 0.0286 0.1995
v -0.9117 0.0353 0.2000
v -0.7562 0.0363 0.2168
v -0.0780 0.0397 0.2062
v 0.9113 0.0294 0.2009
v -0.9155 0.0440 0.2079
v -0.9027 0.0413 0.2021
v -0.0944 0.0425 0.1989
v 0.0903 0.0440 0.2007
v -0.4603 0.0502 0.2067
v -0.0848 0.0565 0.2026
v 0.0853 0.0463 0.2074
v 0.9185 0.0449 0.2022
v 0.9188 0.0504 0.2040
v -1.0921 0.0361 0.2217
v -0.9225 0.0529 0.2083
v -0.9185 0.0587 0.2110
v -0.7576 0.0504 0.2097
v 0.4494 0.0691 0.2007
v 0.9305 0.0616 0.2092
v -0.2616 0.0687 0.1991
v 0.7675 0.0543 0.2164
v 0.9317 0.0734 0.2114
v -0.9285 0.0757 0.2155
v 0.4313 0.0839 0.2115
v 0.9214 0.0861 0.2010
v -0.9299 0.0961 0.2000
v -0.7615 0.0951 0.2014
v 0.9343 0.0955 0.2067
v 1.0986 0.1167 0.2118
v -0.9219 0.0881 0.1977
v -0.7429 0.1240 0.2003
v -0.9300 0.1269 0.1997
v -0.7385 0.0973 0.2052
v -0.3476 0.1032 0.2104
v -0.9304 0.1162 0.2111
v 0.7295 0.1120 0.2057
v 0.7250 0.1243 0.2070
v 0.9340 0.1277 0.2083
v 0.3604 0.1274 0.2002
v 0.9289 0.1339 0.2047
v -0.7278 0.1394 0.2004
v -0.7270 0.1283 0.2130
v 0.7229 0.1340 0.1995
v 0.7394 0.1282 0.2042
v -0.9343 0.1445 0.1957
v -0.9309 0.1293 0.2115
v -0.7136 0.1402 0.2027
v 0.7136 0.1454 0.1985
v 0.7178 0.1387 0.2054
v 0.7236 0.1491 0.1987
v 0.7246 0.1376 0.2038
v -0.7116 0.1518 0.1987
v 0.3641 0.1380 0.1983
v 0.9292 0.1629 0.2057
v 0.9276 0.1764 0.2039
v 0.3270 0.1821 0.1960
v 0.4703 0.1548 0.2140
v 0.9226 0.1866 0.1999
v 0.1048 0.1964 0.2247
v 1.0652 0.2070 0.1989
v -0.9271 0.1939 0.1963
v 1.0142 0.2226 0.2029
v -0.8766 0.2347 0.2107
v 0.9875 0.2453 0.2131
v -0.2631 0.2381 0.2073
v 0.8519 0.2590 0.2036
v -0.0011 0.2793 0.2068
v -0.9373 0.2797 0.2055
v -0.9224 0.2771 0.2001
v -0.0395 0.2922 0.1989
v 0.0120 0.2946 0.2094
v 0.0242 0.2808 0.2014
v 0.5035 0.2632 0.2248
v 0.9441 0.2769 0.2078
v 0.0408 0.2995 0.2036
v 0.0539 0.2802 0.2011
v 0.1927 0.3303 0.2039
v 0.5298 0.2800 0.2202
v -0.0111 0.3152 0.2068
v 0.0284 0.3147 0.2057
v 0.0132 0.3253 0.2064
v 0.0449 0.3241 0.2089
v -0.1827 0.3266 0.2125
v -0.0303 0.3289 0.2057
v -0.0093 0.3317 0.2058
v 0.0403 0.3409 0.2103
v 0.0399 0.3606 0.2086
v -0.0550 0.3985 0.2013
v 0.1026 0.3999 0.2106
v 0.0466 0.4114 0.2146
v -0.0809 0.4194 0.2190
v -0.0608 0.4253 0.2156
v 0.0700 0.4189 0.2120
v 0.3809 -0.4390 0.2023
v 0.4082 -0.4251 0.2058
v -0.2924 -0.3925 0.2054
v 0.4376 -0.4042 0.2036
v -0.4034 -0.4147 0.2113
v -0.2640 -0.3759 0.2044
v -0.2767 -0.3453 0.2165
v -0.5277 -0.3483 0.2065
v -0.2581 -0.3315 0.2093
v 0.2562 -0.3236 0.2149
v -0.2390 -0.3049 0.2130
v 0.2447 -0.3057 0.2125
v -0.3187 -0.3023 0.2136
v -0.3026 -0.3012 0.2143
v -0.2635 -0.3006 0.2134
v 0.2272 -0.3023 0.2165
v -0.2422 -0.2841 0.2117
v 0.2322 -0.2725 0.2153
v 0.2543 -0.2860 0.2142
v -0.2509 -0.2915 0.2133
v 0.2510 -0.2789 0.2104
v 0.4255 -0.2913 0.2146
v -0.4026 -0.2796 0.2155
v -0.3945 -0.2775 0.2090
v -0.3359 -0.2698 0.2179
v -0.2590 -0.2732 0.2144
v 0.3213 -0.2799 0.2144
v 0.3976 -0.2781 0.2080
v -0.3472 -0.2644 0.2144
v 0.1065 -0.2734 0.2081
v 0.3336 -0.2685 0.2123
v 0.3364 -0.2656 0.2102
v 0.3551 -0.2610 0.2138
v 0.3908 -0.2800 0.2034
v -0.3589 -0.2550 0.2158
v -0.2518 -0.2501 0.2078
v 0.2545 -0.2540 0.2079
v 0.6303 -0.2728 0.1994
v -0.1592 -0.2471 0.2132
v -0.0387 -0.2428 0.2087
v -0.2462 -0.2391 0.2081
v 0.0424 -0.2448 0.2116
v 0.1593 -0.2363 0.2137
v -0.1732 -0.2298 0.2193
v -0.1396 -0.2295 0.2199
v 0.1330 -0.2295 0.2185
v 0.2426 -0.2375 0.2170
v 0.3528 -0.2295 0.2104
v -0.1529 -0.2334 0.2155
v -0.1254 -0.2310 0.2107
v -0.1035 -0.2203 0.2150
v -0.0076 -0.2245 0.2155
v 0.0205 -0.2294 0.2142
v 0.1636 -0.2274 0.2156
v 0.3353 -0.2264 0.2070
v 0.3711 -0.2316 0.2202
v -0.5954 -0.2369 0.2170
v -0.3698 -0.2146 0.2098
v -0.3079 -0.2169 0.2082
v -0.2460 -0.2201 0.2117
v 0.2593 -0.2190 0.2186
v 0.3050 -0.2191 0.2056
v -0.3176 -0.2134 0.2137
v 0.2508 -0.2224 0.2098
v 0.3029 -0.2173 0.2134
v 0.3076 -0.2075 0.2126
v -0.3305 -0.2103 0.2146
v -0.2183 -0.2107 0.2070
v -0.0857 -0.2088 0.2198
v 0.0572 -0.1966 0.2143
v 0.3133 -0.2046 0.2131
v -0.5667 -0.1956 0.2183
v -0.3386 -0.1958 0.2223
v -0.0615 -0.1988 0.2148
v -0.0620 -0.1907 0.2151
v 0.0772 -0.1997 0.2148
v 0.3155 -0.1967 0.2209
v 0.8462 -0.2162 0.2033
v 0.9260 -0.1896 0.2166
v -0.9083 -0.1955 0.2154
v -0.2929 -0.1935 0.2150
v -0.1068 -0.1935 0.2106
v 0.0156 -0.1858 0.2142
v 0.1200 -0.1868 0.2101
v 0.2963 -0.1991 0.2094
v 0.3286 -0.1882 0.2185
v 0.3849 -0.1891 0.2191
v -0.3388 -0.1825 0.2151
v -0.1542 -0.1872 0.2053
v -0.1304 -0.1857 0.2050
v -0.1194 -0.1866 0.2076
v 0.0447 -0.1891 0.2092
v 0.1619 -0.1874 0.2057
v 0.3464 -0.1810 0.2098
v -0.7566 -0.1727 0.2097
v -0.0286 -0.1724 0.2097
v 0.5478 -0.1314 0.2142
v -0.7080 -0.1590 0.2228
v 0.0363 -0.1728 0.2137
v 0.7493 -0.1430 0.2128
v -0.7755 -0.1373 0.2159
v -0.2127 -0.1372 0.2248
v -0.1834 -0.1337 0.2227
v 0.6319 -0.1376 0.2281
v -0.4373 -0.1166 0.2138
v -0.4317 -0.1211 0.2151
v 0.0119 -0.1275 0.2133
v 0.4376 -0.1147 0.2137
v -0.7794 -0.1184 0.2018
v -0.5982 -0.1053 0.1922
v -0.2280 -0.1061 0.2137
v 0.0050 -0.1101 0.2145
v 0.7777 -0.0926 0.1982
v -0.4313 -0.1045 0.2138
v -0.1431 -0.1021 0.2155
v 0.2376 -0.1045 0.2203
v 0.4285 -0.0953 0.2139
v -0.4411 -0.0942 0.2120
v 0.1503 -0.1017 0.2161
v 0.4158 -0.0919 0.2199
v -0.4409 -0.0867 0.2154
v -0.2020 -0.0953 0.2025
v -0.1782 -0.0940 0.2007
v 0.1609 -0.0893 0.2096
v -0.4081 -0.0886 0.2194
v 0.1823 -0.0883 0.2144
v 0.3983 -0.0717 0.2067
v -1.0433 -0.0764 0.2333
v -0.4580 -0.0633 0.2170
v 0.3897 -0.0613 0.2079
v 0.4922 -0.0663 0.2175
v 0.5179 -0.0687 0.2123
v 0.8552 -0.0679 0.2217
v 0.4665 -0.0600 0.2139
v -0.0021 -0.0632 0.2181
v -0.8646 -0.0421 0.2136
v -0.8555 -0.0471 0.2140
v -0.0237 -0.0394 0.2166
v 0.3994 -0.0497 0.2113
v 0.4247 -0.0310 0.2092
v -0.8641 -0.0400 0.2074
v -0.4008 -0.0463 0.2141
v -0.0010 -0.0366 0.2109
v 0.8181 -0.0114 0.2078
v 0.8566 -0.0309 0.2079
v -0.8657 -0.0355 0.2140
v -0.8686 -0.0270 0.2078
v -0.8604 -0.0087 0.2009
v -0.0192 -0.0128 0.2075
v 0.8735 -0.0358 0.2150
v -0.8825 -0.0171 0.2140
v -0.8776 -0.0196 0.2076
v 0.8681 -0.0165 0.2045
v 0.8828 -0.0158 0.2107
v 0.8828 -0.0207 0.2081
v -0.4378 -0.0111 0.2122
v 1.0828 -0.0093 0.2014
v -0.8856 -0.0114 0.2076
v -0.4462 -0.0021 0.2083
v -0.4384 -0.0038 0.2122
v -0.4260 -0.0087 0.2177
v 0.4277 -0.0109 0.2207
v 0.4359 -0.0059 0.2096
v 0.8970 -0.0034 0.2137
v -0.8917 -0.0032 0.2132
v -0.4548 0.0105 0.2081
v -0.4507 0.0006 0.2142
v -0.4481 0.0085 0.2144
v 0.0455 0.0007 0.2230
v 0.9031 0.0085 0.2139
v -0.7887 0.0202 0.2102
v -0.3797 0.0119 0.2177
v -0.0567 0.0221 0.2109
v 0.3859 0.0111 0.2046
v 0.9036 0.0205 0.2070
v 0.9081 0.0165 0.2127
v -0.9141 0.0267 0.2147
v -0.9059 0.0232 0.2091
v -0.3987 0.0180 0.2095
v 0.4027 0.0133 0.2063
v 0.7606 0.0336 0.2181
v 0.9223 0.0272 0.2176
v 1.1000 0.0503 0.2109
v -0.9156 0.0359 0.2126
v -0.7834 0.0524 0.2030
v 0.0586 0.0176 0.2205
v 0.7599 0.0335 0.2297
v -0.9219 0.0419 0.2147
v 0.4599 0.0382 0.2085
v 0.9170 0.0346 0.2118
v -0.9230 0.0501 0.2181
v -0.4595 0.0475 0.2146
v -0.2584 0.0539 0.2137
v 0.4604 0.0551 0.2110
v 0.9280 0.0480 0.2148
v -0.2549 0.0592 0.2121
v 0.0859 0.0435 0.2165
v 0.9227 0.0643 0.2084
v -0.9293 0.0655 0.2142
v -0.7409 0.0640 0.2171
v -0.9281 0.0878 0.2044
v -0.4606 0.0794 0.2264
v 0.9565 0.0721 0.2323
v -0.7470 0.0905 0.2131
v -0.7377 0.0790 0.2137
v -0.4353 0.0837 0.2210
v -0.9307 0.0911 0.2198
v -0.7296 0.0952 0.2147
v -0.3726 0.0920 0.2149
v 0.3677 0.0915 0.2158
v 0.4157 0.0865 0.2143
v 0.3410 0.1105 0.2163
v 0.3509 0.1000 0.2133
v 0.7350 0.0942 0.2111
v 0.7272 0.1036 0.2151
v -0.9336 0.1050 0.2148
v -0.7236 0.1011 0.2121
v -0.7212 0.1168 0.2127
v -0.7316 0.1201 0.2079
v -0.7158 0.1147 0.2122
v 0.7239 0.1129 0.2131
v 0.7342 0.1125 0.2130
v -0.9375 0.1233 0.2185
v -0.7170 0.1260 0.2139
v 0.9624 0.1065 0.2265
v -0.7170 0.1293 0.2057
v -0.4551 0.1749 0.2004
v 0.3088 0.1637 0.2261
v 0.9267 0.1619 0.2204
v 0.9633 0.1504 0.2191
v -0.9393 0.1784 0.2012
v -0.9180 0.1702 0.2191
v -1.0670 0.1681 0.2151
v -1.0306 0.1656 0.2210
v 1.0543 0.1802 0.2134
v 0.4638 0.1903 0.2273
v 0.9062 0.2110 0.2117
v -0.9541 0.2304 0.2153
v -1.0203 0.2022 0.2099
v -0.0828 0.2262 0.1994
v 0.0950 0.2164 0.2177
v 0.4640 0.2116 0.2255
v 0.8424 0.1969 0.2249
v 0.8851 0.2183 0.2159
v -0.9548 0.2572 0.2140
v 0.2621 0.2312 0.2142
v 0.9586 0.2344 0.2152
v -0.9404 0.2537 0.2082
v -0.0647 0.2663 0.2081
v 0.4897 0.2460 0.2294
v -0.2410 0.2611 0.2104
v 0.9607 0.2628 0.2111
v -0.0043 0.2879 0.2107
v 0.0083 0.3014 0.2150
v -0.0481 0.3105 0.2160
v 0.0581 0.2998 0.2197
v -0.6422 0.2803 0.2354
v -0.5958 0.3013 0.2276
v -0.0011 0.3177 0.2145
v 0.5781 0.2905 0.2319
v 0.5998 0.3019 0.2269
v -0.0403 0.3670 0.2007
v 0.0336 0.3864 0.2224
v -0.0958 0.4070 0.2222
v 0.0567 0.4304 0.2198
v -0.3343 -0.4442 0.1979
v -0.3308 -0.4080 0.2106
v 0.3541 -0.4063 0.2148
v -0.4080 -0.3676 0.2284
v 0.3135 -0.3570 0.2254
v 0.2972 -0.3481 0.2231
v 0.5461 -0.3446 0.2069
v -0.2559 -0.3230 0.2147
v -0.2465 -0.3053 0.2082
v 0.5796 -0.3230 0.2118
v 0.2236 -0.3109 0.2250
v -0.3894 -0.3026 0.2147
v -0.3350 -0.3028 0.2144
v -0.2200 -0.2971 0.2175
v 0.3141 -0.3021 0.2137
v 0.3627 -0.3031 0.2140
v -0.4240 -0.2918 0.2132
v -0.4060 -0.2910 0.2161
v -0.2631 -0.2926 0.2159
v 0.3220 -0.2907 0.2163
v 0.3607 -0.2925 0.2212
v 0.3953 -0.3029 0.2140
v -0.4009 -0.2783 0.2206
v -0.3245 -0.2814 0.2165
v -0.3041 -0.2852 0.2144
v -0.2737 -0.2855 0.2138
v 0.2678 -0.2741 0.2161
v 0.3008 -0.2840 0.2149
v 0.4059 -0.2823 0.2162
v -0.5754 -0.3027 0.2220
v -0.3369 -0.2801 0.2233
v -0.2211 -0.2690 0.2186
v -0.1107 -0.2740 0.2173
v 0.1201 -0.2754 0.2219
v 0.1361 -0.2717 0.2181
v -0.3476 -0.2708 0.2216
v -0.1480 -0.2669 0.2180
v 0.1016 -0.2725 0.2272
v -0.3861 -0.2570 0.2239
v -0.3732 -0.2536 0.2212
v -0.3625 -0.2564 0.2204
v -0.2396 -0.2522 0.2142
v 0.1611 -0.2571 0.2147
v 0.3862 -0.2598 0.2206
v -0.1741 -0.2555 0.2257
v -0.0355 -0.2404 0.2178
v 0.0702 -0.2553 0.2247
v 0.1736 -0.2393 0.2140
v -0.1869 -0.2346 0.2254
v 0.0486 -0.2423 0.2235
v 0.1901 -0.2310 0.2228
v 0.5992 -0.2420 0.2181
v -0.3798 -0.2264 0.2274
v -0.3666 -0.2277 0.2215
v -0.1581 -0.2279 0.2151
v -0.1243 -0.2282 0.2221
v 0.0208 -0.2229 0.2206
v 0.1589 -0.2235 0.2257
v 0.1734 -0.2237 0.2211
v 0.3500 -0.2256 0.2170
v -0.3413 -0.2199 0.2166
v -0.1650 -0.2192 0.2261
v -0.0906 -0.2192 0.2248
v 0.2488 -0.2166 0.2247
v 0.3371 -0.2154 0.2160
v 0.3843 -0.2244 0.2291
v -0.3423 -0.2017 0.2250
v -0.3189 -0.2067 0.2147
v -0.3016 -0.2075 0.2152
v -0.1821 -0.2127 0.2229
v 0.2746 -0.2103 0.2231
v 0.2810 -0.2093 0.2192
v 0.2913 -0.2184 0.2140
v 0.3432 -0.2014 0.2203
v 0.5790 -0.2113 0.2196
v -0.2825 -0.1996 0.2208
v -0.2620 -0.2059 0.2223
v -0.0682 -0.2088 0.2230
v 0.0623 -0.2085 0.2245
v 0.0873 -0.2101 0.2208
v 0.2601 -0.2101 0.2228
v 0.2906 -0.1995 0.2184
v 0.3888 -0.1962 0.2212
v -0.8792 -0.2041 0.2163
v -0.8426 -0.2151 0.2039
v -0.3198 -0.1903 0.2242
v -0.3062 -0.1993 0.2185
v -0.2761 -0.1965 0.2235
v -0.0410 -0.1960 0.2218
v 0.0439 -0.1937 0.2195
v 0.1111 -0.1969 0.2106
v 0.2678 -0.2014 0.2233
v -0.3317 -0.1891 0.2244
v -0.0773 -0.2030 0.2182
v 0.0761 -0.1949 0.2197
v 0.3038 -0.1886 0.2197
v 0.3436 -0.1921 0.2226
v 0.8776 -0.2030 0.2169
v -0.3283 -0.1815 0.2159
v -0.1974 -0.1826 0.2217
v -0.0909 -0.1869 0.2179
v -0.0586 -0.1855 0.2206
v 0.2127 -0.1817 0.2264
v 0.3356 -0.1883 0.2254
v 0.3703 -0.1794 0.2296
v 0.7973 -0.1799 0.2287
v 0.8520 -0.1774 0.2280
v -0.3724 -0.1837 0.2169
v -0.3505 -0.1741 0.2234
v -0.3212 -0.1758 0.2193
v 0.1464 -0.1759 0.2156
v 0.1889 -0.1803 0.2204
v 0.3261 -0.1734 0.2238
v 0.7824 -0.1736 0.2256
v 0.1752 -0.1654 0.2271
v -0.6868 -0.1586 0.2202
v -0.0370 -0.1635 0.2178
v 0.7728 -0.1576 0.2193
v -0.7699 -0.1657 0.2202
v -0.6217 -0.1350 0.2160
v -0.4281 -0.1379 0.2201
v 0.1921 -0.1343 0.2239
v 0.2095 -0.1337 0.2215
v -0.4288 -0.1230 0.2211
v -0.4193 -0.1297 0.2219
v -0.2140 -0.1238 0.2158
v -0.0070 -0.1255 0.2134
v 0.1793 -0.1258 0.2167
v 0.2220 -0.1454 0.2266
v 0.4265 -0.1318 0.2208
v 0.4343 -0.1235 0.2215
v 0.4344 -0.1324 0.2161
v 0.2327 -0.1278 0.2241
v -0.1497 -0.1062 0.2257
v 0.5994 -0.1046 0.2247
v -0.7582 -0.1110 0.2424
v -0.4278 -0.0911 0.2202
v 0.4386 -0.0987 0.2163
v -0.2228 -0.0954 0.2153
v 0.3381 -0.0917 0.2273
v 0.4377 -0.0890 0.2210
v -0.7609 -0.0865 0.2435
v -0.4504 -0.0774 0.2227
v 0.5874 -0.0859 0.2404
v 0.8430 -0.0806 0.2222
v -0.4924 -0.0937 0.2363
v -0.3929 -0.0857 0.2279
v 0.0143 -0.0964 0.2217
v 0.4480 -0.0784 0.2230
v 0.4957 -0.0934 0.2358
v 1.0679 -0.0430 0.2139
v -0.8528 -0.0656 0.2221
v -0.4682 -0.0658 0.2217
v -0.3839 -0.0650 0.2259
v 0.4692 -0.0631 0.2210
v -0.8551 -0.0609 0.2154
v -0.8610 -0.0576 0.2221
v -0.8444 -0.0662 0.2213
v -0.8441 -0.0526 0.2152
v -0.4710 -0.0572 0.2140
v 0.0193 -0.0612 0.2206
v 0.8484 -0.0535 0.2141
v 0.8660 -0.0579 0.2226
v -0.8633 -0.0475 0.2123
v -0.8686 -0.0493 0.2209
v -0.8538 -0.0555 0.2221
v -0.8473 -0.0383 0.2098
v 0.8713 -0.0505 0.2212
v -0.5627 -0.0052 0.2035
v 0.8765 -0.0460 0.2152
v 0.8700 -0.0443 0.2211
v 0.8817 -0.0409 0.2224
v 0.7816 -0.0402 0.2326
v 0.8834 -0.0304 0.2197
v -0.4014 -0.0302 0.2225
v 0.0442 -0.0246 0.2281
v 0.4334 -0.0191 0.2192
v -0.9013 -0.0115 0.2271
v -0.8907 -0.0153 0.2173
v -0.4202 -0.0207 0.2232
v -0.3961 -0.0205 0.2229
v -0.3874 -0.0131 0.2211
v 0.3971 -0.0129 0.2132
v 0.7635 -0.0067 0.2372
v 0.8972 -0.0114 0.2156
v 0.8956 -0.0151 0.2173
v -0.3697 0.0009 0.2225
v -0.0446 0.0082 0.2218
v 0.3763 -0.0072 0.2132
v 0.9036 -0.0084 0.2160
v -0.8997 0.0014 0.2164
v -0.7556 -0.0067 0.2300
v 0.9038 0.0015 0.2163
v 0.9058 0.0003 0.2205
v 0.3764 0.0062 0.2222
v 0.9212 0.0135 0.2233
v -0.7466 0.0178 0.2300
v -0.5356 0.0315 0.2272
v 0.9182 0.0187 0.2209
v -0.9156 0.0225 0.2224
v -0.0811 0.0429 0.2168
v 0.9189 0.0307 0.2218
v -0.9307 0.0394 0.2239
v -0.9219 0.0287 0.2226
v -0.9157 0.0384 0.2168
v -0.4093 0.0201 0.2101
v 0.9270 0.0356 0.2232
v -0.4509 0.0418 0.2209
v 0.4423 0.0464 0.2225
v 0.4551 0.0413 0.2211
v 0.9226 0.0440 0.2195
v -0.9289 0.0512 0.2229
v -0.9334 0.0590 0.2193
v -0.9280 0.0635 0.2213
v -0.7640 0.0648 0.2128
v -0.7414 0.0463 0.2219
v 0.7429 0.0595 0.2221
v 0.9327 0.0679 0.2206
v -0.0901 0.0663 0.2123
v 0.4672 0.0726 0.2237
v 0.7428 0.0639 0.2160
v 0.7502 0.0689 0.2208
v 1.0990 0.0736 0.2180
v 0.7365 0.0675 0.2198
v 0.4575 0.0802 0.2208
v -0.9361 0.0815 0.2262
v -0.7375 0.0876 0.2147
v -0.7315 0.0767 0.2200
v -0.7267 0.0942 0.2206
v -0.3397 0.0782 0.2287
v 0.3856 0.0777 0.2279
v 0.4202 0.0818 0.2235
v 0.4369 0.0869 0.2227
v 0.7370 0.0952 0.2164
v 0.9356 0.0865 0.2191
v 0.9432 0.0868 0.2271
v -0.1045 0.1145 0.2189
v -1.0856 0.0938 0.2284
v -0.9382 0.0981 0.2260
v -0.7326 0.1049 0.2150
v -0.4899 0.1134 0.2146
v -0.3240 0.0937 0.2240
v 0.5019 0.1018 0.2308
v -0.9450 0.1316 0.2136
v -0.3353 0.1247 0.2171
v 0.9344 0.1552 0.2087
v 0.3468 0.1370 0.2110
v 1.0800 0.1354 0.2218
v -1.0707 0.1475 0.2217
v 0.4926 0.1243 0.2332
v -1.0338 0.1462 0.2234
v -0.9236 0.1444 0.2302
v -0.3214 0.1460 0.2219
v 0.1133 0.1411 0.2289
v 1.0816 0.1509 0.2148
v -0.0994 0.1958 0.2183
v 0.9114 0.1899 0.2209
v -1.0063 0.1866 0.2310
v -0.8368 0.1886 0.2279
v -0.2820 0.1979 0.2211
v 0.3006 0.1976 0.2131
v -0.9711 0.2335 0.2219
v -0.4485 0.2234 0.2099
v -0.9902 0.2211 0.2225
v -0.2315 0.2175 0.2307
v -0.4850 0.2695 0.2127
v 0.9788 0.2360 0.2205
v -0.7434 0.2428 0.2284
v -0.4919 0.2402 0.2348
v 0.0819 0.2533 0.2331
v 0.0015 0.2833 0.2192
v 0.0665 0.2794 0.2216
v 0.6320 0.2805 0.2389
v -0.0007 0.3181 0.2250
v -0.0416 0.3218 0.2099
v 0.0046 0.3167 0.2182
v -0.0373 0.3524 0.2089
v 0.1602 0.3489 0.2133
v -0.1495 0.3476 0.2222
v 0.0403 0.3477 0.2268
v 0.1258 0.3839 0.2136
v -0.0317 0.4116 0.2262
v -0.0411 0.4280 0.2235
v 0.0364 0.4178 0.2282
v 0.4074 -0.3958 0.2187
v -0.3258 -0.3591 0.2293
v 0.3421 -0.3655 0.2293
v -0.2953 -0.3530 0.2220
v 0.3409 -0.3570 0.2366
v 0.3106 -0.3497 0.2317
v 0.4428 -0.3531 0.2221
v -0.2900 -0.3433 0.2239
v 0.4614 -0.3661 0.2112
v -0.2711 -0.3303 0.2174
v -0.2412 -0.3265 0.2269
v 0.2773 -0.3339 0.2187
v 0.4955 -0.3454 0.2181
v 0.2450 -0.3260 0.2273
v -0.2246 -0.3164 0.2266
v -0.5054 -0.3296 0.2248
v -0.3892 -0.2851 0.2228
v -0.3544 -0.2789 0.2242
v 0.3309 -0.2826 0.2224
v -0.5100 -0.2914 0.2381
v 0.3518 -0.2731 0.2227
v 0.3949 -0.2836 0.2225
v -0.0943 -0.2718 0.2277
v 0.1447 -0.2746 0.2304
v 0.3888 -0.2658 0.2240
v 0.3996 -0.2722 0.2226
v -0.3984 -0.2677 0.2229
v -0.4019 -0.2603 0.2319
v 0.1026 -0.2656 0.2357
v 0.1556 -0.2703 0.2248
v 0.2148 -0.2849 0.2262
v 0.3686 -0.2562 0.2208
v 0.4096 -0.2591 0.2334
v -0.4078 -0.2566 0.2278
v -0.3933 -0.2559 0.2218
v -0.0633 -0.2576 0.2206
v 0.3936 -0.2589 0.2220
v -0.3941 -0.2478 0.2277
v 0.2069 -0.2530 0.2362
v 0.4104 -0.2574 0.2260
v -0.5634 -0.2565 0.2315
v 0.2183 -0.2307 0.2375
v -0.2510 -0.2214 0.2169
v -0.1323 -0.2312 0.2330
v -0.1090 -0.2312 0.2319
v 0.1240 -0.2338 0.2342
v 0.2355 -0.2198 0.2350
v -0.2000 -0.2108 0.2308
v -0.0809 -0.2306 0.2310
v -0.0183 -0.2203 0.2218
v 0.0923 -0.2213 0.2271
v 0.1433 -0.2283 0.2299
v -0.5375 -0.2168 0.2387
v -0.3918 -0.1936 0.2284
v -0.2639 -0.2095 0.2248
v -0.2542 -0.2123 0.2233
v -0.0426 -0.2184 0.2302
v 0.0357 -0.2138 0.2253
v 0.1910 -0.2083 0.2288
v -0.2755 -0.2038 0.2283
v -0.1868 -0.2013 0.2293
v -0.0298 -0.2071 0.2243
v 0.1775 -0.2028 0.2318
v 0.2629 -0.2001 0.2372
v -0.2775 -0.1911 0.2304
v -0.0234 -0.1984 0.2233
v 0.0205 -0.1960 0.2221
v 0.2024 -0.1881 0.2278
v 0.2893 -0.1954 0.2280
v 0.3971 -0.1982 0.2282
v 0.5563 -0.1915 0.2281
v -0.3014 -0.1830 0.2375
v -0.2895 -0.1932 0.2248
v -0.2905 -0.1881 0.2275
v -0.2695 -0.1834 0.2292
v -0.2383 -0.1954 0.2203
v -0.1960 -0.1866 0.2263
v 0.1864 -0.1882 0.2289
v 0.2748 -0.1959 0.2295
v -0.2880 -0.1837 0.2302
v -0.2090 -0.1826 0.2368
v -0.1897 -0.1789 0.2224
v 0.2223 -0.1870 0.2217
v 0.2999 -0.1814 0.2299
v 0.4037 -0.1858 0.2367
v 0.9019 -0.1951 0.2230
v 0.9317 -0.1812 0.2266
v -0.7744 -0.1781 0.2223
v -0.3451 -0.1719 0.2296
v -0.3025 -0.1832 0.2267
v -0.1763 -0.1716 0.2272
v 0.1761 -0.1750 0.2345
v 0.2535 -0.1838 0.2254
v -0.2181 -0.1766 0.2253
v -0.2097 -0.1709 0.2305
v 0.2260 -0.1752 0.2255
v 0.3501 -0.1729 0.2282
v -0.1700 -0.1551 0.2310
v -0.1588 -0.1651 0.2241
v -0.1119 -0.1739 0.2194
v 0.0557 -0.1855 0.2182
v -0.2168 -0.1607 0.2277
v -0.2075 -0.1533 0.2304
v 0.0748 -0.1622 0.2260
v 0.1750 -0.1545 0.2303
v 0.6933 -0.1593 0.2226
v 0.7990 -0.1608 0.2369
v -0.2080 -0.1413 0.2296
v -0.1802 -0.1379 0.2284
v -0.1662 -0.1461 0.2287
v 0.1815 -0.1434 0.2326
v -0.2294 -0.1337 0.2247
v 0.1754 -0.1382 0.2270
v 0.2100 -0.1425 0.2287
v 1.0001 -0.1317 0.2279
v -0.1878 -0.1331 0.2431
v 0.1962 -0.1335 0.2362
v 0.7948 -0.1402 0.2268
v 0.0450 -0.1293 0.2312
v 0.5367 -0.0957 0.2172
v -0.8148 -0.1183 0.2344
v -0.1529 -0.1281 0.2291
v 0.2522 -0.1082 0.2298
v -0.1518 -0.1045 0.2340
v 0.1529 -0.1045 0.2243
v 0.8275 -0.1114 0.2355
v 1.0377 -0.0884 0.2290
v -1.0166 -0.1092 0.2372
v -0.5288 -0.1195 0.2345
v -0.2360 -0.1034 0.2238
v -0.1498 -0.0967 0.2292
v 0.3488 -0.0956 0.2310
v 0.5243 -0.1116 0.2349
v 0.8333 -0.0962 0.2293
v -0.8352 -0.0876 0.2231
v -0.4465 -0.0875 0.2323
v -0.4187 -0.0932 0.2320
v -0.3438 -0.0929 0.2297
v -0.0088 -0.0917 0.2199
v 0.1550 -0.0974 0.2296
v 0.2408 -0.0950 0.2265
v 0.3496 -0.0857 0.2333
v 0.3981 -0.0858 0.2275
v 0.4128 -0.0928 0.2304
v -0.8413 -0.0818 0.2253
v -0.2182 -0.0795 0.2358
v -0.1682 -0.0890 0.2170
v -0.0260 -0.0557 0.2250
v 0.1676 -0.0918 0.2180
v 0.2127 -0.0822 0.2274
v 0.2306 -0.0762 0.2355
v 0.4420 -0.0894 0.2301
v 0.8494 -0.0821 0.2280
v -0.8462 -0.0732 0.2208
v -0.8140 -0.0572 0.2212
v 0.8166 -0.0520 0.2198
v 0.8576 -0.0732 0.2282
v 0.3891 -0.0615 0.2232
v 0.7759 -0.0376 0.2102
v -0.7640 -0.0716 0.2302
v -0.3831 -0.0553 0.2268
v -0.8119 -0.0296 0.2138
v 0.4026 -0.0338 0.2228
v -1.0668 -0.0318 0.2370
v -0.9023 -0.0183 0.2312
v -0.7615 -0.0373 0.2285
v -0.4098 -0.0132 0.2202
v 0.3998 -0.0200 0.2221
v 0.7629 -0.0270 0.2299
v -0.3829 -0.0173 0.2291
v 0.7652 0.0021 0.2227
v 0.9079 -0.0149 0.2309
v -0.9073 -0.0107 0.2303
v 0.3775 -0.0047 0.2278
v -0.9127 0.0025 0.2297
v -0.9076 0.0041 0.2275
v -0.9021 -0.0017 0.2242
v -0.3685 0.0001 0.2297
v 0.0683 -0.0080 0.2372
v 0.9176 0.0010 0.2321
v 0.7555 0.0128 0.2279
v 0.9137 0.0114 0.2239
v -0.9211 0.0190 0.2274
v -0.3741 0.0186 0.2323
v 0.3919 0.0245 0.2257
v 0.5492 0.0041 0.2369
v 0.9211 0.0209 0.2294
v 0.9264 0.0227 0.2302
v -0.9316 0.0249 0.2337
v -0.3909 0.0271 0.2241
v 0.0784 0.0129 0.2339
v 0.7446 0.0376 0.2295
v -1.0769 0.0077 0.2377
v -0.9230 0.0364 0.2325
v -0.9296 0.0427 0.2352
v 0.9411 0.0276 0.2365
v -0.4305 0.0441 0.2228
v 0.5318 0.0409 0.2397
v 0.9292 0.0538 0.2246
v -0.7460 0.0583 0.2224
v -0.3965 0.0450 0.2301
v 0.7443 0.0493 0.2220
v 0.7410 0.0489 0.2299
v 0.7485 0.0546 0.2251
v -1.0777 0.0501 0.2358
v -0.7383 0.0537 0.2270
v -0.5086 0.0785 0.2229
v -0.4613 0.0598 0.2227
v 0.4591 0.0609 0.2261
v 0.9362 0.0773 0.2284
v -0.9335 0.0613 0.2360
v -0.7382 0.0761 0.2219
v -0.4583 0.0719 0.2303
v 0.7375 0.0832 0.2227
v 0.3341 0.0804 0.2280
v 0.4637 0.0757 0.2303
v 0.5153 0.0747 0.2377
v -0.9547 0.1040 0.2252
v 0.1125 0.0716 0.2288
v 0.3176 0.0976 0.2279
v 0.9389 0.1175 0.2247
v -1.0359 0.0923 0.2350
v 1.0475 0.0890 0.2334
v 1.0815 0.0910 0.2288
v 1.0794 0.1130 0.2238
v -1.0811 0.1170 0.2240
v -1.0364 0.1257 0.2290
v -0.4766 0.1443 0.2272
v -0.3032 0.1216 0.2343
v 1.0499 0.1339 0.2244
v -0.9555 0.1449 0.2170
v -0.1073 0.1475 0.2277
v 1.0366 0.1443 0.2238
v -0.4588 0.1789 0.2204
v -0.1057 0.1963 0.2309
v 1.0282 0.1846 0.2161
v 0.9126 0.1635 0.2308
v -0.9012 0.1800 0.2268
v -0.9879 0.2031 0.2300
v -0.2833 0.1678 0.2339
v 0.9942 0.2022 0.2300
v -0.9682 0.2009 0.2230
v 0.2347 0.2078 0.2321
v 0.9969 0.2138 0.2241
v 0.9716 0.2107 0.2220
v -0.8136 0.2200 0.2192
v 0.2319 0.2489 0.2217
v -0.5274 0.2818 0.2201
v -0.5138 0.2385 0.2427
v -0.2049 0.2525 0.2304
v -0.0568 0.2910 0.2155
v 0.7088 0.2753 0.2212
v -0.0523 0.3058 0.2253
v 0.0005 0.2997 0.2252
v 0.0058 0.3026 0.2268
v -0.1798 0.2942 0.2306
v 0.0028 0.3262 0.2318
v 0.1552 0.3248 0.2342
v 0.1304 0.3722 0.2269
v -0.1116 0.3884 0.2307
v 0.0839 0.4250 0.2269
v 0.0447 0.4424 0.2339
v -0.0557 0.4543 0.2375
v 0.0556 0.4568 0.2389
v -0.3864 -0.3620 0.2354
v -0.3664 -0.3616 0.2364
v 0.3764 -0.3614 0.2371
v 0.4145 -0.3571 0.2324
v -0.4099 -0.3393 0.2437
v -0.2920 -0.3462 0.2355
v 0.2978 -0.3467 0.2340
v 0.2709 -0.3470 0.2487
v 0.2369 -0.3299 0.2465
v 0.5251 -0.3165 0.2281
v -0.2097 -0.3031 0.2316
v 0.5869 -0.2884 0.2232
v 0.2123 -0.3012 0.2425
v 0.2048 -0.2744 0.2414
v -0.1486 -0.2723 0.2345
v 0.1343 -0.2719 0.2359
v 0.3923 -0.2636 0.2288
v -0.4205 -0.2571 0.2411
v -0.2030 -0.2520 0.2367
v -0.1702 -0.2599 0.2405
v 0.1862 -0.2536 0.2351
v -0.4061 -0.2497 0.2358
v -0.1903 -0.2461 0.2414
v 0.3967 -0.2434 0.2299
v 0.4133 -0.2499 0.2378
v 0.4236 -0.2573 0.2387
v -0.2113 -0.2356 0.2362
v -0.0718 -0.2481 0.2312
v -0.4053 -0.2371 0.2393
v -0.0865 -0.2441 0.2375
v 0.2038 -0.2359 0.2386
v -0.1984 -0.2347 0.2376
v -0.1483 -0.2251 0.2340
v 0.0789 -0.2405 0.2322
v 0.1429 -0.2346 0.2380
v 0.3951 -0.2234 0.2361
v 0.4136 -0.2393 0.2379
v -0.1612 -0.2144 0.2381
v 0.0462 -0.2184 0.2302
v 0.2042 -0.2177 0.2317
v 0.2189 -0.2272 0.2428
v -0.3949 -0.2254 0.2361
v 0.3560 -0.2063 0.2298
v -0.2094 -0.2156 0.2410
v -0.1720 -0.2007 0.2350
v 0.1665 -0.2135 0.2375
v 0.4072 -0.2122 0.2371
v -0.2708 -0.1964 0.2294
v 0.2134 -0.1892 0.2368
v 0.3442 -0.1930 0.2308
v -0.3550 -0.1872 0.2505
v -0.1719 -0.1823 0.2374
v -0.5436 -0.1938 0.2352
v -0.3343 -0.1814 0.2407
v -0.3183 -0.1782 0.2393
v 0.2152 -0.1715 0.2305
v 0.3001 -0.1839 0.2320
v 0.3127 -0.1774 0.2402
v -0.8995 -0.1914 0.2255
v -0.8159 -0.1854 0.2180
v -0.3765 -0.1806 0.2309
v -0.3084 -0.1745 0.2372
v -0.1711 -0.1637 0.2371
v 0.8229 -0.1854 0.2175
v -0.8437 -0.1794 0.2258
v -0.3167 -0.1684 0.2354
v -0.3008 -0.1711 0.2353
v 0.2866 -0.1881 0.2302
v 0.3230 -0.1707 0.2322
v 0.3786 -0.1700 0.2370
v 0.8732 -0.1686 0.2364
v -0.9280 -0.1730 0.2356
v 0.2998 -0.1731 0.2346
v 0.5409 -0.1503 0.2346
v -0.7237 -0.1534 0.2271
v -0.5253 -0.1496 0.2443
v -0.1790 -0.1362 0.2377
v 0.3120 -0.1625 0.2367
v 0.7151 -0.1586 0.2257
v 0.9758 -0.1509 0.2321
v -0.0717 -0.1642 0.2253
v 0.1012 -0.1745 0.2208
v 0.9947 -0.1326 0.2376
v -0.2055 -0.1381 0.2447
v -0.7382 -0.1425 0.2367
v -0.2441 -0.1558 0.2277
v -0.1365 -0.1415 0.2338
v 0.2520 -0.1439 0.2296
v 0.7545 -0.1172 0.2443
v -0.8216 -0.1111 0.2380
v -0.3102 -0.1245 0.2407
v 0.6112 -0.1166 0.2431
v -0.8246 -0.1031 0.2296
v -0.3327 -0.1034 0.2358
v -0.0413 -0.0887 0.2380
v 0.3362 -0.1049 0.2367
v 0.3549 -0.1029 0.2354
v 0.7672 -0.0919 0.2324
v 0.8176 -0.1086 0.2365
v -0.8405 -0.1003 0.2351
v -0.8335 -0.0912 0.2284
v -0.8153 -0.0865 0.2297
v -0.2519 -0.0982 0.2317
v 0.3010 -0.1040 0.2400
v 0.4005 -0.1045 0.2381
v 0.8342 -0.0989 0.2360
v 0.8400 -0.1046 0.2341
v 0.8450 -0.0924 0.2357
v -0.8461 -0.0945 0.2375
v -0.7856 -0.0640 0.2329
v -0.3793 -0.0976 0.2350
v 0.4512 -0.0976 0.2381
v 0.7814 -0.0826 0.2400
v 0.8445 -0.0870 0.2285
v -0.3482 -0.0938 0.2342
v -0.2300 -0.0814 0.2317
v -0.1866 -0.0794 0.2368
v -0.1583 -0.0906 0.2371
v 0.2655 -0.0787 0.2394
v 0.8531 -0.0799 0.2341
v 0.8587 -0.0832 0.2322
v -0.3364 -0.0803 0.2369
v 0.3824 -0.0833 0.2324
v 0.7607 -0.0481 0.2385
v 0.8649 -0.0819 0.2400
v 0.0452 -0.0973 0.2381
v 0.3737 -0.0619 0.2342
v 1.0575 -0.0592 0.2361
v -0.7596 -0.0566 0.2385
v -0.3694 -0.0723 0.2334
v -0.7676 -0.0105 0.2325
v 0.9009 -0.0404 0.2393
v -0.8974 -0.0422 0.2445
v -0.9005 -0.0317 0.2403
v -0.7528 -0.0320 0.2345
v -0.3686 -0.0312 0.2376
v -0.9153 -0.0134 0.2383
v -0.9017 -0.0186 0.2363
v -0.0383 -0.0191 0.2263
v 0.7512 -0.0135 0.2382
v 0.9112 -0.0212 0.2376
v -1.0631 -0.0208 0.2427
v -0.9111 -0.0131 0.2444
v -0.7471 -0.0168 0.2400
v -0.0597 0.0105 0.2281
v 0.3867 -0.0179 0.2294
v 0.5655 -0.0376 0.2491
v 0.7494 0.0028 0.2361
v -0.3581 -0.0078 0.2390
v 1.0905 0.0182 0.2284
v -0.9145 0.0046 0.2381
v -0.7501 0.0221 0.2372
v -0.7465 -0.0003 0.2351
v 0.7488 0.0105 0.2362
v 0.9384 0.0059 0.2440
v 0.3690 0.0088 0.2354
v 0.7515 0.0256 0.2357
v -0.7580 0.0267 0.2301
v -0.7381 0.0305 0.2362
v -0.1035 0.0347 0.2394
v 0.7436 0.0145 0.2353
v 0.9289 0.0363 0.2325
v -0.9415 0.0434 0.2348
v -0.9259 0.0252 0.2410
v -0.7495 0.0440 0.2301
v -0.7387 0.0385 0.2303
v -0.7367 0.0450 0.2374
v -0.7317 0.0376 0.2359
v -0.3782 0.0489 0.2364
v 0.7370 0.0391 0.2350
v 0.9353 0.0412 0.2351
v -0.7306 0.0494 0.2349
v 0.1208 0.0397 0.2456
v 0.3816 0.0593 0.2353
v 0.4082 0.0442 0.2287
v 0.7408 0.0455 0.2372
v 1.0348 0.0513 0.2415
v 1.0791 0.0574 0.2335
v -1.0318 0.0558 0.2407
v -0.4335 0.0695 0.2314
v -0.3773 0.0686 0.2325
v -0.3258 0.0515 0.2407
v 0.4274 0.0683 0.2309
v -0.9343 0.0751 0.2371
v -0.4405 0.0787 0.2304
v 0.4336 0.0823 0.2288
v -0.9555 0.0717 0.2341
v 0.1343 0.0665 0.2431
v -0.2832 0.0824 0.2387
v -0.1196 0.0845 0.2353
v 0.3027 0.0786 0.2357
v -0.9255 0.0976 0.2423
v 0.5102 0.1060 0.2444
v 0.3004 0.1271 0.2377
v 0.9257 0.1317 0.2363
v 0.9883 0.0955 0.2454
v 1.0311 0.1309 0.2337
v -1.0041 0.1706 0.2385
v 0.1249 0.1583 0.2410
v -0.2789 0.1305 0.2449
v -0.4684 0.1915 0.2323
v -0.9769 0.1747 0.2296
v 0.2776 0.1851 0.2305
v 1.0111 0.1841 0.2308
v 0.9842 0.1804 0.2310
v -0.2228 0.1797 0.2422
v 0.1142 0.1930 0.2344
v -0.7501 0.1910 0.2535
v -0.0835 0.2417 0.2296
v 0.1113 0.2304 0.2394
v 0.1727 0.2197 0.2374
v -0.6862 0.2485 0.2440
v -0.1471 0.2202 0.2395
v 0.0949 0.2405 0.2355
v 0.2035 0.2528 0.2314
v 0.5255 0.2262 0.2497
v 0.5557 0.2501 0.2411
v -0.1642 0.2751 0.2391
v -0.0676 0.2672 0.2349
v -0.6441 0.2576 0.2496
v -0.6100 0.2732 0.2446
v 0.6232 0.2582 0.2519
v 0.0610 0.2837 0.2366
v 0.1928 0.2947 0.2264
v -0.0079 0.3105 0.2368
v 0.0093 0.3112 0.2297
v -0.0090 0.3185 0.2388
v 0.0478 0.3107 0.2445
v -0.1276 0.3324 0.2461
v -0.0276 0.3858 0.2311
v 0.0407 0.3579 0.2415
v 0.0359 0.3888 0.2441
v 0.1059 0.3997 0.2307
v 0.0846 0.4293 0.2375
v -0.0900 0.4108 0.2409
v 0.0353 0.4204 0.2414
v -0.0406 0.4409 0.2327
v -0.0745 0.4361 0.2376
v -0.3406 -0.3554 0.2396
v -0.3080 -0.3499 0.2332
v 0.3729 -0.3552 0.2461
v 0.3986 -0.3508 0.2415
v -0.3898 -0.3510 0.2467
v -0.2330 -0.3294 0.2419
v -0.4225 -0.3231 0.2461
v 0.4547 -0.3226 0.2370
v -0.4471 -0.3236 0.2370
v -0.4624 -0.2880 0.2431
v -0.4416 -0.3005 0.2437
v -0.2011 -0.2519 0.2429
v 0.4388 -0.2992 0.2454
v -0.4267 -0.2717 0.2459
v 0.4330 -0.2758 0.2459
v -0.1374 -0.2740 0.2359
v 0.1557 -0.2674 0.2379
v 0.4572 -0.2884 0.2432
v -0.4365 -0.2481 0.2437
v -0.4133 -0.2547 0.2448
v -0.1003 -0.2635 0.2374
v 0.4824 -0.2823 0.2456
v -0.4210 -0.2499 0.2459
v 0.1303 -0.2521 0.2397
v 0.1487 -0.2544 0.2458
v 0.2078 -0.2500 0.2475
v 0.4171 -0.2532 0.2437
v 0.4282 -0.2577 0.2444
v -0.4070 -0.2361 0.2448
v -0.1258 -0.2462 0.2394
v 0.0941 -0.2489 0.2385
v -0.4815 -0.2612 0.2480
v -0.4178 -0.2392 0.2413
v 0.1573 -0.2408 0.2477
v 0.4131 -0.2407 0.2445
v -0.4196 -0.2026 0.2417
v -0.1976 -0.2366 0.2446
v -0.2310 -0.2177 0.2419
v 0.3974 -0.2198 0.2376
v 0.4254 -0.2345 0.2421
v -0.4684 -0.2262 0.2491
v 0.3825 -0.2037 0.2458
v -0.5263 -0.2095 0.2418
v -0.3793 -0.1973 0.2549
v 0.1668 -0.2190 0.2463
v 0.2155 -0.1807 0.2468
v 0.5437 -0.2183 0.2378
v -0.3955 -0.1805 0.2365
v 0.1715 -0.1956 0.2451
v 0.4617 -0.2135 0.2488
v -0.2102 -0.1888 0.2500
v -0.1698 -0.1748 0.2444
v 0.2695 -0.1925 0.2522
v -0.3132 -0.1766 0.2470
v -0.2928 -0.1809 0.2409
v 0.2890 -0.1804 0.2555
v 0.5303 -0.1525 0.2443
v -0.8300 -0.1694 0.2453
v -0.7925 -0.1786 0.2311
v 0.8234 -0.1707 0.2437
v -0.8707 -0.1696 0.2360
v -0.3679 -0.1646 0.2381
v 0.8102 -0.1701 0.2392
v 0.9345 -0.1626 0.2393
v -0.6794 -0.1536 0.2387
v -0.2104 -0.1565 0.2465
v 0.1741 -0.1604 0.2443
v 0.7338 -0.1478 0.2391
v 0.9049 -0.1485 0.2463
v 0.9594 -0.1505 0.2438
v -0.3870 -0.1374 0.2437
v 0.3451 -0.1604 0.2385
v -0.7375 -0.1305 0.2536
v 0.3857 -0.1430 0.2427
v 0.1490 -0.1554 0.2274
v 0.2049 -0.1353 0.2451
v 0.5122 -0.1297 0.2464
v -0.9854 -0.1372 0.2417
v -0.8271 -0.1190 0.2419
v -0.3442 -0.1336 0.2409
v 0.1142 -0.1171 0.2466
v 0.1558 -0.1231 0.2307
v 0.4133 -0.1424 0.2476
v -0.8518 -0.1050 0.2466
v -0.8425 -0.1020 0.2450
v -0.7709 -0.1028 0.2450
v -0.6113 -0.1236 0.2298
v -0.4989 -0.1255 0.2467
v 0.3380 -0.1320 0.2406
v 0.4551 -0.1216 0.2470
v 0.8327 -0.1120 0.2445
v 0.8402 -0.1141 0.2453
v -0.8482 -0.0992 0.2456
v -0.8306 -0.1073 0.2413
v -0.4466 -0.1165 0.2454
v -0.0399 -0.1209 0.2334
v 0.1572 -0.1047 0.2328
v 0.7585 -0.1037 0.2465
v -1.0119 -0.1056 0.2453
v -0.8523 -0.0965 0.2454
v -0.1356 -0.0976 0.2466
v 0.1041 -0.0976 0.2511
v 0.1607 -0.0903 0.2407
v -0.8520 -0.0918 0.2419
v 0.8501 -0.0914 0.2370
v 0.8600 -0.0933 0.2449
v -0.8609 -0.0881 0.2459
v -0.1544 -0.0828 0.2469
v 0.1023 -0.0847 0.2527
v 0.8587 -0.0819 0.2427
v 0.8698 -0.0844 0.2466
v -0.8688 -0.0800 0.2454
v -0.7678 -0.0679 0.2449
v -0.2955 -0.0854 0.2411
v 0.1770 -0.0796 0.2417
v 0.2159 -0.0761 0.2429
v 0.7600 -0.0876 0.2393
v -0.0778 -0.0393 0.2425
v 0.8819 -0.0709 0.2475
v -1.0372 -0.0691 0.2455
v -0.8979 -0.0506 0.2468
v -0.8817 -0.0672 0.2471
v -0.7616 -0.0563 0.2445
v -0.2325 -0.0703 0.2399
v 0.3425 -0.0778 0.2368
v -0.8926 -0.0494 0.2466
v 0.1122 -0.0539 0.2534
v 0.7585 -0.0436 0.2450
v 0.8943 -0.0523 0.2446
v 0.7630 -0.0403 0.2446
v -0.7534 -0.0266 0.2440
v 0.0801 -0.0430 0.2428
v 0.7515 -0.0336 0.2421
v 0.9044 -0.0424 0.2449
v 0.7510 -0.0130 0.2446
v 0.9069 -0.0202 0.2370
v 1.0769 -0.0204 0.2346
v -0.9105 -0.0184 0.2512
v -0.7529 -0.0142 0.2452
v -0.0678 -0.0184 0.2414
v 0.3560 -0.0015 0.2424
v 0.7543 -0.0071 0.2441
v -0.7532 -0.0038 0.2377
v -0.7455 -0.0095 0.2451
v 0.7428 0.0012 0.2426
v 0.9263 0.0129 0.2395
v 0.9323 -0.0164 0.2508
v -0.9345 0.0035 0.2462
v 0.0806 -0.0073 0.2475
v 1.0762 0.0083 0.2380
v -1.0146 -0.0002 0.2501
v -0.9204 0.0078 0.2464
v -0.3299 -0.0288 0.2477
v -0.0759 0.0036 0.2417
v 1.0243 0.0148 0.2462
v -0.7466 0.0147 0.2368
v 0.9278 0.0287 0.2469
v -1.0589 0.0088 0.2447
v -0.3481 0.0218 0.2419
v 0.1018 0.0127 0.2510
v 0.7445 0.0315 0.2366
v 0.3705 0.0324 0.2382
v -0.9278 0.0305 0.2459
v -0.2799 0.0192 0.2538
v 0.9332 0.0755 0.2407
v 0.9741 0.0271 0.2557
v 1.0592 0.0364 0.2398
v 0.3466 0.0499 0.2403
v -0.5052 0.0890 0.2334
v -0.2526 0.0399 0.2483
v -0.9301 0.0575 0.2411
v -0.2467 0.0673 0.2466
v -0.5021 0.1063 0.2398
v 1.0375 0.1031 0.2336
v 1.0250 0.0825 0.2453
v 0.9320 0.0961 0.2405
v 0.2993 0.1086 0.2367
v -0.9077 0.1290 0.2409
v -0.2879 0.1203 0.2444
v -0.4908 0.1399 0.2408
v 0.1236 0.1080 0.2358
v 0.1476 0.0964 0.2462
v 1.0175 0.1214 0.2449
v -0.9882 0.1332 0.2405
v 0.9126 0.1182 0.2433
v -0.1180 0.1497 0.2394
v 0.8626 0.1171 0.2492
v 1.0040 0.1334 0.2428
v -1.0152 0.1429 0.2393
v -0.2328 0.1442 0.2536
v 0.2870 0.1250 0.2451
v 0.9903 0.1399 0.2385
v 0.5069 0.1626 0.2516
v 1.0098 0.1714 0.2379
v -0.1717 0.1750 0.2479
v -0.1341 0.2066 0.2413
v 0.1831 0.1520 0.2541
v 0.1492 0.2036 0.2423
v 0.8055 0.2012 0.2313
v -0.4732 0.2165 0.2330
v -0.1148 0.1979 0.2377
v 0.1313 0.1990 0.2410
v 0.4891 0.2040 0.2419
v 0.1402 0.2354 0.2405
v 0.7340 0.2110 0.2505
v -0.0817 0.2529 0.2374
v -0.5486 0.2571 0.2378
v -0.1094 0.2306 0.2399
v -0.0997 0.2545 0.2442
v 0.1120 0.2486 0.2438
v 0.6015 0.2425 0.2552
v -0.1284 0.2668 0.2454
v -0.5764 0.2769 0.2382
v 0.0829 0.2637 0.2444
v -0.0501 0.2943 0.2455
v -0.1183 0.3125 0.2521
v -0.0053 0.3158 0.2456
v 0.0154 0.3103 0.2373
v 0.0283 0.3156 0.2444
v 0.1543 0.2942 0.2419
v -0.0230 0.3141 0.2437
v 0.0003 0.3128 0.2407
v 0.0090 0.3168 0.2362
v 0.0072 0.3138 0.2428
v -0.0390 0.3462 0.2412
v 0.1305 0.3500 0.2400
v -0.1150 0.3595 0.2462
v -0.0293 0.3978 0.2417
v -0.0302 0.4187 0.2407
v 0.0826 0.4263 0.2453
v -0.0392 0.4383 0.2474
v -0.0739 0.4335 0.2454
v 0.0666 0.4527 0.2406
v 0.0469 0.4507 0.2434
v -0.0520 0.4568 0.2423
v 0.0582 0.4565 0.2444
v -0.3650 -0.3572 0.2459
v -0.2842 -0.3512 0.2506
v 0.3302 -0.3553 0.2478
v -0.2595 -0.3441 0.2478
v -0.2098 -0.3050 0.2478
v 0.2290 -0.3173 0.2575
v -0.4285 -0.3022 0.2503
v -0.4261 -0.2810 0.2570
v 0.4295 -0.2701 0.2526
v 0.2144 -0.2851 0.2606
v -0.4246 -0.2583 0.2600
v -0.1639 -0.2556 0.2454
v -0.1328 -0.2621 0.2411
v 0.1753 -0.2552 0.2452
v 0.4223 -0.2487 0.2481
v -0.1653 -0.2381 0.2527
v 0.5073 -0.2557 0.2450
v -0.1567 -0.2381 0.2478
v 0.2016 -0.2400 0.2443
v -0.1822 -0.2361 0.2533
v 0.2131 -0.2188 0.2427
v 0.4860 -0.2114 0.2480
v -0.4041 -0.2212 0.2558
v 0.2374 -0.2203 0.2525
v -0.1645 -0.2186 0.2496
v 0.3760 -0.1936 0.2578
v -0.2592 -0.1978 0.2454
v -0.1700 -0.1944 0.2471
v 0.5330 -0.1868 0.2433
v -0.4955 -0.1835 0.2493
v -0.2873 -0.1802 0.2595
v 0.3335 -0.1791 0.2457
v -0.4347 -0.1766 0.2479
v 0.2135 -0.1499 0.2499
v 0.5030 -0.1583 0.2535
v 0.4949 -0.1803 0.2501
v 0.8411 -0.1715 0.2441
v 0.8611 -0.1616 0.2488
v -0.8592 -0.1555 0.2532
v -0.8050 -0.1462 0.2397
v -0.5025 -0.1595 0.2540
v 0.2050 -0.1420 0.2526
v -0.7159 -0.1480 0.2485
v -0.6367 -0.1346 0.2475
v -0.2055 -0.1451 0.2524
v 0.1873 -0.1453 0.2531
v 0.4911 -0.1485 0.2501
v 0.8378 -0.1502 0.2532
v -0.9613 -0.1509 0.2441
v -0.9142 -0.1400 0.2496
v -0.4814 -0.1537 0.2502
v -0.4211 -0.1357 0.2481
v -0.1783 -0.1456 0.2523
v 0.1852 -0.1348 0.2432
v 0.7912 -0.1288 0.2565
v 0.8179 -0.1231 0.2496
v -0.8426 -0.1267 0.2536
v -0.8160 -0.1232 0.2496
v -0.8143 -0.1098 0.2368
v 0.8377 -0.1286 0.2513
v -0.9701 -0.1191 0.2510
v -0.9388 -0.1165 0.2522
v -0.8293 -0.1178 0.2565
v -0.5899 -0.0932 0.2454
v 0.9714 -0.0923 0.2523
v 0.9860 -0.1293 0.2452
v -0.8608 -0.0961 0.2530
v -0.8520 -0.1013 0.2532
v -0.7623 -0.1020 0.2480
v 0.1356 -0.0797 0.2532
v 0.7612 -0.0970 0.2518
v 0.8514 -0.1019 0.2464
v 0.8620 -0.1164 0.2575
v -0.9958 -0.0983 0.2524
v -0.1035 -0.1003 0.2518
v -0.8686 -0.0899 0.2519
v -0.5773 -0.0703 0.2484
v 1.0353 -0.0836 0.2434
v -0.9737 -0.0885 0.2537
v -0.8641 -0.0864 0.2570
v 0.7592 -0.0644 0.2492
v -0.1779 -0.0743 0.2486
v 1.0058 -0.0892 0.2497
v -0.8881 -0.0599 0.2585
v 0.2444 -0.0676 0.2410
v 0.7669 -0.0632 0.2451
v 0.8983 -0.0779 0.2590
v 1.0416 -0.0645 0.2461
v -1.0136 -0.0636 0.2518
v -0.2149 -0.0657 0.2519
v 0.3252 -0.0921 0.2380
v -0.5633 -0.0386 0.2431
v -0.2505 -0.0615 0.2415
v 0.2771 -0.0303 0.2510
v 0.9083 -0.0310 0.2513
v -1.0501 -0.0459 0.2464
v -0.9154 -0.0345 0.2517
v -0.8959 -0.0434 0.2581
v -0.7545 -0.0471 0.2452
v -0.2763 -0.0380 0.2491
v 0.9210 -0.0410 0.2547
v 0.3241 -0.0352 0.2478
v 1.0006 -0.0395 0.2520
v 1.0535 -0.0201 0.2468
v -0.9884 -0.0539 0.2529
v 0.2905 -0.0046 0.2529
v 1.0172 -0.0003 0.2510
v -0.5312 0.0375 0.2454
v 0.9148 -0.0168 0.2525
v 0.9239 0.0075 0.2494
v -0.9145 -0.0058 0.2535
v -0.2888 -0.0055 0.2527
v 0.2941 0.0226 0.2514
v 1.0583 0.0078 0.2441
v -0.9515 0.0094 0.2529
v -0.0956 0.0078 0.2517
v 0.5498 0.0040 0.2562
v 0.2665 0.0028 0.2608
v -0.9804 0.0536 0.2537
v 0.1551 0.0141 0.2620
v -0.1413 0.0561 0.2481
v 0.2503 0.0419 0.2482
v 0.5339 0.0479 0.2530
v 1.0166 0.0587 0.2514
v -0.5215 0.0880 0.2528
v 1.0047 0.0798 0.2535
v -1.0132 0.0743 0.2524
v -0.9140 0.0738 0.2520
v -0.1966 0.0620 0.2528
v 0.1941 0.0603 0.2529
v -0.9892 0.0869 0.2491
v 0.2670 0.0794 0.2440
v -0.1434 0.0924 0.2462
v 1.0108 0.0920 0.2481
v -0.8620 0.0817 0.2584
v -0.2403 0.1175 0.2550
v -1.0181 0.0984 0.2461
v 0.2949 0.1213 0.2441
v -1.0108 0.1257 0.2451
v -0.8418 0.1238 0.2498
v -0.1379 0.1598 0.2486
v 0.5311 0.1181 0.2575
v 0.2352 0.1528 0.2505
v -0.4845 0.1703 0.2428
v 0.1658 0.1390 0.2543
v -0.1887 0.1479 0.2553
v 0.5832 0.2133 0.2561
v 0.6806 0.2340 0.2537
v 0.0996 0.2800 0.2529
v 0.1433 0.2781 0.2441
v 0.0705 0.2929 0.2530
v 0.1167 0.3308 0.2533
v 0.0571 0.2932 0.2464
v -0.0444 0.3625 0.2523
v 0.0533 0.3110 0.2524
v 0.0579 0.3552 0.2598
v -0.0875 0.3616 0.2580
v -0.0387 0.4011 0.2523
v -0.0892 0.3852 0.2524
v 0.0949 0.3970 0.2492
v -0.0673 0.4270 0.2527
v -0.0436 0.4385 0.2531
v 0.0479 0.4353 0.2528
v -0.3243 -0.3566 0.2553
v 0.3669 -0.3570 0.2589
v -0.3639 -0.3568 0.2596
v 0.4227 -0.3332 0.2437
v -0.2351 -0.3277 0.2576
v 0.4335 -0.3028 0.2501
v -0.4172 -0.3043 0.2735
v -0.2129 -0.3000 0.2585
v 0.2272 -0.3039 0.2661
v -0.2108 -0.2556 0.2566
v 0.4288 -0.2629 0.2654
v -0.4143 -0.2371 0.2649
v 0.4157 -0.2313 0.2538
v -0.2174 -0.2249 0.2410
v 0.4013 -0.2126 0.2604
v 0.1714 -0.2314 0.2536
v 0.1842 -0.2400 0.2532
v -0.2020 -0.2137 0.2512
v -0.2547 -0.2051 0.2640
v -0.1807 -0.1999 0.2540
v 0.1789 -0.2005 0.2547
v 0.2091 -0.1866 0.2532
v 0.2652 -0.2030 0.2675
v -0.1975 -0.1982 0.2547
v -0.3524 -0.1893 0.2654
v 0.3096 -0.1797 0.2647
v -0.1883 -0.1809 0.2616
v 0.1909 -0.1825 0.2582
v -0.1975 -0.1677 0.2558
v 0.1765 -0.1746 0.2526
v -0.1785 -0.1732 0.2537
v -0.8311 -0.1549 0.2523
v 0.8540 -0.1559 0.2532
v 0.9258 -0.1317 0.2512
v -0.7831 -0.1268 0.2553
v -0.7542 -0.1222 0.2573
v -0.7351 -0.1277 0.2620
v -0.7487 -0.1166 0.2550
v 0.6616 -0.1391 0.2576
v 0.7502 -0.1137 0.2579
v 0.7584 -0.1117 0.2535
v -0.8662 -0.1025 0.2562
v -0.8580 -0.0945 0.2621
v -0.0943 -0.0848 0.2519
v 0.6082 -0.0987 0.2651
v 0.8738 -0.0810 0.2589
v -0.1523 -0.0673 0.2546
v 0.1454 -0.0569 0.2572
v 0.1705 -0.0705 0.2528
v -0.9098 -0.0563 0.2580
v 0.2198 -0.0619 0.2535
v 0.9334 -0.0527 0.2622
v -0.2025 -0.0470 0.2625
v 0.2501 -0.0283 0.2606
v -0.1117 -0.0562 0.2545
v -0.2411 -0.0246 0.2634
v -0.9871 -0.0134 0.2613
v -0.0868 -0.0183 0.2519
v 0.5558 0.0014 0.2674
v -0.2583 -0.0071 0.2619
v 0.9608 -0.0165 0.2620
v -0.9595 -0.0183 0.2630
v 0.1159 -0.0072 0.2610
v -0.2446 0.0083 0.2609
v 0.2434 0.0036 0.2629
v 0.9915 0.0251 0.2609
v -0.8972 0.0169 0.2660
v 1.0025 0.0187 0.2583
v -0.9892 0.0281 0.2592
v -0.2012 0.0174 0.2616
v -1.0066 0.0267 0.2551
v -0.9202 0.0330 0.2536
v 0.9983 0.0393 0.2557
v 0.5407 0.0611 0.2639
v 0.2083 0.0909 0.2556
v -0.1861 0.1185 0.2568
v 0.2389 0.1232 0.2556
v 0.5729 0.1334 0.2694
v 0.8226 0.1523 0.2462
v -0.7405 0.1395 0.2733
v -0.5005 0.2042 0.2488
v 0.5543 0.1791 0.2622
v 0.6027 0.1664 0.2665
v -0.5332 0.2009 0.2573
v 0.6822 0.1834 0.2704
v -0.6975 0.1909 0.2658
v -0.5745 0.2209 0.2539
v -0.6060 0.2385 0.2574
v -0.0615 0.2893 0.2511
v -0.0950 0.2813 0.2536
v -0.0685 0.3313 0.2607
v -0.0473 0.3107 0.2514
v 0.0723 0.3742 0.2615
v -0.0615 0.3840 0.2610
v -0.0559 0.3925 0.2579
v 0.0641 0.3863 0.2593
v 0.0468 0.3763 0.2534
v 0.0630 0.4359 0.2530
v -0.3515 -0.3527 0.2726
v -0.2994 -0.3513 0.2633
v 0.3416 -0.3496 0.2757
v 0.3465 -0.3563 0.2649
v 0.3860 -0.3491 0.2659
v -0.2660 -0.3436 0.2628
v 0.2838 -0.3479 0.2628
v 0.4059 -0.3332 0.2697
v -0.4021 -0.3375 0.2653
v 0.2582 -0.3351 0.2657
v 0.2381 -0.2801 0.2744
v -0.4209 -0.2668 0.2725
v -0.2439 -0.2184 0.2629
v 0.3986 -0.2144 0.2717
v -0.3889 -0.2091 0.2709
v 0.3734 -0.2007 0.2731
v -0.2847 -0.1943 0.2741
v 0.2890 -0.1948 0.2747
v -0.3005 -0.1815 0.2666
v 0.8727 -0.1396 0.2613
v -0.7800 -0.1315 0.2664
v -0.7570 -0.1281 0.2678
v 0.8134 -0.1260 0.2639
v -0.7416 -0.1248 0.2684
v 0.7407 -0.1204 0.2660
v 0.7542 -0.1215 0.2610
v -0.8024 -0.1267 0.2686
v -0.6128 -0.1066 0.2644
v 0.8392 -0.1145 0.2561
v -0.9004 -0.1293 0.2606
v -0.8643 -0.1398 0.2601
v 0.8498 -0.1032 0.2632
v 0.9039 -0.1266 0.2611
v 0.9252 -0.0852 0.2632
v -0.8872 -0.0915 0.2603
v 0.8869 -0.0632 0.2610
v 0.9431 -0.0918 0.2619
v -0.9150 -0.0866 0.2636
v -0.8703 -0.0689 0.2716
v 0.8950 -0.0494 0.2620
v -0.9548 -0.0746 0.2619
v 0.5835 -0.0629 0.2668
v -0.1259 -0.0191 0.2621
v 0.2032 -0.0437 0.2635
v 0.9796 -0.0389 0.2619
v -0.1315 0.0030 0.2635
v -0.8920 -0.0294 0.2684
v 0.1464 -0.0119 0.2644
v -0.5520 0.0578 0.2739
v 0.9148 0.0639 0.2550
v -0.5311 0.1128 0.2586
v -0.7829 0.0707 0.2794
v -0.5521 0.1268 0.2660
v 0.7170 0.1849 0.2648
v -0.5829 0.1561 0.2670
v -0.5935 0.1870 0.2613
v -0.6376 0.2175 0.2640
v 0.6294 0.1941 0.2690
v 0.0744 0.3255 0.2611
v -0.0588 0.3516 0.2608
v -0.3855 -0.3473 0.2702
v -0.2793 -0.3376 0.2736
v -0.3955 -0.3245 0.2800
v 0.2558 -0.3173 0.2751
v -0.3988 -0.2433 0.2801
v 0.2598 -0.2317 0.2772
v -0.3713 -0.2157 0.2825
v -0.3326 -0.2060 0.2826
v -0.7719 -0.1285 0.2753
v -0.6974 -0.1385 0.2664
v 0.7004 -0.1460 0.2587
v 0.7867 -0.1333 0.2700
v -0.7335 -0.1200 0.2713
v 0.7337 -0.1176 0.2763
v 0.7520 -0.1256 0.2747
v -0.5910 -0.0803 0.2672
v 0.9055 -0.0191 0.2639
v -0.5413 0.0353 0.2644
v -0.8533 -0.0196 0.2806
v -0.8134 0.0065 0.2854
v 0.9120 0.0304 0.2610
v 0.8424 0.0744 0.2659
v 0.5815 0.0318 0.2863
v 0.7396 0.1348 0.2754
v 0.7813 0.1168 0.2699
v -0.6501 0.1605 0.2746
v -0.6160 0.1457 0.2706
v 0.6579 0.1594 0.2752
v -0.6266 0.1919 0.2685
v 0.3937 -0.3341 0.2767
v 0.2965 -0.3377 0.2768
v 0.3333 -0.3359 0.2840
v 0.4159 -0.3115 0.2739
v -0.2438 -0.3186 0.2717
v 0.2760 -0.3038 0.2849
v -0.4009 -0.2876 0.2830
v -0.2242 -0.2753 0.2699
v 0.4268 -0.2773 0.2720
v 0.4166 -0.2436 0.2713
v 0.3863 -0.2445 0.2865
v 0.2772 -0.2375 0.2851
v -0.3025 -0.2129 0.2842
v 0.3275 -0.2071 0.2836
v -0.6681 -0.1334 0.2677
v -0.7685 -0.1129 0.2906
v -0.7190 -0.1182 0.2769
v -0.6732 -0.1114 0.2840
v 0.6853 -0.1213 0.2802
v 0.8531 -0.0900 0.2745
v 0.6561 -0.1140 0.2792
v -0.8275 -0.1016 0.2822
v 0.6118 -0.0816 0.2797
v -0.5904 -0.0497 0.2830
v -0.8435 -0.0718 0.2844
v -0.5579 -0.0153 0.2669
v 0.5854 -0.0351 0.2821
v 0.8781 -0.0502 0.2748
v 0.8633 -0.0193 0.2792
v 0.6127 0.0756 0.2870
v -0.5912 0.0795 0.2840
v 0.6384 0.1141 0.2787
v -0.7175 0.0851 0.2879
v -0.6798 0.1156 0.2843
v -0.6399 0.1071 0.2812
v -0.6912 0.1465 0.2780
v 0.6928 0.1157 0.2846
v -0.3585 -0.3389 0.2821
v -0.3287 -0.3408 0.2818
v -0.2908 -0.3194 0.2846
v 0.3928 -0.3077 0.2852
v -0.2634 -0.2863 0.2849
v 0.3052 -0.2705 0.2910
v -0.2706 -0.2246 0.2816
v 0.3347 -0.2549 0.2933
v -0.3437 -0.2714 0.2946
v -0.7484 -0.1232 0.2807
v 0.8101 -0.1160 0.2807
v -0.7327 -0.1092 0.2869
v 0.7390 -0.1091 0.2882
v -0.6378 -0.1002 0.2817
v 0.7179 -0.1045 0.2856
v -0.8087 -0.0950 0.2911
v 0.8575 -0.0718 0.2806
v -0.8078 -0.0660 0.2937
v 0.6312 -0.0606 0.2939
v -0.5734 -0.0079 0.2827
v -0.7785 -0.0126 0.2941
v 0.6054 -0.0010 0.2945
v -0.5934 0.0191 0.2918
v 0.7749 0.0709 0.2817
v -0.7278 0.0322 0.2947
v 0.6237 0.0400 0.2946
v 0.7151 0.0443 0.2943
v 0.7380 0.0838 0.2859
v 0.3381 -0.2792 0.2946
v -0.3283 -0.2741 0.2946
v -0.7434 -0.0900 0.2985
v 0.7685 -0.1142 0.2897
v -0.7072 -0.0879 0.2927
v 0.7687 -0.0859 0.2979
v -0.7610 -0.0881 0.2980
v -0.6548 -0.0853 0.2921
v 0.8124 -0.0932 0.2920
v -0.6228 -0.0664 0.2908
v 0.6580 -0.0805 0.2931
v -0.6926 -0.0539 0.2971
v 0.6973 -0.0705 0.2962
v 0.8127 -0.0638 0.2938
v -0.6170 -0.0354 0.2945
v -0.7459 -0.0303 0.2976
v 0.6917 -0.0182 0.2957
v -0.7004 -0.0214 0.2967
v -0.6838 0.0396 0.2948
v -0.6169 0.0386 0.2948
v 0.7383 -0.0158 0.2969
v 0.7847 -0.0120 0.2938
v 0.7427 -0.0808 0.3006
v -0.7276 -0.0698 0.3008
v 0.7129 -0.0517 0.3005
f 14 12 6
f 9 6 12
f 8 5 1
f 1 2 8
f 20 3 5
f 5 7 20
f 6 19 18
f 11 5 3
f 19 6 9
f 9 21 19
f 11 10 5
f 5 8 7
f 14 6 4
f 10 1 5
f 12 21 9
f 10 13 1
f 14 15 12
f 8 2 38
f 14 23 15
f 15 26 12
f 2 27 38
f 16 3 31
f 31 3 44
f 18 43 17
f 32 43 19
f 3 20 44
f 20 35 44
f 19 43 18
f 19 34 32
f 3 16 11
f 22 18 17
f 20 7 35
f 4 6 18
f 34 19 21
f 11 16 24
f 7 36 35
f 4 18 22
f 8 36 7
f 22 14 4
f 36 8 38
f 23 14 22
f 21 62 48
f 24 10 11
f 13 10 24
f 62 21 40
f 21 12 40
f 15 23 41
f 25 1 13
f 1 25 29
f 2 1 29
f 40 12 26
f 49 38 27
f 40 26 50
f 27 2 29
f 26 15 30
f 30 28 26
f 16 31 54
f 43 33 17
f 45 44 35
f 35 36 45
f 24 16 37
f 21 48 34
f 60 34 48
f 22 61 23
f 38 76 36
f 23 61 41
f 38 49 76
f 39 13 24
f 41 42 15
f 49 27 65
f 15 42 30
f 28 50 26
f 29 51 27
f 51 65 27
f 55 68 44
f 44 68 31
f 45 55 44
f 69 56 33
f 43 69 33
f 32 57 43
f 58 16 54
f 46 57 32
f 17 33 74
f 32 34 46
f 22 17 74
f 72 46 34
f 47 37 16
f 34 60 72
f 45 36 59
f 22 74 61
f 36 76 59
f 37 78 24
f 78 39 24
f 49 77 76
f 39 64 13
f 62 40 80
f 50 80 40
f 42 52 30
f 28 66 50
f 28 30 52
f 58 54 53
f 94 54 31
f 31 68 94
f 43 96 69
f 43 57 96
f 57 46 70
f 58 53 47
f 45 124 55
f 74 33 56
f 46 72 70
f 47 16 58
f 59 124 45
f 74 101 61
f 59 76 98
f 48 102 60
f 61 63 41
f 62 102 48
f 63 79 41
f 49 148 77
f 25 13 64
f 49 65 150
f 80 50 81
f 50 66 81
f 29 25 67
f 51 29 67
f 52 66 28
f 57 70 93
f 92 97 53
f 92 53 54
f 94 92 54
f 55 135 68
f 55 95 135
f 71 56 140
f 140 56 69
f 93 96 57
f 124 95 55
f 99 47 53
f 71 74 56
f 74 71 73
f 123 70 72
f 59 98 124
f 74 73 101
f 37 47 75
f 72 60 144
f 101 63 61
f 62 104 102
f 62 80 104
f 79 42 41
f 148 49 150
f 64 82 25
f 51 153 65
f 42 109 52
f 51 67 127
f 66 52 128
f 128 107 66
f 85 87 84
f 112 83 86
f 113 86 83
f 115 84 87
f 86 113 90
f 87 85 88
f 87 89 115
f 112 86 91
f 88 89 87
f 90 91 86
f 92 120 97
f 135 94 68
f 69 136 140
f 136 69 96
f 136 96 93
f 122 93 70
f 121 71 140
f 123 122 70
f 97 99 53
f 72 142 123
f 99 75 47
f 142 72 144
f 101 73 100
f 100 63 101
f 75 103 37
f 145 98 76
f 144 60 102
f 78 37 103
f 145 76 77
f 39 78 105
f 39 105 64
f 173 104 80
f 79 106 42
f 173 80 81
f 64 105 82
f 42 106 154
f 65 153 150
f 154 109 42
f 107 81 66
f 82 110 25
f 67 25 110
f 51 108 153
f 110 127 67
f 127 108 51
f 109 128 52
f 111 83 158
f 180 158 83
f 114 84 129
f 181 129 84
f 180 83 112
f 112 183 180
f 114 85 84
f 181 84 203
f 83 111 113
f 203 84 115
f 160 203 115
f 183 112 116
f 89 239 115
f 160 115 239
f 113 117 90
f 88 85 118
f 91 116 112
f 91 90 119
f 132 89 88
f 92 212 120
f 94 212 92
f 212 94 135
f 137 136 93
f 95 187 135
f 187 95 139
f 93 122 137
f 167 71 121
f 191 122 123
f 124 139 95
f 168 139 124
f 167 143 73
f 167 73 71
f 168 124 98
f 125 75 99
f 73 143 100
f 126 171 63
f 103 149 78
f 77 148 145
f 106 79 63
f 102 104 194
f 194 104 173
f 161 113 111
f 114 130 85
f 85 130 118
f 89 164 239
f 88 118 131
f 164 89 132
f 133 90 117
f 88 134 132
f 119 90 133
f 119 240 91
f 211 120 212
f 138 97 120
f 138 141 97
f 137 122 214
f 141 99 97
f 123 142 191
f 141 125 99
f 168 98 256
f 256 98 145
f 100 126 63
f 146 147 103
f 103 75 146
f 145 148 192
f 106 63 171
f 149 105 78
f 82 105 152
f 81 151 173
f 110 82 155
f 81 107 175
f 127 110 156
f 156 108 127
f 153 108 174
f 109 177 128
f 107 128 157
f 129 201 200
f 158 180 272
f 200 114 129
f 130 114 159
f 161 162 113
f 117 113 162
f 204 183 184
f 184 183 116
f 163 118 130
f 184 116 185
f 91 185 116
f 117 165 133
f 88 131 166
f 134 88 166
f 188 120 211
f 135 187 212
f 252 140 136
f 136 213 252
f 136 251 213
f 251 136 137
f 188 138 120
f 140 215 121
f 140 252 215
f 139 189 187
f 139 297 189
f 214 122 216
f 122 191 216
f 371 297 139
f 139 168 371
f 169 143 167
f 125 141 170
f 144 218 142
f 125 146 75
f 192 256 145
f 144 221 218
f 221 144 102
f 102 222 221
f 222 102 194
f 224 148 150
f 154 106 226
f 173 151 225
f 195 150 153
f 150 195 224
f 152 176 82
f 155 82 176
f 154 177 109
f 81 175 151
f 179 110 155
f 156 174 108
f 157 128 177
f 157 178 107
f 107 178 175
f 156 110 179
f 158 273 111
f 181 201 129
f 202 114 200
f 180 183 182
f 202 159 114
f 277 203 160
f 160 239 277
f 206 204 184
f 164 207 239
f 165 117 162
f 131 118 163
f 185 91 240
f 134 186 132
f 164 132 186
f 119 133 242
f 240 119 242
f 214 251 137
f 121 215 167
f 138 190 141
f 170 217 125
f 371 168 256
f 143 258 100
f 298 142 218
f 126 100 258
f 220 218 221
f 149 103 193
f 223 149 193
f 262 192 148
f 171 172 106
f 148 224 262
f 194 173 225
f 172 226 106
f 153 174 195
f 154 196 177
f 175 178 228
f 157 177 197
f 197 198 157
f 156 179 230
f 199 178 157
f 325 273 158
f 325 158 272
f 272 271 325
f 235 327 201
f 181 235 201
f 272 180 182
f 130 159 237
f 182 183 204
f 237 182 204
f 205 204 206
f 163 130 205
f 206 163 205
f 208 206 184
f 208 163 206
f 184 185 208
f 208 131 163
f 208 241 131
f 165 209 133
f 166 210 134
f 186 134 210
f 293 212 187
f 187 294 293
f 296 252 213
f 251 253 213
f 294 187 189
f 188 190 138
f 369 167 215
f 369 299 167
f 191 255 216
f 141 190 170
f 167 299 169
f 255 191 142
f 255 142 298
f 217 146 125
f 147 146 219
f 256 192 257
f 218 220 259
f 376 257 192
f 171 126 305
f 147 193 103
f 376 192 262
f 305 172 171
f 194 225 222
f 105 149 223
f 105 227 152
f 225 151 395
f 226 196 154
f 175 228 400
f 156 264 174
f 155 176 229
f 155 229 179
f 198 199 157
f 231 232 267
f 199 233 178
f 233 228 178
f 268 234 270
f 201 327 200
f 111 273 276
f 181 203 235
f 182 274 272
f 202 275 159
f 203 561 235
f 161 111 276
f 182 278 274
f 182 237 278
f 237 159 278
f 162 161 236
f 204 238 237
f 130 237 238
f 238 205 130
f 204 205 238
f 207 490 239
f 209 165 162
f 185 279 208
f 131 241 166
f 417 207 164
f 185 240 279
f 164 186 417
f 340 133 209
f 340 242 133
f 280 281 243
f 245 342 244
f 283 342 245
f 243 284 280
f 245 246 283
f 247 246 245
f 281 282 248
f 248 243 281
f 243 249 284
f 247 245 244
f 248 249 243
f 247 244 250
f 249 286 284
f 188 211 359
f 188 359 365
f 211 212 359
f 359 212 293
f 295 252 296
f 213 363 296
f 363 213 253
f 214 512 251
f 365 254 188
f 189 366 294
f 214 368 512
f 190 188 254
f 367 189 297
f 215 451 369
f 368 214 216
f 368 216 255
f 169 455 143
f 455 258 143
f 217 219 146
f 260 298 218
f 260 218 259
f 258 305 126
f 261 147 219
f 259 220 374
f 147 261 302
f 193 147 302
f 221 222 304
f 222 225 599
f 313 105 223
f 226 172 311
f 313 227 105
f 195 314 224
f 315 196 226
f 152 263 176
f 195 174 403
f 151 175 400
f 196 265 177
f 264 403 174
f 197 177 265
f 400 228 406
f 316 231 267
f 264 156 318
f 266 234 268
f 232 324 267
f 228 233 406
f 232 231 330
f 232 332 324
f 234 269 270
f 326 273 325
f 271 410 325
f 271 272 274
f 278 159 275
f 561 203 277
f 276 236 161
f 277 490 489
f 490 277 239
f 162 337 209
f 279 241 208
f 240 242 339
f 241 341 166
f 423 422 283
f 423 283 495
f 344 281 424
f 422 342 283
f 281 344 282
f 281 280 424
f 346 244 342
f 280 284 343
f 285 244 346
f 285 250 244
f 343 284 286
f 286 349 343
f 288 250 285
f 283 246 431
f 431 428 283
f 282 353 248
f 250 290 247
f 290 291 247
f 246 247 291
f 249 248 287
f 349 286 352
f 289 290 250
f 431 246 291
f 248 353 287
f 287 292 249
f 286 249 292
f 292 358 286
f 294 366 437
f 215 252 295
f 295 438 215
f 357 295 296
f 364 253 251
f 190 254 170
f 255 452 368
f 298 452 255
f 217 170 372
f 455 169 299
f 371 256 517
f 298 260 453
f 256 257 517
f 260 259 374
f 523 374 220
f 301 300 377
f 220 221 523
f 301 309 300
f 523 221 304
f 302 464 193
f 306 300 309
f 307 303 308
f 382 376 262
f 304 222 599
f 223 193 389
f 172 305 310
f 310 311 172
f 388 387 312
f 529 224 314
f 227 263 152
f 151 532 395
f 195 403 402
f 402 314 195
f 196 404 265
f 263 229 176
f 317 231 316
f 405 316 267
f 267 407 405
f 264 318 319
f 319 403 264
f 265 320 197
f 198 197 320
f 320 323 198
f 266 321 234
f 268 554 266
f 330 231 317
f 407 267 324
f 322 156 230
f 156 322 318
f 554 268 411
f 179 229 333
f 179 333 230
f 471 326 325
f 471 325 410
f 198 328 199
f 329 234 321
f 329 269 234
f 330 331 232
f 332 232 331
f 271 475 410
f 478 200 327
f 482 480 327
f 329 415 269
f 268 270 335
f 411 268 335
f 334 336 273
f 334 273 326
f 235 482 327
f 269 415 486
f 486 270 269
f 335 270 486
f 336 276 273
f 413 271 274
f 414 275 202
f 414 202 200
f 274 278 275
f 277 686 561
f 236 337 162
f 490 207 417
f 240 339 279
f 338 279 339
f 186 420 417
f 339 242 340
f 210 166 341
f 341 421 210
f 186 210 421
f 424 280 569
f 423 495 640
f 342 425 426
f 343 569 280
f 346 426 345
f 426 346 342
f 347 282 344
f 346 345 285
f 428 495 283
f 343 349 427
f 349 497 427
f 348 288 285
f 353 282 350
f 349 429 497
f 348 351 288
f 429 349 352
f 355 288 351
f 250 288 289
f 291 354 431
f 502 287 353
f 358 352 286
f 358 433 352
f 288 355 289
f 358 292 357
f 289 437 290
f 437 291 290
f 292 287 356
f 357 292 356
f 354 291 437
f 356 287 438
f 360 359 293
f 361 360 293
f 361 293 294
f 361 294 437
f 356 362 295
f 362 438 295
f 356 295 357
f 296 435 357
f 443 296 363
f 443 435 296
f 253 448 363
f 253 449 448
f 364 449 253
f 251 512 364
f 505 437 366
f 450 366 189
f 451 215 438
f 450 189 367
f 297 580 367
f 297 653 580
f 370 170 254
f 371 653 297
f 170 370 372
f 298 586 452
f 372 373 217
f 453 586 298
f 373 219 217
f 260 659 453
f 219 373 261
f 659 260 374
f 305 258 375
f 377 300 379
f 381 303 378
f 381 308 303
f 379 300 306
f 380 303 307
f 306 383 379
f 301 386 309
f 381 384 308
f 384 307 308
f 391 385 456
f 307 384 380
f 306 386 383
f 386 306 309
f 521 390 387
f 458 521 388
f 456 385 590
f 590 385 463
f 521 387 388
f 223 389 313
f 382 262 224
f 385 391 392
f 463 385 394
f 224 529 382
f 390 312 387
f 388 465 458
f 394 385 392
f 394 393 463
f 311 315 226
f 225 395 599
f 312 390 398
f 401 394 392
f 396 397 312
f 388 312 397
f 465 388 397
f 314 537 529
f 398 396 312
f 401 467 394
f 393 394 467
f 227 399 263
f 315 404 196
f 400 532 151
f 537 314 402
f 316 470 317
f 470 316 405
f 266 549 546
f 405 407 614
f 403 319 471
f 546 408 321
f 546 321 266
f 409 330 317
f 410 475 472
f 327 473 478
f 473 327 480
f 321 408 329
f 324 617 407
f 198 323 328
f 617 324 332
f 333 557 230
f 322 230 557
f 328 412 199
f 233 199 412
f 412 406 233
f 413 475 271
f 478 414 200
f 683 482 235
f 331 630 332
f 487 413 274
f 487 274 275
f 276 416 236
f 277 489 923
f 418 209 337
f 419 241 279
f 209 632 340
f 421 420 186
f 339 340 633
f 344 424 494
f 425 342 637
f 637 342 422
f 569 343 642
f 644 345 426
f 427 642 343
f 345 644 496
f 496 285 345
f 347 350 282
f 285 496 348
f 430 351 348
f 431 571 428
f 350 432 353
f 429 573 497
f 502 353 432
f 429 352 433
f 433 498 429
f 351 500 355
f 289 355 501
f 501 436 289
f 354 434 431
f 499 431 434
f 357 435 358
f 358 577 433
f 436 361 289
f 437 289 361
f 502 506 287
f 503 358 435
f 359 445 365
f 359 439 445
f 436 441 361
f 440 360 361
f 361 437 440
f 437 361 441
f 441 505 437
f 505 440 437
f 505 354 437
f 506 438 287
f 356 442 362
f 356 438 362
f 362 444 356
f 356 357 442
f 357 356 444
f 357 435 443
f 443 442 357
f 435 357 444
f 435 444 503
f 364 509 449
f 509 364 512
f 439 359 360
f 360 446 439
f 360 441 446
f 441 360 440
f 440 505 441
f 366 354 505
f 354 366 450
f 438 506 451
f 442 444 362
f 442 447 444
f 447 442 443
f 447 443 363
f 363 448 447
f 369 451 582
f 254 365 370
f 369 582 514
f 514 299 369
f 368 452 512
f 370 454 372
f 371 656 653
f 372 454 373
f 656 371 517
f 455 375 258
f 517 257 518
f 261 527 302
f 659 374 523
f 793 257 376
f 375 460 305
f 377 379 457
f 457 301 377
f 706 521 458
f 459 456 520
f 456 590 520
f 378 303 380
f 310 305 460
f 456 459 391
f 380 461 378
f 378 384 381
f 663 376 382
f 379 383 462
f 462 457 379
f 386 301 457
f 457 462 386
f 389 193 464
f 380 384 461
f 383 386 462
f 593 458 667
f 525 392 391
f 458 601 667
f 393 597 463
f 663 382 529
f 528 398 390
f 601 458 465
f 315 311 534
f 395 672 599
f 393 536 597
f 227 313 533
f 533 399 227
f 395 532 672
f 601 465 605
f 467 536 393
f 532 400 466
f 398 547 396
f 397 605 465
f 468 467 401
f 541 537 402
f 402 403 544
f 544 543 402
f 402 543 541
f 404 469 265
f 403 471 544
f 469 404 473
f 469 474 265
f 406 612 400
f 470 409 317
f 229 263 477
f 410 472 471
f 472 475 543
f 473 404 478
f 474 476 265
f 320 265 476
f 323 320 476
f 549 266 554
f 319 479 326
f 319 326 471
f 480 476 473
f 329 408 548
f 411 621 554
f 409 481 330
f 614 407 617
f 333 229 477
f 622 318 322
f 479 334 326
f 475 627 611
f 478 555 414
f 558 406 412
f 330 481 484
f 630 617 332
f 627 475 413
f 483 411 335
f 562 330 484
f 330 562 331
f 483 335 486
f 562 630 331
f 235 561 683
f 486 415 485
f 414 487 275
f 686 277 923
f 490 417 847
f 850 847 417
f 209 418 491
f 419 279 338
f 209 491 632
f 632 493 340
f 633 340 493
f 420 421 567
f 636 696 422
f 568 424 569
f 569 764 568
f 696 637 422
f 636 422 423
f 640 636 423
f 568 494 424
f 570 344 494
f 570 347 344
f 642 427 643
f 645 643 427
f 571 495 428
f 645 427 497
f 497 857 645
f 431 647 571
f 573 429 498
f 647 431 499
f 500 351 579
f 433 577 498
f 500 501 355
f 507 358 503
f 577 358 507
f 501 504 446
f 436 501 446
f 446 441 436
f 580 499 434
f 503 444 447
f 447 448 503
f 448 507 503
f 510 445 439
f 439 511 510
f 439 446 504
f 504 511 439
f 354 450 508
f 508 434 354
f 449 507 448
f 365 445 513
f 445 510 513
f 508 450 367
f 367 580 508
f 451 583 582
f 584 509 512
f 365 513 370
f 370 513 516
f 515 299 514
f 452 585 512
f 586 585 452
f 454 370 516
f 455 299 587
f 373 454 519
f 519 527 373
f 586 453 659
f 261 373 527
f 521 706 660
f 706 458 593
f 376 663 793
f 525 391 591
f 459 591 391
f 464 302 527
f 523 665 794
f 524 390 521
f 378 461 384
f 310 460 598
f 523 304 665
f 390 524 528
f 526 590 463
f 311 310 598
f 597 526 463
f 665 304 599
f 464 531 389
f 389 531 313
f 534 311 530
f 531 533 313
f 392 539 401
f 673 529 537
f 534 538 315
f 263 399 540
f 404 315 538
f 468 401 539
f 467 542 536
f 263 540 477
f 543 608 541
f 466 400 612
f 397 613 605
f 470 607 675
f 405 610 470
f 614 610 405
f 544 472 543
f 404 538 478
f 548 408 545
f 545 408 546
f 549 729 546
f 397 396 550
f 409 470 675
f 544 471 472
f 475 608 543
f 611 608 475
f 469 473 474
f 476 474 473
f 323 476 552
f 552 553 323
f 618 318 622
f 479 319 551
f 625 476 480
f 328 323 553
f 482 625 480
f 336 334 479
f 555 559 414
f 412 328 556
f 621 411 483
f 483 682 621
f 415 329 560
f 559 564 414
f 413 684 627
f 483 486 687
f 336 563 276
f 564 487 414
f 416 276 563
f 684 413 487
f 487 564 684
f 236 416 488
f 236 565 337
f 490 847 489
f 566 418 337
f 417 420 760
f 338 692 419
f 419 492 241
f 339 692 338
f 341 241 492
f 854 636 640
f 764 569 638
f 642 638 569
f 426 425 639
f 640 495 699
f 646 496 644
f 495 571 699
f 572 348 496
f 497 573 857
f 430 348 572
f 572 574 430
f 347 575 350
f 647 700 571
f 350 575 576
f 350 576 432
f 576 578 432
f 578 502 432
f 498 577 649
f 500 504 501
f 578 583 502
f 507 581 577
f 579 510 500
f 510 511 500
f 504 500 511
f 580 434 508
f 506 502 583
f 581 507 449
f 449 509 581
f 509 652 581
f 451 506 583
f 509 584 652
f 512 585 584
f 515 587 299
f 516 519 454
f 782 656 517
f 782 517 518
f 375 455 587
f 587 589 375
f 588 520 658
f 460 375 589
f 520 588 459
f 705 658 590
f 518 257 793
f 593 786 706
f 459 588 591
f 658 520 590
f 592 524 660
f 660 524 521
f 522 594 662
f 659 523 794
f 596 525 591
f 670 464 527
f 531 464 670
f 530 311 598
f 392 525 600
f 529 720 663
f 669 667 601
f 720 529 673
f 528 535 398
f 600 606 392
f 604 672 532
f 392 606 539
f 536 1141 597
f 602 399 533
f 602 603 399
f 399 603 674
f 532 466 604
f 674 540 399
f 608 673 537
f 466 899 604
f 398 535 547
f 804 601 605
f 541 608 537
f 536 542 1022
f 607 470 610
f 538 609 555
f 899 466 612
f 546 729 545
f 555 478 538
f 474 615 616
f 467 468 741
f 741 542 467
f 675 481 409
f 319 318 618
f 551 319 618
f 619 551 676
f 474 476 615
f 620 476 474
f 474 616 620
f 476 620 615
f 552 476 620
f 621 549 554
f 547 550 396
f 550 613 397
f 551 623 479
f 620 476 625
f 553 556 328
f 322 680 622
f 623 624 479
f 611 627 806
f 406 822 612
f 329 548 560
f 680 322 557
f 479 624 744
f 744 336 479
f 683 625 482
f 556 558 412
f 406 558 628
f 628 822 406
f 481 629 484
f 682 483 687
f 686 683 561
f 488 565 236
f 1042 489 847
f 565 566 337
f 760 850 417
f 491 631 632
f 633 692 339
f 692 633 693
f 341 492 634
f 567 760 420
f 632 694 493
f 633 493 762
f 421 341 635
f 635 567 421
f 635 695 567
f 568 936 494
f 568 853 936
f 853 568 764
f 765 639 637
f 425 637 639
f 641 570 494
f 697 426 639
f 697 644 426
f 640 699 941
f 766 642 643
f 645 855 643
f 570 946 347
f 496 646 572
f 571 700 699
f 430 648 351
f 351 648 862
f 771 647 499
f 649 573 498
f 351 862 579
f 499 580 701
f 701 771 499
f 650 702 578
f 702 583 578
f 581 649 577
f 579 513 510
f 702 654 583
f 649 581 652
f 580 651 701
f 654 514 582
f 654 582 583
f 651 580 653
f 653 656 973
f 584 703 652
f 655 516 513
f 703 584 585
f 655 657 516
f 585 704 703
f 704 585 586
f 519 516 657
f 586 787 704
f 660 706 783
f 706 786 784
f 519 710 527
f 460 589 791
f 588 709 591
f 526 785 590
f 785 705 590
f 593 711 786
f 709 596 591
f 522 718 713
f 594 522 713
f 881 661 595
f 718 522 662
f 885 662 594
f 595 664 881
f 664 595 661
f 666 670 527
f 711 593 667
f 596 800 525
f 663 798 886
f 528 524 671
f 800 600 525
f 668 526 597
f 599 723 665
f 531 670 722
f 723 599 672
f 671 535 528
f 597 993 668
f 601 804 669
f 609 538 534
f 608 806 673
f 1022 1141 536
f 811 804 605
f 610 809 607
f 540 739 477
f 806 608 611
f 809 610 812
f 610 614 812
f 678 619 676
f 734 548 545
f 605 613 811
f 679 468 539
f 812 614 617
f 551 618 677
f 678 551 619
f 678 676 551
f 621 816 549
f 741 468 679
f 677 623 551
f 625 907 620
f 621 740 816
f 550 547 681
f 617 824 812
f 477 918 333
f 625 745 907
f 333 626 557
f 557 626 680
f 745 625 683
f 824 617 630
f 744 563 336
f 629 749 484
f 746 627 684
f 560 688 415
f 684 564 685
f 838 416 563
f 415 688 485
f 687 486 689
f 630 562 690
f 690 750 630
f 838 691 416
f 486 485 689
f 691 488 416
f 923 489 1042
f 492 419 692
f 341 634 1052
f 762 493 694
f 763 696 636
f 763 636 854
f 938 494 936
f 765 637 696
f 854 640 1200
f 941 1200 640
f 697 639 765
f 570 641 698
f 766 638 642
f 644 697 767
f 946 570 698
f 855 766 643
f 644 767 646
f 575 347 858
f 769 857 573
f 574 648 430
f 647 771 700
f 578 576 650
f 573 649 861
f 861 860 573
f 862 774 579
f 579 777 513
f 701 651 775
f 654 778 514
f 654 702 778
f 779 649 652
f 777 655 513
f 653 869 651
f 869 653 973
f 652 703 779
f 873 783 706
f 868 588 658
f 868 658 705
f 708 519 657
f 660 783 707
f 709 588 867
f 518 978 782
f 788 787 586
f 519 708 710
f 659 788 586
f 707 592 660
f 526 876 785
f 793 980 518
f 659 790 788
f 527 710 712
f 800 596 709
f 713 714 594
f 881 715 661
f 885 594 714
f 881 664 716
f 717 661 715
f 717 664 661
f 794 790 659
f 524 592 719
f 982 876 526
f 662 885 718
f 664 797 716
f 717 797 664
f 663 886 793
f 982 526 668
f 671 524 719
f 884 667 669
f 721 600 800
f 663 720 798
f 724 534 530
f 672 803 723
f 671 725 535
f 721 807 600
f 533 531 722
f 722 602 533
f 602 895 603
f 1129 720 673
f 724 726 534
f 672 604 896
f 606 600 807
f 597 1141 993
f 726 609 534
f 674 728 540
f 727 547 535
f 730 545 729
f 547 727 823
f 804 811 1012
f 606 735 539
f 808 607 809
f 739 540 728
f 545 730 734
f 729 549 1018
f 612 1017 899
f 539 735 679
f 813 731 618
f 618 736 813
f 677 618 731
f 623 677 731
f 616 615 732
f 620 616 732
f 615 620 732
f 737 552 620
f 737 733 552
f 552 733 553
f 734 738 548
f 622 680 1028
f 1028 736 622
f 736 618 622
f 559 555 1304
f 907 737 620
f 738 560 548
f 739 918 477
f 742 1028 680
f 556 1030 743
f 918 626 333
f 742 680 626
f 743 558 556
f 558 743 628
f 621 682 740
f 1162 627 746
f 682 835 740
f 564 559 685
f 683 834 832
f 829 1133 748
f 834 683 686
f 560 747 688
f 630 1035 824
f 746 684 685
f 686 921 834
f 484 749 562
f 750 1035 630
f 686 923 921
f 689 485 751
f 829 748 752
f 833 916 753
f 753 754 833
f 752 839 829
f 827 833 755
f 754 755 833
f 920 827 755
f 752 757 839
f 757 752 756
f 842 839 757
f 755 754 758
f 758 844 755
f 757 756 849
f 418 759 491
f 759 631 491
f 492 692 761
f 692 693 761
f 631 694 632
f 761 634 492
f 633 933 693
f 762 694 852
f 762 851 633
f 341 1052 635
f 567 695 934
f 937 696 763
f 937 765 696
f 638 1198 764
f 765 942 697
f 939 638 766
f 767 572 646
f 645 1218 855
f 946 768 347
f 1218 645 857
f 1068 699 700
f 858 347 768
f 1072 857 769
f 770 648 574
f 1080 700 771
f 860 769 573
f 575 650 576
f 701 1083 771
f 772 702 650
f 773 861 649
f 777 579 774
f 775 1083 701
f 863 773 649
f 775 651 776
f 649 779 863
f 651 869 776
f 515 514 778
f 657 655 777
f 777 781 657
f 868 867 588
f 587 515 780
f 779 703 704
f 704 870 779
f 873 706 969
f 706 1091 969
f 708 657 781
f 656 782 973
f 1091 706 784
f 781 874 708
f 787 870 704
f 874 710 708
f 719 592 707
f 518 980 978
f 711 1106 786
f 789 800 709
f 791 796 460
f 712 795 527
f 879 713 718
f 885 714 792
f 598 460 796
f 715 883 717
f 711 884 1106
f 795 666 527
f 879 718 885
f 792 988 885
f 598 796 799
f 794 665 888
f 671 719 802
f 884 711 667
f 666 801 670
f 598 799 891
f 891 530 598
f 888 665 723
f 801 722 670
f 802 725 671
f 889 798 720
f 889 720 1129
f 724 530 891
f 1120 669 804
f 896 1003 672
f 803 672 1003
f 805 603 895
f 805 674 603
f 535 725 727
f 674 805 728
f 1129 673 806
f 606 807 735
f 726 1304 609
f 675 607 808
f 555 609 1304
f 729 1018 730
f 813 1144 731
f 814 731 902
f 737 1025 810
f 737 810 815
f 733 737 815
f 549 816 1018
f 675 817 481
f 736 818 813
f 623 731 814
f 814 819 623
f 1025 737 907
f 733 820 553
f 1022 542 905
f 817 821 481
f 819 1157 623
f 806 1162 898
f 556 553 820
f 1017 612 822
f 1026 816 740
f 811 613 1027
f 1133 829 1013
f 821 917 481
f 903 812 824
f 1162 806 627
f 1029 907 745
f 547 823 681
f 900 827 1010
f 741 679 825
f 825 542 741
f 917 629 481
f 626 918 911
f 626 911 742
f 912 744 624
f 1034 1029 745
f 832 1034 745
f 743 914 628
f 914 822 628
f 550 681 919
f 550 826 613
f 827 920 1010
f 744 912 830
f 830 563 744
f 559 831 685
f 745 683 832
f 828 748 1133
f 1013 829 1031
f 830 836 563
f 916 833 900
f 827 900 833
f 836 838 563
f 837 748 828
f 682 687 835
f 1031 829 839
f 749 840 562
f 690 562 840
f 750 690 841
f 687 689 1185
f 1031 839 842
f 752 748 837
f 845 754 753
f 752 837 843
f 565 488 1044
f 1182 920 755
f 756 752 843
f 566 565 1044
f 755 929 1182
f 844 929 755
f 756 843 848
f 757 846 842
f 928 842 846
f 754 845 932
f 758 754 932
f 756 848 849
f 849 846 757
f 850 760 931
f 933 761 693
f 633 851 933
f 934 760 567
f 1196 937 763
f 1359 763 854
f 764 1053 853
f 1198 1053 764
f 1200 1197 854
f 494 938 940
f 1198 638 939
f 940 641 494
f 943 939 766
f 942 1065 697
f 1065 767 697
f 699 1063 941
f 943 766 855
f 699 1068 1063
f 700 1383 1068
f 575 858 859
f 650 575 859
f 960 1080 771
f 960 771 1083
f 861 773 965
f 775 967 1083
f 772 971 702
f 865 774 966
f 774 865 777
f 775 1095 967
f 865 966 968
f 864 870 866
f 867 868 1088
f 869 775 776
f 872 778 702
f 864 863 779
f 865 968 871
f 871 874 865
f 874 781 865
f 777 865 781
f 515 872 780
f 872 515 778
f 779 870 864
f 875 709 970
f 867 970 709
f 868 705 1404
f 1103 587 780
f 783 873 1242
f 1102 973 782
f 866 870 976
f 1242 707 783
f 1099 1091 784
f 705 785 1404
f 589 587 1103
f 787 976 870
f 784 786 1099
f 1102 782 978
f 787 979 976
f 789 709 875
f 876 1404 785
f 877 710 874
f 979 787 788
f 877 712 710
f 979 788 790
f 790 878 979
f 789 1114 800
f 1247 980 793
f 715 882 883
f 712 987 795
f 792 714 880
f 790 794 878
f 1117 716 797
f 797 989 1117
f 793 886 1113
f 799 796 887
f 1115 878 794
f 1115 794 888
f 666 795 994
f 886 798 1113
f 799 887 891
f 666 994 801
f 798 889 1113
f 803 888 723
f 884 669 1120
f 1002 889 890
f 1129 996 890
f 890 889 1129
f 724 891 999
f 893 892 891
f 722 894 602
f 895 602 894
f 726 724 1009
f 804 1140 1120
f 805 895 897
f 604 1136 896
f 806 898 1129
f 1136 604 899
f 1140 804 1012
f 807 901 735
f 675 1619 817
f 675 808 1619
f 808 809 1286
f 1144 902 731
f 1008 1133 1013
f 901 904 735
f 809 812 1154
f 813 818 1144
f 902 819 814
f 815 820 733
f 900 1010 1134
f 828 1133 1007
f 1154 812 903
f 816 1026 1018
f 1027 1012 811
f 735 904 679
f 1028 1023 736
f 556 820 908
f 822 1159 1017
f 916 900 1006
f 1147 828 1007
f 1013 1031 1138
f 824 1161 903
f 918 739 906
f 624 623 1157
f 1030 556 908
f 1030 913 743
f 560 738 909
f 740 1165 1026
f 825 910 542
f 830 912 742
f 742 911 830
f 1034 832 913
f 743 913 914
f 909 747 560
f 823 915 681
f 1027 613 826
f 914 913 832
f 832 834 914
f 1165 740 835
f 919 826 550
f 1143 1010 920
f 917 749 629
f 836 911 918
f 830 911 836
f 746 1172 1162
f 831 1484 685
f 1168 914 834
f 1294 1143 920
f 828 1147 837
f 1484 746 685
f 1168 834 921
f 1147 1040 837
f 687 1642 835
f 924 485 688
f 922 753 916
f 1294 920 1182
f 1171 1035 750
f 485 924 751
f 840 841 690
f 926 753 922
f 1174 1031 842
f 488 691 925
f 926 845 753
f 1174 842 928
f 928 1337 1174
f 843 837 927
f 845 926 930
f 1182 929 1336
f 930 1045 845
f 1648 1042 847
f 1045 932 845
f 844 1190 929
f 848 1047 849
f 846 1347 928
f 847 850 1342
f 850 931 1342
f 844 758 1049
f 1190 844 1049
f 846 849 1192
f 1347 846 1192
f 758 932 1050
f 1049 758 1050
f 761 933 634
f 933 851 1193
f 934 695 935
f 1359 1196 763
f 1053 936 853
f 1197 1359 854
f 1199 765 937
f 1054 765 1199
f 765 1054 942
f 943 1202 939
f 1055 698 641
f 1055 946 698
f 1056 943 855
f 1067 1056 855
f 1062 1061 944
f 1064 947 1060
f 1060 947 1209
f 949 944 1061
f 1065 950 767
f 947 1064 948
f 1062 944 856
f 944 949 952
f 952 856 944
f 945 1062 856
f 572 767 950
f 1209 947 951
f 951 1215 1209
f 945 856 953
f 950 955 572
f 956 947 948
f 952 949 954
f 856 952 953
f 857 1072 1218
f 956 957 947
f 951 947 957
f 1215 951 1071
f 952 954 953
f 955 1076 572
f 1071 951 957
f 574 572 1076
f 769 1075 1072
f 770 574 1076
f 700 1080 1383
f 769 1078 1075
f 770 959 648
f 769 860 1078
f 859 772 650
f 1078 860 961
f 961 958 1078
f 860 861 961
f 962 648 959
f 648 962 862
f 962 963 862
f 963 774 862
f 1085 965 773
f 961 861 965
f 966 774 963
f 971 772 964
f 1085 773 863
f 863 864 1085
f 1232 1085 864
f 1230 968 966
f 970 867 1395
f 1395 867 1088
f 1232 864 866
f 1232 866 1092
f 1400 969 1091
f 775 869 1094
f 1094 1095 775
f 702 971 972
f 972 872 702
f 1090 873 969
f 1404 1088 868
f 973 975 869
f 869 975 1094
f 974 780 872
f 972 974 872
f 1540 1242 873
f 973 1100 975
f 973 1102 1100
f 780 974 1103
f 875 1234 789
f 977 877 871
f 877 874 871
f 786 1106 1099
f 981 712 877
f 1107 979 878
f 802 719 1111
f 981 985 712
f 1108 713 879
f 714 713 1108
f 715 881 983
f 983 1110 715
f 882 715 984
f 987 712 985
f 1254 1108 879
f 880 986 792
f 793 1113 1247
f 716 1117 983
f 881 716 983
f 984 1118 882
f 1718 1106 884
f 1114 991 800
f 1116 1254 879
f 1116 879 885
f 792 986 988
f 797 1118 989
f 1118 797 717
f 883 882 1118
f 717 883 1118
f 885 988 1116
f 994 795 987
f 721 800 991
f 887 997 891
f 888 803 1115
f 998 722 801
f 801 994 998
f 996 995 890
f 892 1123 891
f 999 891 1123
f 894 722 998
f 1128 889 1002
f 893 891 997
f 803 1003 1000
f 721 1135 807
f 894 1001 895
f 1009 724 999
f 1001 897 895
f 896 1136 1003
f 1004 1614 725
f 805 897 1005
f 725 1614 727
f 1133 1438 1007
f 898 1279 1129
f 1009 1304 726
f 1006 900 1134
f 1010 1143 1134
f 1143 1603 1134
f 1138 1008 1013
f 808 1286 1619
f 809 1289 1286
f 1144 1011 902
f 1014 902 1011
f 1016 815 810
f 810 1015 1016
f 1021 734 730
f 730 1150 1021
f 730 1151 1150
f 1151 730 1018
f 1289 809 1154
f 1020 739 728
f 1149 1144 818
f 819 902 1014
f 1015 810 1025
f 815 1016 820
f 1026 1293 1018
f 1142 916 1006
f 818 736 1023
f 907 1291 1025
f 1021 909 734
f 909 738 734
f 1012 1027 1153
f 1157 819 1024
f 821 1167 917
f 906 1033 918
f 1028 742 912
f 1157 1166 624
f 1291 907 1029
f 1034 1030 908
f 1284 1138 1031
f 904 1032 679
f 542 910 905
f 624 1166 912
f 1304 831 559
f 1305 1029 1034
f 913 1030 1034
f 822 1164 1159
f 1169 916 1142
f 1033 1036 918
f 822 914 1168
f 1168 1164 822
f 1306 1165 835
f 915 919 681
f 826 1309 1027
f 1161 824 1035
f 836 918 1036
f 916 1169 922
f 746 1484 1172
f 1306 835 1482
f 1031 1174 1284
f 838 836 1036
f 921 1487 1168
f 835 1642 1482
f 838 1321 691
f 749 1038 840
f 923 1039 921
f 924 688 1037
f 1476 1294 1182
f 1321 1324 691
f 1324 925 691
f 689 751 1041
f 1041 1185 689
f 1040 927 837
f 923 1042 1333
f 1044 488 1187
f 928 1188 1337
f 929 1189 1336
f 1494 1042 1648
f 843 1043 848
f 1046 566 1044
f 1046 418 566
f 848 1043 1047
f 1046 759 418
f 1188 928 1347
f 1190 1189 929
f 1048 932 1045
f 1048 1051 932
f 1047 1195 849
f 1050 932 1051
f 1192 849 1195
f 934 1191 760
f 760 1191 931
f 1049 1050 1351
f 852 694 1357
f 695 635 935
f 1665 940 938
f 1198 939 1360
f 1201 1054 1199
f 1202 1360 939
f 941 1668 1200
f 1361 1202 1056
f 942 1054 1058
f 1055 1368 946
f 1056 1202 943
f 1062 1057 1205
f 942 1058 1065
f 1668 941 1063
f 1060 1059 1064
f 1205 1061 1062
f 1066 1059 1208
f 1064 1059 1066
f 1062 945 1057
f 1206 1057 945
f 1214 1067 855
f 1069 948 1066
f 948 1064 1066
f 945 1210 1206
f 1216 1210 945
f 1214 855 1218
f 945 953 1216
f 1069 1070 956
f 956 948 1069
f 1374 1218 1072
f 954 1073 953
f 768 859 858
f 956 1222 957
f 1071 957 1074
f 1077 770 1076
f 1075 1078 1079
f 770 1077 959
f 1079 1078 958
f 1082 959 1077
f 1081 772 859
f 1079 958 1225
f 958 961 1225
f 959 1082 1084
f 1084 962 959
f 965 1227 961
f 961 1227 1228
f 966 1086 1230
f 966 963 1086
f 967 1401 1083
f 964 1087 971
f 1397 1085 1232
f 1229 970 1395
f 1088 1396 1395
f 1230 1093 968
f 1090 969 1400
f 1232 1092 1233
f 1090 1540 873
f 1088 1404 1089
f 1093 871 968
f 1401 967 1095
f 1237 1240 971
f 1096 972 971
f 971 1240 1096
f 1097 1091 1099
f 875 970 1234
f 1093 1101 871
f 1096 1098 972
f 1098 974 972
f 1243 975 1100
f 866 976 1246
f 1246 1092 866
f 1408 1097 1099
f 707 1242 1412
f 1102 978 1104
f 1103 1105 589
f 1099 1106 1408
f 1708 1404 876
f 1246 976 979
f 719 707 1412
f 876 1549 1708
f 981 877 977
f 978 980 1104
f 979 1414 1246
f 980 1247 1104
f 791 589 1105
f 1414 979 1107
f 1111 719 1412
f 1114 789 1248
f 796 791 1252
f 1549 876 982
f 1112 985 981
f 1108 1109 714
f 880 714 1109
f 887 796 1252
f 984 715 1110
f 983 1117 1255
f 982 1564 1549
f 986 1259 988
f 1107 878 1115
f 1258 1116 988
f 988 1259 1258
f 989 1260 1117
f 1260 989 1118
f 987 985 994
f 1262 1564 982
f 982 668 1262
f 992 1272 1263
f 992 1263 1119
f 1268 997 887
f 884 1120 1718
f 1119 1272 992
f 1113 889 1429
f 802 1121 725
f 993 1262 668
f 995 996 1442
f 1122 999 1123
f 1000 1115 803
f 721 991 1135
f 1429 889 1128
f 1122 1132 999
f 892 1124 1123
f 998 1125 894
f 1125 1001 894
f 1128 1127 1126
f 1128 1002 1127
f 1127 890 995
f 1442 996 1129
f 1124 892 1276
f 893 997 1124
f 1276 893 1124
f 1276 1124 1130
f 1003 1131 1000
f 1127 1002 890
f 1132 1009 999
f 892 893 1276
f 1130 1277 1276
f 1438 1133 1726
f 1005 897 1001
f 1131 1003 1136
f 1440 1120 1140
f 1006 1725 1137
f 1586 1725 1006
f 1726 1133 1008
f 1586 1006 1134
f 1451 1007 1438
f 993 1141 1612
f 1283 805 1005
f 728 805 1283
f 1139 1136 899
f 1142 1006 1137
f 1441 1138 1284
f 899 1146 1139
f 1140 1012 1453
f 1872 1603 1143
f 1283 1020 728
f 1015 1288 1145
f 1015 1145 1016
f 899 1017 1146
f 1018 1622 1151
f 1152 823 727
f 1014 1024 819
f 1015 1025 1288
f 1016 1292 820
f 1017 1159 1146
f 1012 1153 1453
f 1141 1022 1148
f 1019 821 817
f 906 739 1020
f 1291 1288 1025
f 1293 1026 1297
f 1022 1298 1148
f 1474 1023 1028
f 2022 898 1162
f 908 820 1155
f 1155 1158 908
f 1026 1165 1297
f 1156 1160 823
f 1298 1022 905
f 1154 903 1161
f 1474 1028 912
f 912 1477 1474
f 1029 1632 1291
f 1632 1029 1305
f 1034 908 1158
f 1158 1163 1034
f 915 823 1160
f 1477 912 1166
f 1034 1163 1305
f 1027 1309 1153
f 679 1032 1170
f 825 679 1170
f 1170 1639 825
f 825 1639 910
f 1167 1315 917
f 1315 749 917
f 1035 1171 1161
f 1628 1162 1172
f 826 919 1173
f 1315 1175 749
f 747 1037 688
f 1176 838 1036
f 1177 749 1175
f 1176 1178 838
f 1180 922 1169
f 1321 838 1178
f 921 1179 1487
f 749 1177 1038
f 1321 1178 1319
f 1179 921 1039
f 1039 1183 1179
f 1184 924 1037
f 1770 1642 687
f 922 1180 1489
f 1039 1326 1183
f 687 1185 1770
f 750 1181 1171
f 1327 1326 1039
f 1039 923 1327
f 1184 1186 924
f 924 1186 751
f 926 922 1489
f 1331 1181 750
f 923 1330 1327
f 1186 1041 751
f 1476 1182 1336
f 1336 1486 1476
f 1331 750 841
f 925 1335 488
f 1330 923 1333
f 1328 1174 1337
f 1335 1187 488
f 930 926 1340
f 1044 1341 1046
f 847 1497 1648
f 1497 847 1342
f 1190 1780 1189
f 1347 1345 1188
f 759 1348 631
f 1190 1049 1346
f 1193 634 933
f 1193 1353 634
f 634 1353 1052
f 1191 934 1350
f 1346 1049 1351
f 851 762 1194
f 1353 1354 1052
f 635 1052 1354
f 1051 1660 1050
f 1660 1351 1050
f 1195 1352 1192
f 1196 1791 1661
f 1791 1196 1359
f 1053 1504 936
f 1198 1505 1053
f 1662 1199 937
f 1202 1361 1360
f 1203 1058 1201
f 1054 1201 1058
f 1666 1205 1203
f 1061 1362 1363
f 1061 1205 1362
f 1057 1203 1205
f 1206 1203 1057
f 1206 1058 1203
f 1056 1207 1361
f 1204 1361 1207
f 1207 1208 1204
f 1208 1059 1204
f 1060 1667 1059
f 1364 1065 1058
f 1366 1207 1056
f 1209 1667 1060
f 1211 1061 1363
f 1058 1206 1210
f 1210 1364 1058
f 1364 1212 1065
f 1067 1365 1366
f 1366 1056 1067
f 1208 1207 1366
f 1366 1213 1208
f 1213 1066 1208
f 950 1065 1212
f 1365 1067 1214
f 1211 949 1061
f 1368 768 946
f 1215 1670 1209
f 1219 949 1211
f 1215 1513 1670
f 950 1217 955
f 1215 1375 1513
f 954 949 1219
f 1071 1375 1215
f 954 1219 1221
f 1216 953 1220
f 1072 1377 1374
f 955 1224 1076
f 859 768 1684
f 1072 1521 1377
f 956 1070 1222
f 1375 1071 1381
f 954 1221 1223
f 1223 1073 954
f 1220 953 1073
f 1521 1072 1075
f 1222 1074 957
f 1074 1381 1071
f 1077 1224 1387
f 1077 1076 1224
f 1075 1522 1521
f 1522 1075 1388
f 1079 1388 1075
f 1079 1389 1388
f 1390 1082 1077
f 1391 1383 1080
f 1391 1080 960
f 1082 1226 1084
f 1394 960 1083
f 964 772 1081
f 962 1086 963
f 1083 1401 1394
f 1081 1231 964
f 965 1085 1397
f 1228 1225 961
f 1231 1087 964
f 970 1229 1234
f 1396 1088 1089
f 1700 1093 1230
f 1091 1826 1400
f 1235 1087 1401
f 971 1087 1237
f 1091 1097 1826
f 1236 1401 1095
f 1235 1237 1087
f 1093 1704 1101
f 1094 975 1238
f 1095 1094 1238
f 1238 1239 1095
f 1095 1239 1236
f 975 1243 1238
f 1709 1838 1092
f 1100 1411 1243
f 1245 1103 974
f 974 1551 1245
f 974 1098 1551
f 1092 1246 1709
f 871 1101 1244
f 1102 1411 1100
f 1248 789 1234
f 1244 977 871
f 1102 1413 1411
f 1102 1104 1413
f 1105 1103 1245
f 1408 1106 1546
f 1107 1573 1414
f 1546 1106 1718
f 1109 1251 880
f 1253 1249 1250
f 986 880 1251
f 1572 1567 1247
f 1247 1113 1572
f 984 1110 1256
f 1256 1118 984
f 1573 1107 1257
f 1116 1258 1254
f 1117 1260 1255
f 1256 1261 1118
f 1107 1115 1257
f 1261 1260 1118
f 985 1112 1271
f 1271 994 985
f 1263 1428 1119
f 1119 1428 1264
f 1265 1266 1269
f 1111 1121 802
f 1119 1264 1267
f 1265 1269 1590
f 990 1266 1270
f 1266 990 1269
f 1271 998 994
f 1119 1273 1272
f 1267 1273 1119
f 1270 1269 990
f 1257 1115 1000
f 998 1271 1275
f 1122 1274 1443
f 1274 1122 1123
f 1439 1257 1000
f 1726 1579 1438
f 998 1275 1125
f 1592 1429 1128
f 1442 1127 995
f 1132 1122 1443
f 1274 1123 1124
f 997 1130 1124
f 1727 1726 1008
f 1727 1008 1441
f 1128 1126 1445
f 1276 1274 1124
f 1131 1439 1000
f 1125 1005 1001
f 1278 1445 1448
f 1126 1448 1445
f 1127 1448 1126
f 1129 1279 1442
f 1586 1134 1603
f 1612 1262 993
f 1280 1450 1277
f 1446 1280 1277
f 1439 1131 1609
f 1609 1131 1136
f 1008 1138 1441
f 1135 1282 807
f 1455 1283 1005
f 1136 1139 1609
f 1140 1610 1440
f 1139 1456 1609
f 1140 1453 1610
f 1147 1007 1451
f 901 807 1282
f 1141 1454 1612
f 1009 1290 1304
f 1614 1152 727
f 1281 1142 1137
f 1011 1144 1285
f 1285 1287 1011
f 1139 1458 1456
f 1139 1146 1458
f 1302 1142 1281
f 1459 1454 1141
f 1141 1148 1459
f 1020 1283 1460
f 1144 1149 1285
f 1014 1287 1024
f 1014 1011 1287
f 898 2022 1279
f 1145 1292 1016
f 1621 1150 1151
f 1151 1622 1621
f 1019 817 1463
f 817 1619 1463
f 1460 1296 1020
f 1023 1149 818
f 1146 1159 1465
f 1465 1458 1146
f 1021 1150 1466
f 1622 1018 1293
f 1152 1156 823
f 1294 1872 1143
f 901 1472 904
f 1464 1289 1154
f 1154 1295 1464
f 906 1020 1296
f 1155 820 1292
f 1466 1471 909
f 909 1021 1466
f 821 1019 1303
f 1303 1167 821
f 1296 1299 906
f 1157 1024 1300
f 1162 1628 2022
f 1155 1301 1158
f 1159 1469 1465
f 1160 1297 1165
f 1302 1169 1142
f 1303 1298 1167
f 1295 1154 1161
f 906 1299 1308
f 1308 1033 906
f 1166 1157 1300
f 1159 1164 1469
f 1471 1481 909
f 1165 1306 1160
f 1473 1298 905
f 1164 1313 1469
f 747 909 1481
f 1302 1180 1169
f 1284 1311 1615
f 910 1473 905
f 1307 1295 1161
f 1307 1312 1308
f 1033 1308 1312
f 915 1314 919
f 1147 1310 1040
f 1161 1316 1307
f 1036 1033 1312
f 1172 1484 1628
f 1164 1168 1480
f 1164 1480 1313
f 1311 1284 1174
f 1161 1171 1316
f 831 1483 1484
f 1480 1168 1487
f 1037 747 1481
f 1481 1485 1037
f 1317 1316 1171
f 1176 1319 1178
f 1642 1640 1482
f 1321 1319 1317
f 1320 1485 1318
f 1485 1320 1037
f 1317 1171 1181
f 1181 1322 1317
f 1321 1317 1322
f 1179 1323 1487
f 1179 1183 1323
f 1318 1323 1183
f 1320 1318 1183
f 1183 1326 1320
f 1320 1184 1037
f 1325 1322 1324
f 1325 1321 1322
f 1325 1324 1321
f 1184 1320 1326
f 1324 1322 1181
f 1174 1328 1311
f 1324 1181 1329
f 1329 1332 1324
f 1332 925 1324
f 1326 1327 1330
f 1184 1326 1186
f 1331 1329 1181
f 1332 1335 925
f 1334 1186 1326
f 926 1489 1340
f 1493 927 1040
f 1329 1331 1490
f 1491 1186 1334
f 1186 1492 1041
f 1335 1490 1187
f 1771 1486 1336
f 1042 1494 1333
f 1044 1187 1338
f 1493 843 927
f 1778 1337 1188
f 1189 1906 1336
f 1493 1043 843
f 1341 1044 1339
f 1189 1780 1906
f 1778 1188 1650
f 1650 1188 1345
f 1045 930 1499
f 1343 1344 1043
f 1043 1344 1047
f 1345 1782 1650
f 1499 1048 1045
f 1190 1653 1780
f 1653 1190 1346
f 1344 1195 1047
f 694 631 1348
f 1356 1051 1048
f 1347 1192 1501
f 1348 1502 694
f 1357 694 1502
f 851 1349 1193
f 1352 1501 1192
f 762 852 1194
f 1194 1349 851
f 1354 1355 635
f 1355 935 635
f 1350 934 935
f 1660 1051 1358
f 1196 1661 1662
f 1662 937 1196
f 938 1920 1665
f 1792 938 936
f 1792 936 1504
f 1505 1504 1053
f 1359 1197 1663
f 1662 1201 1199
f 1664 1663 1197
f 1198 1360 1505
f 1664 1197 1200
f 641 940 1055
f 1664 1200 1668
f 1666 1203 1201
f 1204 1506 1361
f 1204 1059 1506
f 1506 1059 1667
f 1205 1666 1362
f 1667 1209 1669
f 1366 1365 1367
f 1670 1669 1209
f 1214 1367 1365
f 1213 1366 1367
f 1212 1371 950
f 1214 1369 1367
f 1368 1372 768
f 1369 1214 1218
f 1373 1069 1213
f 1069 1066 1213
f 1210 1216 1370
f 1797 1063 1068
f 1218 1374 1369
f 1676 1370 1216
f 1374 1377 1512
f 1216 1220 1376
f 1376 1676 1216
f 1927 1068 1677
f 1375 1518 1513
f 1221 1219 1379
f 1220 1520 1376
f 1380 1224 955
f 1378 1384 1070
f 1384 1222 1070
f 1381 1518 1375
f 1382 1379 1219
f 1073 1524 1220
f 1376 1387 1224
f 1068 1383 1677
f 1378 1522 1388
f 1384 1385 1222
f 1074 1222 1385
f 1379 1223 1221
f 1223 1386 1073
f 1073 1386 1524
f 1381 1074 1531
f 1381 1529 1518
f 1387 1525 1390
f 1077 1387 1390
f 1818 1389 1079
f 1081 859 1534
f 1818 1079 1225
f 1690 1391 960
f 1225 1945 1818
f 960 1394 1690
f 1394 1692 1690
f 1082 1393 1226
f 1536 962 1084
f 1086 962 1536
f 1394 1537 1692
f 1392 1537 1231
f 1231 1081 1392
f 1227 965 1398
f 965 1397 1398
f 1225 1228 1399
f 1090 1953 1961
f 1953 1090 1400
f 1700 1230 1539
f 1086 1539 1230
f 1401 1537 1394
f 1537 1401 1231
f 1397 1232 1402
f 1227 1398 1402
f 1402 1403 1227
f 1403 1228 1227
f 1403 1399 1228
f 1400 1826 1953
f 1829 1234 1229
f 1700 1405 1093
f 1231 1401 1087
f 1402 1232 1233
f 1233 1541 1402
f 1236 1235 1401
f 1541 1233 1092
f 1241 1242 1540
f 1704 1093 1405
f 1239 1238 1706
f 1236 1406 1235
f 1237 1235 1406
f 1237 1542 1240
f 1542 1407 1240
f 1096 1240 1407
f 1704 1244 1101
f 1406 1236 1239
f 1406 1542 1237
f 1407 1098 1096
f 1404 1708 1834
f 1243 1543 1238
f 1407 1409 1098
f 1409 1551 1098
f 1410 1242 1241
f 1248 1234 1701
f 1547 1543 1243
f 1243 1411 1547
f 1410 1412 1242
f 1105 1245 1551
f 1246 1548 1709
f 1548 1246 1414
f 1244 1416 977
f 1104 1415 1413
f 1104 1247 1415
f 791 1105 1557
f 1252 791 1557
f 977 1416 981
f 1247 1567 1415
f 1418 1250 1249
f 1577 1114 1248
f 981 1416 1112
f 1109 1108 1420
f 1420 1417 1109
f 1109 1417 1251
f 1110 983 1721
f 1721 1418 1110
f 1110 1418 1421
f 1421 1418 1249
f 1249 1253 1421
f 1418 1421 1250
f 1250 1421 1253
f 1425 1419 1422
f 1420 1254 1422
f 1108 1254 1420
f 1575 986 1251
f 1252 1423 887
f 1721 983 1255
f 1255 1578 1721
f 1421 1256 1110
f 1256 1421 1584
f 1427 1584 1421
f 1424 1112 1416
f 1422 1426 1425
f 1422 1254 1258
f 1258 1426 1422
f 1575 1259 986
f 1268 887 1423
f 1578 1255 1260
f 1261 1256 1584
f 1425 1428 1730
f 1425 1426 1428
f 1258 1582 1426
f 1582 1258 1259
f 1113 1429 1572
f 1430 1578 1260
f 1430 1260 1261
f 1261 1584 1430
f 1433 1584 1427
f 1431 1433 1427
f 1271 1112 1424
f 1432 1428 1263
f 1428 1432 1730
f 1426 1587 1264
f 1264 1428 1426
f 1431 1265 1433
f 1265 1431 1266
f 1121 1111 1434
f 1114 1747 991
f 1432 1263 1272
f 1587 1267 1264
f 1590 1433 1265
f 1266 1435 1270
f 1120 1862 1718
f 1727 1989 1726
f 991 1747 1135
f 1273 1432 1272
f 1268 1444 997
f 1589 1590 1597
f 1590 1269 1435
f 1435 1269 1270
f 1727 1441 1996
f 1274 1601 1443
f 1130 997 1444
f 1451 1438 1579
f 1128 1445 1592
f 1442 1448 1127
f 1443 1449 1132
f 1276 1601 1274
f 1446 1130 1444
f 1446 1277 1130
f 1725 1599 1137
f 1586 1603 1999
f 1996 1441 1744
f 1752 1125 1275
f 1278 1607 1445
f 1600 1442 1279
f 1009 1132 1449
f 1601 1276 1277
f 1277 1605 1601
f 1450 1605 1277
f 725 1121 1004
f 1005 1125 1752
f 1449 1290 1009
f 1137 1599 1281
f 1441 1750 1744
f 1600 1279 2016
f 1452 1005 1752
f 1005 1452 1455
f 1147 1451 1613
f 1454 1755 1612
f 1441 1284 1750
f 1615 1750 1284
f 1455 1452 1460
f 1455 1460 1283
f 1458 1616 1456
f 1152 1614 1618
f 1302 1281 1623
f 1286 1620 1619
f 1452 1464 1460
f 1149 1625 1285
f 1288 1461 1457
f 1145 1288 1457
f 1292 1145 1457
f 1616 1458 1462
f 1462 1466 1616
f 1621 1617 1150
f 1620 1286 1289
f 1289 1464 1620
f 1464 1296 1460
f 1149 1023 1625
f 1291 1760 1461
f 1461 1288 1291
f 1465 1462 1458
f 1293 1618 1622
f 1618 1156 1152
f 1872 1294 1881
f 1148 1303 1459
f 1019 1459 1303
f 1295 1296 1464
f 1023 1883 1625
f 1290 1478 1304
f 1466 1462 1471
f 1156 1618 1297
f 1293 1297 1618
f 1147 1613 1310
f 1298 1303 1148
f 1295 1467 1296
f 1468 1296 1467
f 1468 1299 1296
f 1883 1023 1474
f 1469 1630 1465
f 1465 1630 1470
f 1470 1471 1465
f 1462 1465 1471
f 1160 1156 1297
f 1298 1473 1634
f 1299 1468 1308
f 1300 1475 1166
f 1305 1633 1632
f 1158 1633 1163
f 1471 1470 1630
f 1630 1469 1471
f 1469 1481 1471
f 1479 1160 1306
f 1476 1881 1294
f 1476 2035 1881
f 1032 904 1472
f 1167 1298 1634
f 1307 1468 1467
f 1468 1307 1308
f 1477 1166 1475
f 1478 831 1304
f 1633 1305 1163
f 1313 1481 1469
f 1479 915 1160
f 1764 1615 1311
f 1634 1638 1315
f 1315 1167 1634
f 1307 1467 1295
f 915 1479 1314
f 910 1637 1473
f 1307 1316 1312
f 1479 1306 1482
f 1637 910 1639
f 1175 1315 1638
f 1317 1312 1316
f 1312 1317 1176
f 1036 1312 1176
f 1314 1768 919
f 919 1768 1173
f 1476 1486 2035
f 1481 1313 1485
f 1764 1311 1641
f 1317 1319 1176
f 1318 1313 1480
f 1480 1487 1318
f 1485 1313 1318
f 1488 1489 1180
f 1487 1323 1318
f 1641 1311 1328
f 1330 1333 1334
f 1334 1326 1330
f 1489 1495 1340
f 1493 1040 1644
f 1328 1769 1641
f 1329 1335 1332
f 840 1901 841
f 1901 1646 841
f 1331 841 1646
f 1490 1331 1646
f 1335 1329 1490
f 1333 1491 1334
f 1491 1492 1186
f 1185 1041 1492
f 1492 1900 1185
f 1646 1647 1490
f 1647 1187 1490
f 1769 1328 1645
f 1328 1337 1645
f 1338 1187 1647
f 1771 1336 1906
f 1645 1337 1778
f 1338 1339 1044
f 1494 1648 1776
f 1341 1339 1496
f 1340 1498 930
f 1493 1343 1043
f 1499 930 1498
f 1345 1783 1782
f 1048 1499 1356
f 1347 1783 1345
f 1500 1353 1193
f 1503 1195 1344
f 1783 1347 1656
f 852 1357 1659
f 935 1355 1787
f 1656 1347 1501
f 1356 1358 1051
f 1346 1351 1660
f 1920 938 1792
f 1791 1359 1663
f 1662 1793 1201
f 1921 1505 1360
f 1793 1666 1201
f 1360 1361 1921
f 1921 1361 1506
f 2065 1664 1668
f 1507 1368 1055
f 1508 1363 1362
f 1510 1211 1363
f 1668 1063 1797
f 1364 1210 1509
f 1509 1212 1364
f 1371 1509 1210
f 1371 1212 1509
f 1213 1367 1369
f 1513 1798 1670
f 1219 1211 1510
f 1371 1210 1370
f 1213 1369 1373
f 1925 1798 1513
f 1517 1219 1510
f 950 1371 1217
f 1372 1684 768
f 1374 1672 1369
f 1672 1374 1511
f 1373 1511 1516
f 1516 1069 1373
f 1370 1515 1217
f 1797 1068 1927
f 1511 1374 1512
f 1925 1513 1805
f 1517 1382 1219
f 955 1217 1515
f 1516 1070 1069
f 1676 1376 1514
f 1516 1378 1070
f 1515 1380 955
f 1808 1512 1377
f 1377 1521 1808
f 1805 1513 1518
f 1382 1517 1519
f 1220 1806 1520
f 1387 1376 1520
f 1224 1807 1376
f 1807 1224 1380
f 1388 1384 1378
f 1523 1382 1519
f 1525 1220 1524
f 1525 1806 1220
f 1387 1520 1525
f 1388 1389 1526
f 1526 1384 1388
f 1527 1526 1389
f 1528 1527 1389
f 1528 1074 1385
f 1528 1531 1074
f 1379 1382 1523
f 1530 1223 1379
f 1815 1533 1390
f 1815 1390 1525
f 1534 859 1684
f 1528 1389 1818
f 1531 1532 1381
f 1816 1383 1391
f 1390 1533 1695
f 1390 1695 1082
f 1816 1391 1690
f 1534 1392 1081
f 2116 1945 1225
f 1229 2100 1829
f 2100 1229 1395
f 1395 1535 2100
f 1535 1395 1396
f 1694 1535 1396
f 1539 1086 1536
f 1225 1399 1538
f 1225 1538 2116
f 1540 1961 1966
f 1961 1540 1090
f 1084 1226 1697
f 1697 1698 1084
f 1536 1698 1539
f 1536 1084 1698
f 1396 1089 1694
f 1234 1829 1701
f 1832 1241 1540
f 1834 1089 1404
f 1541 1092 1838
f 1707 1407 1542
f 1702 1097 1408
f 1704 1550 1244
f 1543 1706 1238
f 1542 1406 1545
f 1545 1842 1542
f 1547 1544 1543
f 1702 1408 1546
f 1701 1839 1248
f 1547 1553 1544
f 1547 1556 1553
f 1556 1547 1411
f 1413 1556 1411
f 1550 1561 1244
f 1544 1553 1552
f 1105 1554 1557
f 1554 1105 1551
f 1554 1551 1555
f 1416 1244 1561
f 1553 1715 1552
f 1556 1413 1415
f 1554 1717 1557
f 1554 1558 1717
f 1554 1555 1558
f 1414 1559 1548
f 1568 1252 1557
f 1414 1560 1559
f 1559 1560 1111
f 1111 1412 1559
f 1577 1248 1563
f 1416 1561 1574
f 1565 1422 1419
f 1420 1422 1565
f 1251 1417 1566
f 1568 1569 1252
f 1418 1721 1719
f 1562 1421 1418
f 1414 1573 1570
f 1570 1560 1414
f 1560 1570 1111
f 1571 1565 1419
f 1566 1575 1251
f 1724 1567 1572
f 1252 1569 1423
f 1578 1729 1721
f 1562 1576 1421
f 1576 1427 1421
f 1570 1573 1111
f 1574 1424 1416
f 1419 1425 1571
f 1573 1434 1111
f 1730 1571 1425
f 1575 1582 1259
f 1728 1572 1429
f 1423 1734 1268
f 1729 1578 1735
f 1427 1576 1431
f 1747 1114 1577
f 1262 1580 1564
f 1730 1432 1581
f 1588 1582 1575
f 1588 1575 1583
f 1429 1583 1728
f 1578 1430 1735
f 1585 1266 1431
f 1257 1736 1573
f 1586 1999 2296
f 1864 1271 1424
f 1581 1432 1273
f 1436 1587 1426
f 1426 1588 1436
f 1426 1582 1588
f 1583 1429 1592
f 1592 1733 1583
f 1430 1589 1735
f 1430 1584 1589
f 1590 1589 1584
f 1590 1584 1433
f 1435 1266 1585
f 1725 1860 1599
f 1262 1737 1580
f 1864 1598 1271
f 1591 2000 1267
f 2000 1581 1273
f 1273 1267 2000
f 1591 1267 1587
f 1587 1437 1591
f 1436 1437 1587
f 1595 1437 1436
f 1595 1436 1588
f 1268 1596 1444
f 1596 1268 1734
f 1593 1597 1590
f 1585 1593 1435
f 1590 1435 1593
f 1257 1594 1736
f 1737 1262 2008
f 1271 1598 1275
f 1437 1595 1591
f 1745 1597 1593
f 1257 1439 1594
f 1440 1862 1120
f 1579 1732 1451
f 1275 1598 2013
f 1746 1592 1445
f 1442 2163 1749
f 1749 1448 1442
f 1442 1600 2163
f 1449 1443 1601
f 1752 1275 2013
f 1746 1445 1607
f 1448 1604 1278
f 1280 1446 1444
f 1444 1874 1280
f 1602 1004 1121
f 1262 1612 2011
f 1607 1278 1604
f 1290 1449 1608
f 1605 1280 1874
f 1280 1605 1450
f 1281 1599 1606
f 1447 1282 1135
f 2163 1600 2016
f 1613 1451 1611
f 1456 1616 1609
f 1281 1606 1623
f 1453 1876 1610
f 1750 1615 2007
f 1282 1472 901
f 1454 1757 1755
f 1614 1754 1618
f 1459 1019 1454
f 1454 1019 1463
f 1463 1757 1454
f 1757 1463 1619
f 1756 1620 1464
f 1756 1464 1452
f 1285 1024 1287
f 1457 1461 1292
f 1617 1616 1466
f 1626 1285 1625
f 1626 1024 1285
f 1466 1150 1617
f 2177 1310 1613
f 1626 1300 1024
f 1292 1301 1155
f 1474 1888 1883
f 1632 1760 1291
f 1301 1629 1158
f 1630 1631 1470
f 1615 1764 1624
f 1888 1474 1477
f 1477 1889 1888
f 1475 1300 1627
f 1627 1889 1475
f 1633 1158 1629
f 1470 1631 1635
f 1635 1630 1470
f 1477 1475 1889
f 1636 1180 1302
f 1634 1473 1638
f 1478 1483 831
f 1638 1473 1637
f 1479 1482 1314
f 1636 1488 1180
f 1175 1638 1637
f 1893 1628 1484
f 1484 1766 1893
f 1640 1314 1482
f 1640 1768 1314
f 1766 1484 1483
f 1310 1644 1040
f 1640 1642 1895
f 1488 1643 1489
f 1177 1898 1038
f 1038 2042 840
f 1495 1489 1643
f 1897 1486 1771
f 1900 1770 1185
f 1774 1903 1491
f 1492 1491 1903
f 1491 1333 1494
f 1494 1774 1491
f 1774 1494 1776
f 1495 1498 1340
f 1777 1648 1497
f 1343 1493 1649
f 1497 1779 1777
f 1498 1651 1499
f 1497 1342 2047
f 759 1654 1348
f 931 1191 2370
f 1502 1348 1657
f 1499 1655 1356
f 1349 1194 1784
f 1500 1193 1349
f 1658 1354 1353
f 1653 1346 2056
f 1503 1344 1788
f 1659 1194 852
f 1787 1350 935
f 1352 1195 1503
f 1358 1916 1660
f 1504 1917 1792
f 1661 2062 1662
f 1917 1504 1505
f 1791 1663 2063
f 1662 1919 1793
f 940 1665 1794
f 1794 1055 940
f 2385 1921 1506
f 1507 1055 1923
f 1363 1508 1510
f 1798 1669 1670
f 1671 1517 1510
f 1217 1371 1370
f 1373 1369 1672
f 1511 1373 1672
f 1671 1799 1517
f 1674 1673 1370
f 1370 1676 1674
f 1673 1515 1370
f 1675 1516 1511
f 1512 1802 1511
f 1802 1512 1808
f 1515 1807 1380
f 1378 1516 1678
f 1806 1679 1520
f 1514 1376 1807
f 1808 1521 1522
f 1522 1930 1808
f 1930 1522 1378
f 1378 1678 1930
f 1384 1809 1681
f 1385 1384 1527
f 1384 1681 1527
f 1810 1524 1386
f 1524 1682 1525
f 1525 1682 1806
f 1683 1682 1525
f 1683 1525 1520
f 1520 1679 1683
f 1383 1816 1677
f 1809 1384 1526
f 1526 1811 1809
f 1527 1811 1526
f 1385 1527 1528
f 1531 1528 1932
f 1805 1518 1529
f 1529 1812 1805
f 1813 1223 1530
f 1386 1223 1813
f 1815 1525 1682
f 1685 1532 1531
f 1379 1523 1686
f 1379 1686 1530
f 1689 1533 1815
f 1381 1532 1687
f 1529 1381 1687
f 1687 1688 1529
f 1688 1812 1529
f 1695 1533 1689
f 1534 1691 1392
f 1945 2245 1818
f 1691 1693 1392
f 1082 1695 1393
f 1692 1537 1693
f 1537 1392 1693
f 1540 1966 1965
f 1694 1089 1696
f 1398 1397 1402
f 1403 1402 1699
f 1540 1965 1832
f 1834 1696 1089
f 1393 1697 1226
f 1697 1405 1698
f 1700 1539 1698
f 1541 1699 1402
f 1403 1699 1541
f 1399 1403 1541
f 1702 1826 1097
f 1704 1405 1703
f 1834 1708 2133
f 1840 1550 1704
f 1705 1706 1543
f 1543 1841 1705
f 1705 1239 1706
f 1842 1707 1542
f 1707 1711 1407
f 1841 1543 1544
f 1544 1845 1841
f 1705 1848 1239
f 1239 1848 1710
f 1406 1239 1710
f 1545 1406 1710
f 1711 1409 1407
f 1548 1851 1709
f 1549 1712 1708
f 1410 1851 1412
f 1985 1702 1546
f 1561 1712 1549
f 1561 1550 1712
f 1552 1713 1544
f 1551 1714 1555
f 1548 1559 1851
f 1851 1559 1412
f 1563 1248 1839
f 1552 1715 1713
f 1855 1715 1553
f 1558 1555 1714
f 1553 1857 1855
f 1857 1553 1556
f 1556 1716 1857
f 1556 1415 1716
f 1568 1557 1717
f 1558 1859 1717
f 1549 1574 1561
f 1854 1417 1420
f 1716 1415 1567
f 1418 1719 1722
f 1562 1418 1722
f 1574 1549 1564
f 1720 1420 1565
f 1720 1854 1420
f 1716 1567 1724
f 1719 1721 1858
f 1575 1566 1723
f 1572 1723 1724
f 1569 1858 1423
f 1729 1423 1858
f 1721 1729 1858
f 1994 1579 1989
f 1579 1726 1989
f 1564 1424 1574
f 1565 1571 1998
f 1998 1720 1565
f 1575 1723 1728
f 1572 1728 1723
f 1725 1992 1860
f 1730 1998 1571
f 1583 1575 1728
f 1423 1729 1734
f 1729 1735 1734
f 1573 1736 1731
f 1573 1731 1434
f 1992 1725 1586
f 1586 2296 1992
f 1996 2149 1727
f 1424 1564 1580
f 1730 1581 2000
f 1576 1742 1431
f 1742 1585 1431
f 1583 1733 1588
f 1434 1731 1743
f 1743 1121 1434
f 1868 1599 1860
f 1591 1867 2000
f 1738 1595 1588
f 1588 1739 1738
f 1739 1588 1733
f 1733 1865 1739
f 1596 1734 1740
f 1734 1735 1740
f 1735 1741 1740
f 1735 1589 1741
f 1593 1585 1742
f 1594 1743 1736
f 1595 1738 1867
f 1592 1865 1733
f 1741 1589 2003
f 2003 1589 1597
f 1597 1745 2003
f 1742 1745 1593
f 1743 1602 1121
f 1732 1611 1451
f 1591 1595 1867
f 1592 1746 1865
f 1596 1748 1444
f 1440 2005 1862
f 1603 2662 1999
f 1608 1449 1601
f 1871 2005 1440
f 1868 1606 1599
f 1872 2662 1603
f 1135 1747 1447
f 2011 2008 1262
f 1870 1746 1607
f 1749 1604 1448
f 1601 1873 1608
f 1874 1444 1748
f 1870 1607 1604
f 1873 1601 1605
f 1605 1874 1873
f 1439 1609 1594
f 1610 1871 1440
f 1290 1608 1751
f 1609 2017 1594
f 1755 2011 1612
f 1879 1290 1751
f 1609 1616 1753
f 1753 2017 1609
f 1004 1754 1614
f 1752 1877 1452
f 2016 1279 2505
f 1877 1756 1452
f 1617 1753 1616
f 2021 1753 1617
f 1754 1878 1622
f 1754 1622 1618
f 2007 1615 1624
f 1282 2175 1472
f 1757 1619 1620
f 2505 1279 2022
f 2021 1617 1621
f 1621 1878 2021
f 1878 1621 1622
f 1626 1625 1882
f 1292 1461 1758
f 1758 1759 1292
f 1883 1882 1625
f 1758 1461 1760
f 1301 1292 1759
f 1623 1636 1302
f 1626 1627 1300
f 1632 2028 1760
f 1453 2523 1876
f 2035 2171 1881
f 1628 2347 2022
f 1633 1890 1632
f 1890 2028 1632
f 1890 1633 1629
f 2030 1631 1630
f 1630 1635 2030
f 1631 2030 1762
f 1762 1635 1631
f 1453 1153 2523
f 1472 1892 1032
f 1761 1763 1887
f 2030 1762 2031
f 1762 2030 1635
f 1309 2523 1153
f 1765 1175 1637
f 1768 1767 1173
f 1767 826 1173
f 1309 826 1767
f 1765 1637 1639
f 1765 1898 1175
f 1177 1175 1898
f 2039 1764 1641
f 1641 1769 2039
f 1770 1895 1642
f 1486 1897 2035
f 840 1772 1901
f 1493 1644 1773
f 1645 2045 1769
f 1902 1775 1646
f 1647 1646 1775
f 1647 1775 1338
f 1339 1338 1496
f 1775 1496 1338
f 1776 1648 1905
f 1648 1777 1905
f 2046 1341 1496
f 2045 1645 1778
f 1650 2200 1778
f 1497 2047 1779
f 1654 759 1781
f 1651 1652 1499
f 2370 1342 931
f 1342 2370 2047
f 1655 1499 1652
f 1780 1653 2201
f 1191 2372 2370
f 1350 2205 1191
f 1783 1656 1910
f 1194 1911 1784
f 1500 1785 1353
f 1785 1912 1353
f 1357 1502 2374
f 1194 1659 1911
f 1355 1354 1786
f 1787 1355 1786
f 2374 1659 1357
f 1660 2058 1346
f 1503 1789 1352
f 1356 1790 1358
f 1501 1352 1789
f 1661 2061 2062
f 2061 1661 1791
f 2378 1792 1917
f 1917 1505 1918
f 1919 1662 2062
f 1921 1918 1505
f 1666 1793 2213
f 1922 1362 1666
f 1666 2213 1922
f 1923 1055 1794
f 2066 1506 1667
f 1795 1508 1362
f 1668 2214 2065
f 1667 1669 2215
f 1668 2218 2214
f 1796 1510 1508
f 2218 1668 1797
f 1507 2067 1368
f 1924 1669 1798
f 1510 1796 1671
f 1372 1368 2067
f 2067 2070 1372
f 1797 1927 2071
f 1926 1801 1372
f 1684 1372 1801
f 1676 1800 1674
f 1675 1511 1802
f 1799 1519 1517
f 1515 1673 1804
f 1804 1803 1515
f 1801 1680 1684
f 1675 1678 1516
f 1803 1807 1515
f 1677 2078 1927
f 1811 1681 1809
f 1527 1681 1811
f 1682 1524 1810
f 1682 1683 1806
f 1679 1806 1683
f 2078 1677 1816
f 1684 1680 1931
f 1932 1528 2084
f 1812 2081 1805
f 1813 1814 1386
f 1386 1814 1810
f 1684 1931 1817
f 2084 1528 1818
f 1684 1817 1534
f 2087 1818 2245
f 1942 1686 1523
f 1686 1819 1530
f 1937 1816 1690
f 1690 1944 1937
f 1688 1687 1821
f 1688 1933 1812
f 1690 1822 1944
f 1691 1534 1820
f 1689 1824 1695
f 1822 1690 1692
f 1692 1958 1822
f 1962 1829 2100
f 1535 2101 2100
f 1535 1954 2101
f 1958 1692 1693
f 1693 1825 1958
f 1691 1825 1693
f 1826 2112 1953
f 1535 1694 1954
f 1963 1954 1694
f 2270 1963 1694
f 1824 1827 1695
f 1393 1695 1827
f 1956 1947 1968
f 2270 1694 1696
f 1827 1830 1393
f 1538 1831 2116
f 1697 1393 1830
f 1405 1835 1698
f 1697 1835 1405
f 1835 1405 1700
f 1835 1700 1698
f 1836 1973 1969
f 1541 1699 1837
f 1399 1541 1837
f 1399 1837 1538
f 1833 1241 1832
f 1835 1703 1405
f 1699 1541 1838
f 2132 1826 1702
f 1975 1839 1701
f 1840 1704 1703
f 1705 1841 1980
f 1705 1980 1848
f 1981 1977 1707
f 1707 1842 1981
f 1707 1977 1711
f 1976 1838 1709
f 1709 1982 1976
f 1550 1978 1708
f 1977 1846 1711
f 1709 1847 1982
f 1844 1847 1410
f 1708 1712 1550
f 1710 1849 1545
f 1842 1545 1849
f 1409 1711 1846
f 1847 1709 1851
f 1544 1850 1845
f 1409 1846 1852
f 1852 1551 1409
f 1847 1851 1410
f 1850 1544 1713
f 1852 1714 1551
f 1713 1715 1853
f 1859 1558 1714
f 1856 1715 1855
f 1856 1853 1715
f 1985 1546 1718
f 1566 1417 1854
f 1854 1856 1566
f 1566 1856 1855
f 1569 1568 1717
f 1858 1569 1717
f 1717 1859 1858
f 1719 1858 1859
f 1722 1719 1859
f 1723 1566 1855
f 1723 1855 1857
f 1857 1724 1723
f 1724 1857 1716
f 1727 2654 1989
f 1727 2149 2654
f 1562 1722 1861
f 1999 2483 2296
f 1861 1576 1562
f 1718 2665 1985
f 1998 1730 2000
f 1576 1861 1742
f 2665 1718 1862
f 2002 1747 1577
f 1424 1580 1864
f 1743 1731 1736
f 1864 1580 1737
f 1739 2160 1738
f 1863 1740 1741
f 2159 1863 1741
f 1996 1744 2156
f 1864 1866 1598
f 1740 1748 1596
f 2159 1741 2003
f 1742 2004 1745
f 1743 1594 1602
f 1867 1738 1869
f 1746 2006 1865
f 2004 2003 1745
f 1744 2007 2156
f 1598 2010 2013
f 2006 1746 1870
f 1744 1750 2007
f 1749 1870 1604
f 1751 1608 1873
f 2012 1873 1874
f 2015 1752 2013
f 1594 2017 2169
f 1875 1880 1606
f 2011 1755 2168
f 1623 1606 1880
f 1755 2020 2168
f 2015 2018 1752
f 1752 2018 1877
f 1755 1757 2020
f 2020 1757 1620
f 1620 1756 2020
f 1624 2331 2007
f 1478 1290 1879
f 1879 2521 1478
f 1880 2029 1623
f 1883 2333 1882
f 1882 2333 1884
f 1884 1626 1882
f 1636 1623 2029
f 1627 1626 1884
f 1884 1886 1627
f 1758 1760 2028
f 1629 1301 1759
f 1759 1890 1629
f 1761 1887 1885
f 1627 1886 1889
f 1891 2031 1762
f 2032 1483 1478
f 1310 2177 2036
f 2183 1624 1764
f 2184 1887 1763
f 2171 2035 2511
f 2347 1628 1893
f 1170 1032 1892
f 1766 2033 1893
f 1892 1894 1170
f 2037 2033 1766
f 1766 1483 2037
f 1767 2034 1309
f 1639 1170 1894
f 1765 1639 1894
f 1894 2038 1765
f 1895 1768 1640
f 1896 1643 1488
f 1643 1896 1899
f 1895 1770 2040
f 1038 1898 2042
f 1899 1495 1643
f 840 2042 1772
f 2041 1770 1900
f 1899 2195 1495
f 1902 1646 1901
f 1900 1492 1903
f 1902 1904 1775
f 1774 1776 1905
f 1905 1903 1774
f 2192 1905 1777
f 1777 2364 2192
f 1495 1908 1498
f 1649 1493 1773
f 1777 2367 2364
f 1778 2198 2045
f 2367 1777 1779
f 1778 2200 2198
f 1046 1341 1907
f 1651 1498 1908
f 1046 1907 1781
f 1046 1781 759
f 2048 1906 1780
f 2200 1650 1782
f 1343 2049 1344
f 1909 1655 1652
f 2048 1780 2201
f 1782 1783 2051
f 1910 2051 1783
f 1502 1657 2374
f 1349 1784 1913
f 1658 1353 1912
f 1658 1912 2202
f 1653 2056 2201
f 1349 1913 1500
f 1787 2205 1350
f 1659 2206 1911
f 1790 1356 1655
f 2058 2056 1346
f 1915 1656 1501
f 2058 1660 2548
f 1790 2060 1358
f 2060 1916 1358
f 1792 2378 2550
f 2550 1920 1792
f 2213 1793 1919
f 1665 1920 2212
f 1664 2211 1663
f 1665 2212 1794
f 2211 1664 2065
f 2066 2385 1506
f 1667 2215 2066
f 1508 1795 2216
f 2216 1796 1508
f 1924 2215 1669
f 2067 1507 2217
f 1926 1372 2070
f 1798 1925 2068
f 1675 1802 1928
f 1928 2075 1675
f 2075 1929 1675
f 1929 1678 1675
f 1805 2081 1925
f 1800 1676 1514
f 1804 2077 1803
f 1928 1802 1808
f 1808 2079 1928
f 1800 1514 1807
f 1803 2077 1807
f 2073 1927 2078
f 1808 1930 2079
f 2081 1812 1933
f 1810 1814 1934
f 1934 2082 1810
f 1682 2417 1815
f 2084 1818 2087
f 1685 1531 1932
f 1523 1519 1942
f 1935 1936 1530
f 1813 1530 1936
f 1689 1815 1934
f 1937 1938 2078
f 2078 1816 1937
f 1939 1534 1817
f 1687 1532 1940
f 1940 1941 1687
f 1935 1530 1819
f 1944 1938 1937
f 1534 1939 1820
f 1821 1687 1941
f 1688 1943 1933
f 2103 1824 1689
f 1822 2251 1944
f 2248 1825 1691
f 2248 1691 1820
f 1945 2246 2245
f 1949 1950 1958
f 1958 1948 1949
f 1822 1958 1825
f 1825 2251 1822
f 1691 2107 1951
f 1951 2114 1691
f 2114 2107 1691
f 1828 1823 1959
f 1823 1952 1959
f 1945 2116 1960
f 2117 1966 1961
f 1829 1962 1971
f 1968 1947 1957
f 1968 1957 1969
f 1964 2119 1828
f 1965 2125 1832
f 2126 2270 1696
f 1970 2119 1964
f 1970 1964 1828
f 1831 1538 2123
f 1832 2125 1833
f 1701 1829 1971
f 1696 1834 2126
f 1697 1830 1967
f 1835 1697 1972
f 2131 2119 1970
f 1837 1699 1974
f 2123 1538 1837
f 1701 1971 1975
f 1835 2134 1703
f 1974 1699 1838
f 1838 2288 1974
f 2284 1241 1833
f 2134 1840 1703
f 2284 1410 1241
f 1838 1976 2288
f 2284 1844 1410
f 2133 1708 1978
f 1841 1979 1980
f 1977 1981 2136
f 1977 2136 1843
f 2138 2132 1702
f 1550 1840 2141
f 2141 1978 1550
f 1979 1841 1845
f 1845 2143 1979
f 1848 1980 2144
f 1846 1977 1843
f 1846 1843 2136
f 1847 1986 1982
f 1844 1984 1847
f 2138 1702 1985
f 1845 1850 2143
f 1851 1986 1847
f 1851 1847 1984
f 1851 1984 1986
f 1713 1853 1850
f 1714 1852 1990
f 1990 1859 1714
f 1991 2299 1987
f 1987 2151 1991
f 2151 1987 1988
f 1992 2867 2148
f 1992 2296 2867
f 1856 1993 1853
f 1859 1995 1722
f 1720 2302 1854
f 2148 1860 1992
f 1577 1563 1997
f 1861 1722 1995
f 1999 2882 2483
f 1732 1579 1994
f 2493 1998 2000
f 1861 2310 1742
f 2665 1862 2902
f 2663 1611 1732
f 1739 2311 2160
f 1740 2159 2001
f 2159 1740 1863
f 2158 2000 1867
f 1739 1865 2311
f 2310 2004 1742
f 1862 2005 2902
f 2321 1747 2002
f 1866 1864 1737
f 1867 1869 2158
f 1738 2160 2158
f 2158 1869 1738
f 1865 2006 2311
f 2001 1748 1740
f 2001 2318 1748
f 1594 2009 1602
f 1606 1868 1875
f 2010 1598 1866
f 1874 1748 2318
f 1004 1602 2009
f 2005 1871 2319
f 1747 2321 1447
f 1870 1749 2006
f 1874 2318 2012
f 1751 1873 2012
f 2012 1879 1751
f 2169 2681 1594
f 1611 2914 1613
f 1282 1447 2170
f 1754 1004 2014
f 2017 1753 2019
f 2167 1610 1876
f 2007 2331 2314
f 1756 2172 2020
f 2172 1756 1877
f 1877 2018 2172
f 2019 1753 2021
f 2326 2021 1878
f 1878 2323 2326
f 2323 1878 1754
f 2171 2912 1881
f 2912 1872 1881
f 1759 1758 2023
f 2023 2024 1759
f 1759 2024 2025
f 1624 2178 2331
f 2175 2353 1472
f 2333 1883 1888
f 1888 2517 2333
f 1478 2521 2032
f 2023 1758 2028
f 2025 1890 1759
f 1762 2026 1891
f 1624 2183 2178
f 2343 2340 1887
f 1885 1887 2340
f 1885 2027 1761
f 2517 1888 1889
f 1889 1886 2517
f 1762 2030 2026
f 2343 1887 2184
f 1763 1761 2027
f 1891 2185 2031
f 1636 2029 2186
f 2186 1488 1636
f 1893 2721 2347
f 1764 2352 2183
f 1893 2033 2721
f 2037 1483 2032
f 2034 2523 1309
f 1764 2189 2352
f 1488 2186 2188
f 2036 1644 1310
f 2188 1896 1488
f 1764 2039 2189
f 2038 1898 1765
f 1895 2530 1768
f 2035 2532 2511
f 2532 2035 1897
f 2042 1898 2190
f 2039 1769 2360
f 1770 2041 2040
f 1769 2191 2360
f 1644 2043 1773
f 1769 2045 2191
f 1903 2044 1900
f 1771 2533 1897
f 1496 1775 1904
f 1904 2194 1496
f 2194 2366 1496
f 2366 2046 1496
f 1908 1495 2195
f 2533 1771 1906
f 1906 2954 2533
f 1779 2197 2367
f 1907 1341 2046
f 2197 1779 2047
f 1649 2049 1343
f 1908 2050 1651
f 1651 2050 1909
f 1651 1909 1652
f 2371 2200 1782
f 2051 2371 1782
f 1348 1654 1657
f 1655 1909 2057
f 1784 1911 2052
f 2052 1913 1784
f 2202 2204 1658
f 2204 1354 1658
f 1191 2205 2372
f 2374 1657 2545
f 1913 2053 1500
f 2202 1912 2055
f 1786 1354 2204
f 2204 1914 1786
f 1786 2205 1787
f 1655 2057 1790
f 2059 1503 1788
f 2059 1789 1503
f 1501 1789 1915
f 2548 1660 1916
f 1791 2960 2061
f 2062 2381 1919
f 1791 2063 2960
f 1917 1918 2379
f 1919 2381 2213
f 1663 2211 2063
f 1920 2064 2212
f 1918 1921 2380
f 2380 1921 2754
f 2385 2754 1921
f 2211 2065 2558
f 1362 1922 1795
f 1923 2217 1507
f 2068 1924 1798
f 2396 2218 1797
f 2396 1797 2071
f 2076 1799 2072
f 1927 2073 2071
f 1673 1674 2074
f 2074 1804 1673
f 1519 1799 2076
f 2077 1674 1800
f 2077 2074 1674
f 1929 2075 2080
f 2076 2090 1519
f 1800 1807 2077
f 2080 2079 1930
f 1930 1929 2080
f 1929 1930 1678
f 1682 1810 2082
f 2082 2083 1682
f 1932 2084 2085
f 1813 2237 1814
f 1934 1814 2242
f 1934 2242 2082
f 1815 2242 1934
f 2417 1682 2083
f 1931 2086 1817
f 1932 2085 2087
f 2087 2088 1932
f 2088 1685 1932
f 2088 2089 1685
f 1532 1685 2089
f 1933 2424 2081
f 1942 1519 2090
f 1813 1936 2237
f 1689 1934 2242
f 2242 2091 1689
f 2238 2078 1938
f 2086 2092 1817
f 2092 1939 1817
f 1940 1532 2089
f 1686 1942 2093
f 1819 1686 2093
f 2093 2094 1819
f 1819 2094 1935
f 2103 1689 2091
f 1944 2247 1938
f 1944 2251 2247
f 1939 2097 1820
f 2092 2097 1939
f 1943 2435 1933
f 1933 2435 2424
f 1946 1955 2098
f 2098 2243 1946
f 1946 2243 2095
f 2251 1825 2248
f 2244 2099 2109
f 1945 2447 2246
f 2101 2441 2102
f 2450 2441 2101
f 1955 2104 2098
f 2104 1955 1946
f 2105 1957 1947
f 1947 1956 2105
f 2106 1951 2107
f 1951 2108 2114
f 1952 1823 2254
f 1953 2111 1961
f 2112 2111 1953
f 2450 2101 1954
f 2269 2450 1954
f 2103 2113 1824
f 1956 2266 2105
f 2267 1948 1958
f 1950 2267 1958
f 2262 2254 1828
f 1823 1828 2254
f 2099 2110 2622
f 2447 1945 1960
f 1954 1963 2269
f 1963 2457 2269
f 1827 1824 2113
f 1968 2266 1956
f 1957 2122 1969
f 1828 2119 2262
f 2460 1960 2116
f 2125 1965 2120
f 2120 1965 1966
f 1966 2838 2120
f 1826 2273 2112
f 2126 1827 2270
f 1827 2624 2270
f 1830 1827 2118
f 2118 2121 1830
f 2121 1967 1830
f 2462 2266 1968
f 1969 2462 1968
f 2119 2127 2628
f 2471 1970 1828
f 1828 1959 2471
f 2460 2116 1831
f 2121 2126 1834
f 1967 1972 1697
f 2276 2134 1835
f 1835 2274 2276
f 2129 2462 1969
f 2129 1969 2122
f 2129 1836 1969
f 1973 2129 1969
f 2119 2131 2127
f 1970 2471 2131
f 1837 2128 2123
f 1833 2124 1831
f 1831 2284 1833
f 1834 2133 2121
f 2129 1973 1836
f 2129 2130 2286
f 2288 2468 1974
f 2132 2273 1826
f 2284 2289 1844
f 1840 2134 2135
f 1976 2292 2288
f 2289 2137 1844
f 1978 2139 2133
f 2135 2141 1840
f 1979 2294 2291
f 1979 2144 1980
f 1981 2869 2136
f 2292 1976 1982
f 1982 2140 2292
f 2137 2140 1844
f 2294 1979 2143
f 1981 2142 2869
f 1981 1842 2142
f 1846 2136 2145
f 2139 1978 1983
f 1978 2141 1983
f 1710 1848 2144
f 1849 2142 1842
f 2145 2298 1846
f 1982 1984 2140
f 1984 1844 2140
f 1984 1982 1986
f 1985 2880 2138
f 2143 1850 2146
f 1846 2298 2147
f 1846 2147 1852
f 1839 1997 1563
f 2146 1850 1853
f 1990 1852 2147
f 1988 1987 2299
f 1853 2150 2146
f 2147 2307 1990
f 2302 1993 1854
f 1856 1854 1993
f 1853 1993 2154
f 2150 1853 2154
f 2307 2152 2153
f 2153 1990 2307
f 2153 1859 1990
f 1995 1859 2153
f 1985 2665 2880
f 2881 1860 2148
f 2302 1720 2305
f 2895 2149 1996
f 1720 1998 2305
f 1861 1995 2155
f 2662 2882 1999
f 2156 2895 1996
f 1997 2002 1577
f 2157 1868 1860
f 2493 2305 1998
f 2000 2158 2493
f 2312 2001 2159
f 2157 1875 1868
f 2673 2158 2160
f 2161 2001 2312
f 2003 2499 2159
f 2499 2003 2004
f 2004 2498 2499
f 2498 2004 2310
f 2006 2315 2311
f 2675 2156 2007
f 2007 2314 2675
f 1737 2008 2316
f 2316 1866 1737
f 2318 2001 2161
f 2010 1866 2162
f 2009 1594 2317
f 2316 2008 2011
f 2011 2910 2316
f 1749 2501 2006
f 2501 1749 2163
f 2317 1594 2681
f 2009 2164 1004
f 2912 2674 1872
f 2013 2010 2166
f 1879 2012 2165
f 1880 1875 2328
f 2166 2015 2013
f 1871 1610 2167
f 2167 2319 1871
f 2163 2016 2505
f 2014 2323 1754
f 1613 2914 2177
f 2020 2504 2168
f 2018 2015 2166
f 2169 2017 2019
f 2331 2508 2314
f 2170 2175 1282
f 2020 2172 2504
f 2172 2018 2325
f 2019 2021 2326
f 1880 2328 2327
f 2508 2173 2324
f 1880 2327 2174
f 2029 1880 2174
f 2174 2176 2029
f 2333 2334 1884
f 2022 2930 2505
f 2029 2176 2345
f 2340 2512 1885
f 1885 2512 2179
f 1886 1884 2334
f 2334 2180 1886
f 2024 2023 2028
f 2181 1890 2025
f 2183 2337 2178
f 2179 2027 1885
f 2517 1886 2180
f 2180 2344 2517
f 2348 2028 1890
f 2348 2024 2028
f 1890 2181 2348
f 2030 2522 2026
f 2345 2350 2029
f 1892 1472 2353
f 2027 2524 1763
f 2022 2347 2930
f 2522 2030 2031
f 2031 2525 2522
f 2185 1891 2182
f 2186 2029 2350
f 2524 2184 1763
f 2525 2031 2185
f 2037 2032 2187
f 2033 2187 2721
f 2033 2037 2187
f 1767 1768 2530
f 1895 2040 2530
f 2039 2356 2189
f 1896 2357 1899
f 2356 2039 2360
f 1903 1905 2192
f 2193 2044 1903
f 2191 2045 2534
f 2198 2534 2045
f 2954 1906 2538
f 2200 2539 2198
f 1907 2199 1781
f 2048 2538 1906
f 2047 2731 2197
f 2047 2370 2731
f 1344 2049 2203
f 2055 2204 2202
f 2203 1788 1344
f 2052 1911 2206
f 2052 2206 2053
f 2053 1913 2052
f 1785 1500 2053
f 2053 2054 1785
f 2055 1912 1785
f 1914 2204 2055
f 2374 2206 1659
f 1914 2205 1786
f 2207 2059 1788
f 1915 2208 1656
f 1656 2208 1910
f 1790 2742 2060
f 2743 2062 2061
f 2061 2747 2743
f 2960 2063 2552
f 2550 2210 1920
f 2209 2381 2062
f 2063 2553 2552
f 1920 2210 2064
f 2379 1918 2380
f 2063 2211 2553
f 2558 2065 2559
f 2066 2760 2385
f 2562 1795 1922
f 2065 2214 2559
f 2066 2563 2760
f 2563 2066 2215
f 2390 1796 2216
f 2570 2215 1924
f 2387 2393 1796
f 2390 2387 1796
f 2217 2219 2067
f 1671 1796 2393
f 2219 2223 2067
f 2765 1924 2068
f 2226 2221 2220
f 2221 2226 2069
f 2222 2221 2069
f 2222 2226 2398
f 2222 2069 2226
f 2067 2227 2070
f 2227 2228 2070
f 2397 2396 2071
f 2229 2070 2228
f 2229 1926 2070
f 2072 1799 1671
f 2229 1801 1926
f 2399 2068 1925
f 2071 2577 2397
f 2577 2071 2073
f 2230 2401 1680
f 1680 1801 2230
f 1925 2081 2399
f 2081 2576 2399
f 2074 2077 2233
f 2233 1804 2074
f 2073 2231 2577
f 1931 1680 2401
f 2075 2079 2406
f 2075 1928 2079
f 2075 2406 2080
f 2081 2402 2576
f 1804 2232 2077
f 2077 2232 2233
f 2233 2232 1804
f 2231 2073 2234
f 2073 2078 2234
f 2234 2408 2231
f 2408 2401 2231
f 2408 1931 2401
f 2236 2406 2079
f 2079 2080 2236
f 2080 2235 2236
f 2408 2234 2239
f 2081 2424 2402
f 2242 1814 2237
f 1815 2417 2242
f 2078 2238 2234
f 2408 2086 1931
f 2085 2088 2087
f 2084 2087 2088
f 2088 2240 2089
f 1936 1935 2241
f 2243 2407 2095
f 2238 1938 2247
f 2097 2092 2086
f 2409 2249 2244
f 2088 2087 2245
f 1935 2094 2241
f 2091 2442 2103
f 2430 2247 2251
f 2248 1820 2097
f 2097 2443 2248
f 2439 2244 2446
f 2256 1688 1821
f 1821 1941 2256
f 1943 1688 2256
f 2256 2250 1943
f 2435 1943 2250
f 2094 2440 2101
f 2094 2101 2102
f 2258 1946 2095
f 2251 2248 2252
f 2248 2443 2252
f 1952 2433 2255
f 2244 2109 2446
f 2249 2099 2244
f 2249 2263 2099
f 2448 2117 1961
f 1961 2256 2448
f 2256 1961 2111
f 2100 2257 1962
f 2257 2100 2101
f 2101 2440 2257
f 2104 2451 2098
f 2104 1946 2258
f 2258 2454 2104
f 2096 2105 2428
f 1957 2105 2438
f 1957 2438 2259
f 2259 2122 1957
f 1949 1948 2267
f 1949 2267 1950
f 2107 2260 2106
f 2261 2108 1951
f 1951 2106 2261
f 2262 2253 2254
f 2255 1959 1952
f 2622 2109 2099
f 2622 2446 2109
f 2110 2099 2263
f 2449 2111 2112
f 2265 2264 2451
f 2454 2451 2104
f 2428 2105 2266
f 2107 2108 2260
f 2107 2114 2108
f 2268 2115 2110
f 2115 2456 2110
f 2457 1963 2270
f 2113 2118 1827
f 2119 2628 2262
f 2271 2456 2115
f 2115 2268 2272
f 2272 2271 2115
f 2838 1966 2117
f 2630 2624 1827
f 2630 1827 2126
f 2126 2632 2630
f 2271 2272 2277
f 2123 2124 1831
f 2460 1831 2124
f 2460 2124 1833
f 2460 1833 2125
f 2125 2846 2460
f 2632 2126 2121
f 1835 1972 2279
f 1972 2278 2279
f 1835 2279 2274
f 2276 2274 2281
f 2134 2276 2281
f 2281 2274 2275
f 2129 2122 2282
f 2472 2468 2277
f 2468 2472 1974
f 1974 2472 2280
f 2280 1837 1974
f 2280 2128 1837
f 2284 1831 2124
f 2290 1975 1971
f 2462 2129 2282
f 2129 2282 2130
f 2286 2282 2129
f 2127 2131 2467
f 2467 2628 2127
f 2131 2471 2287
f 2470 2121 2133
f 2281 2285 2134
f 2462 2282 2647
f 2286 2647 2282
f 2287 2467 2131
f 2286 2130 2291
f 2647 2286 2291
f 2290 1839 1975
f 2287 2145 2136
f 2136 2649 2287
f 2139 2293 2133
f 2294 2647 2291
f 2291 2144 1979
f 2136 2869 2649
f 2140 2295 2292
f 2135 2293 2141
f 2137 2482 2140
f 2293 2139 1983
f 1983 2141 2293
f 2294 2143 2297
f 1849 2479 2142
f 2142 2479 2869
f 2140 2482 2295
f 3260 1994 1989
f 1989 2654 3260
f 2144 1849 1710
f 2297 2143 2146
f 2149 3071 2654
f 2146 2300 2297
f 2298 2301 2147
f 2146 2150 2300
f 2307 2147 2301
f 2299 1991 2151
f 1988 2299 2151
f 3293 1732 1994
f 2895 3071 2149
f 2302 2303 1993
f 2154 1993 2303
f 2304 1995 2153
f 2150 2154 2306
f 2308 2153 2152
f 2153 2308 2304
f 1860 2881 2157
f 2309 1861 2155
f 2309 2310 1861
f 2156 2675 2895
f 3095 2493 2158
f 2673 3095 2158
f 2311 2673 2160
f 2676 2496 2311
f 2499 2312 2159
f 2157 2320 1875
f 2313 2161 2312
f 2676 2311 2315
f 2162 1866 2316
f 2663 2914 1611
f 2315 2006 2501
f 2317 2164 2009
f 2662 1872 2674
f 2318 2165 2012
f 2005 2319 2911
f 2501 2163 2683
f 2328 1875 2320
f 2165 2926 1879
f 2681 2169 2688
f 2321 2170 1447
f 2910 2011 2168
f 2168 2684 2910
f 2168 2504 2684
f 2683 2163 2505
f 2166 2690 2325
f 2325 2018 2166
f 2169 2019 2322
f 2322 2688 2169
f 2314 2508 2686
f 2172 2325 2504
f 2019 2326 2322
f 2694 2324 2173
f 2174 2327 2329
f 2330 2174 2332
f 2330 2332 2327
f 2330 2327 2328
f 2331 2509 2508
f 2173 2508 2338
f 2694 2173 2338
f 2176 2174 2329
f 2176 2332 2174
f 2330 2332 2176
f 2174 2330 2176
f 2178 2509 2331
f 2702 2025 2024
f 2176 2329 2336
f 2171 2511 2912
f 2178 2337 2509
f 2339 2694 2338
f 2026 2711 2335
f 2342 1891 2026
f 2026 2335 2342
f 2176 2346 2345
f 2338 2337 2339
f 2027 2179 2341
f 2344 2519 2517
f 2349 2348 2181
f 2711 2026 2522
f 2182 1891 2342
f 2350 2346 2336
f 2339 2337 2183
f 2336 2354 2350
f 2350 2345 2346
f 2183 2352 2339
f 2351 2343 2184
f 2351 2184 2524
f 2185 2182 2525
f 2186 2350 2354
f 2187 2032 2526
f 2034 2719 2523
f 2186 2354 2188
f 1894 1892 2353
f 2187 2943 2721
f 2188 2354 2355
f 2358 1644 2036
f 2527 2352 2189
f 2034 1767 2722
f 1896 2188 2355
f 2189 2356 2527
f 2722 1767 2530
f 2355 2357 1896
f 1644 2358 2043
f 2040 2359 2530
f 2361 1899 2357
f 2529 2356 2360
f 2533 2532 1897
f 2195 1899 2361
f 2040 2041 2359
f 2361 2365 2195
f 1900 2362 2041
f 1901 1772 2726
f 2044 2362 1900
f 2726 2535 1901
f 2535 1902 1901
f 2535 2363 1902
f 1904 1902 2363
f 2194 1904 2363
f 2193 1903 2192
f 2363 2366 2194
f 2193 2192 2364
f 2366 2369 2046
f 2196 1908 2195
f 2195 2365 2196
f 2368 1649 1773
f 2534 2198 2729
f 1907 2046 2369
f 2197 2536 2367
f 2729 2198 2539
f 2370 2956 2731
f 2539 2200 2371
f 2737 2057 1909
f 2371 2051 2959
f 2372 2205 2373
f 2048 2201 2544
f 2056 2544 2201
f 2051 1910 2959
f 2055 1785 2054
f 2054 1914 2055
f 2203 2207 1788
f 1790 2057 2740
f 2058 2375 2056
f 2544 2056 2375
f 2739 1910 2208
f 1790 2740 2742
f 2376 2208 1915
f 1789 2376 1915
f 1916 2060 2377
f 2548 1916 2377
f 1917 2748 2378
f 2209 2062 2743
f 2381 2209 2750
f 2379 2551 1917
f 2751 2213 2381
f 2211 2382 2553
f 2384 2555 2383
f 2211 2557 2382
f 2554 2382 2557
f 2383 2212 2384
f 2384 2212 2064
f 2211 2558 2557
f 2383 1794 2212
f 2383 1923 1794
f 2757 2562 1922
f 2757 1922 2213
f 1795 2562 2386
f 2214 2764 2559
f 2215 2565 2563
f 2388 2216 1795
f 2386 2388 1795
f 2570 2565 2215
f 2390 2216 2388
f 1924 2765 2570
f 2387 2390 2393
f 2764 2214 2218
f 2218 2567 2764
f 2392 2569 2394
f 2219 2217 2389
f 2225 2391 2567
f 2221 2392 2394
f 2220 2221 2394
f 2222 2223 2392
f 2392 2221 2222
f 2393 2575 1671
f 2224 2567 2395
f 2218 2395 2567
f 2224 2225 2567
f 2225 2970 2391
f 2394 2573 2226
f 2226 2220 2394
f 2227 2067 2223
f 2068 2972 2765
f 2395 2218 2396
f 2770 2224 2395
f 2770 2225 2224
f 2770 2970 2225
f 2223 2222 2398
f 2227 2223 2398
f 2068 2771 2972
f 2575 2072 1671
f 2399 2771 2068
f 2229 2230 1801
f 2400 2076 2072
f 2400 2403 2076
f 2231 2578 2577
f 2401 2578 2231
f 2080 2406 2411
f 2235 2080 2411
f 2090 2076 2403
f 2403 2425 2090
f 2407 2594 2404
f 2405 2410 2409
f 2236 2411 2406
f 2411 2236 2235
f 2237 2416 2242
f 2242 2416 2083
f 2083 2082 2242
f 2417 2416 2242
f 2234 2238 2419
f 2419 2239 2234
f 2408 2239 2432
f 2408 2432 2600
f 2600 2086 2408
f 2410 2420 2409
f 2085 2084 2088
f 1942 2090 2425
f 1942 2425 2426
f 2412 2413 2241
f 2413 2414 2241
f 1936 2241 2414
f 2414 2415 1936
f 2237 1936 2415
f 2091 2242 2606
f 2416 2606 2242
f 2418 2095 2407
f 2095 2418 2427
f 2427 2418 2596
f 2238 2247 2430
f 2430 2419 2238
f 2419 2431 2239
f 2097 2086 2600
f 2439 2409 2244
f 2249 2409 2420
f 2245 2602 2088
f 2602 2245 2246
f 2089 2421 1940
f 2421 2422 1940
f 1941 1940 2422
f 2422 2423 1941
f 1941 2423 2434
f 2436 2093 1942
f 1942 2426 2436
f 2094 2093 2426
f 2093 2436 2426
f 2426 2412 2094
f 2241 2094 2412
f 2442 2091 2606
f 2243 2819 2407
f 2427 2258 2095
f 2429 2096 2428
f 2096 2429 2438
f 2431 2432 2239
f 2600 2443 2097
f 2255 2433 2601
f 2434 2256 1941
f 2250 2256 2434
f 2434 2603 2250
f 2257 2440 2436
f 2604 2440 2094
f 2604 2094 2102
f 2441 2604 2102
f 2819 2243 2098
f 2438 2105 2096
f 2438 2437 2259
f 2259 2437 2619
f 2615 2430 2251
f 2254 2253 2444
f 2444 2445 2254
f 2254 2445 1952
f 2117 2448 2617
f 2256 2611 2448
f 2111 2611 2256
f 2611 2111 2449
f 2441 2450 2613
f 2819 2098 2451
f 2452 2454 2258
f 2619 2122 2259
f 2620 2615 2251
f 2252 2623 2620
f 2620 2251 2252
f 2623 2252 2443
f 2106 2260 2261
f 2262 3030 2444
f 2444 2253 2262
f 1959 2255 2455
f 2823 2446 2622
f 2263 2453 2110
f 2269 3222 2450
f 2454 2265 2451
f 2266 2635 2428
f 2261 2260 2108
f 2456 2622 2110
f 2456 2110 2453
f 2110 2456 2268
f 2838 2117 2617
f 2270 2624 2457
f 2118 2113 2625
f 2841 2264 2265
f 2265 2454 2841
f 3030 2262 2628
f 2455 2645 1959
f 2456 2271 2459
f 2456 2459 2268
f 2459 2272 2268
f 2460 2461 1960
f 2846 2125 2120
f 2449 2112 2273
f 2632 2458 2630
f 2458 2121 2118
f 2274 2634 2275
f 2462 2635 2266
f 2272 2463 2277
f 2271 2277 2463
f 2124 2123 2464
f 2464 2469 2124
f 2124 2469 2460
f 1972 2465 2121
f 2466 2274 2279
f 2281 2274 2466
f 2281 2466 2634
f 2281 2634 2274
f 2281 2275 2644
f 2645 2471 1959
f 2463 2277 2468
f 2128 2464 2123
f 2284 2469 2128
f 2469 2284 2124
f 2121 2470 1972
f 2279 2643 2466
f 2472 2283 2280
f 2641 2280 2283
f 2289 2284 2473
f 2128 2473 2284
f 2282 2474 2130
f 2471 2653 2287
f 2473 2475 2289
f 2646 2470 2133
f 2291 2130 2474
f 2287 2649 2467
f 2288 2476 2468
f 2132 3455 2273
f 2650 2646 2133
f 2285 2650 2134
f 2650 2135 2134
f 2474 2144 2291
f 2145 2287 2653
f 2476 2288 2292
f 2292 2477 2476
f 2475 2477 2137
f 2137 2289 2475
f 3455 2132 2138
f 1839 2290 2481
f 2650 2133 2293
f 2294 2863 2647
f 2477 2292 2295
f 2135 2650 2478
f 2478 2293 2135
f 2477 2480 2137
f 2480 2482 2137
f 2656 1849 2144
f 2145 2484 2298
f 2658 2477 2295
f 2295 2482 2658
f 2480 2658 2482
f 2867 2296 2483
f 2294 2297 2878
f 2874 2148 2867
f 2481 1997 1839
f 2297 2659 2878
f 2481 2485 1997
f 2297 2300 2659
f 2298 2484 2301
f 2307 2301 2491
f 3071 2895 3284
f 2485 2492 1997
f 2303 2302 2486
f 2304 2308 2888
f 1995 2487 2155
f 2896 2488 2305
f 2302 2305 2488
f 2300 2150 2664
f 2664 2661 2300
f 2489 2309 2155
f 2305 2493 2896
f 2306 2666 2664
f 2664 2150 2306
f 2307 2491 2497
f 2152 2307 2497
f 2497 2670 2152
f 2308 2152 2670
f 2306 2496 2666
f 2490 2494 2672
f 2670 2497 2495
f 2309 2498 2310
f 3487 2895 2675
f 2904 2673 2311
f 2671 2904 2311
f 2671 2311 2496
f 2495 2497 2313
f 2495 2313 2312
f 2312 2499 2495
f 2676 2666 2496
f 3850 2662 2674
f 2315 2679 2676
f 2318 2161 2500
f 2902 2005 2911
f 2002 3120 2321
f 2679 2315 2501
f 2500 2165 2318
f 2164 2014 1004
f 2502 2328 2320
f 2010 2682 2503
f 2503 2166 2010
f 2314 2686 2915
f 2170 2321 2687
f 2503 2690 2166
f 2685 2319 2167
f 2696 2504 2325
f 2325 2690 2696
f 2697 2691 2322
f 2697 2322 2326
f 2326 2506 2697
f 2323 2506 2326
f 2327 2507 2693
f 2507 2330 2328
f 2329 2327 2693
f 2507 2327 2332
f 2332 2330 2507
f 2508 2509 2338
f 2936 2175 2170
f 2167 1876 2935
f 2512 2513 2179
f 2179 2513 2514
f 2709 2515 2333
f 2334 2333 2515
f 2509 2337 2338
f 2353 2175 2936
f 2340 2707 2512
f 2341 2179 2514
f 2333 2517 2709
f 2180 2334 2515
f 2515 2518 2180
f 2181 2025 2702
f 2702 2024 2715
f 2702 2516 2181
f 2181 2516 2703
f 2704 2335 2711
f 2354 2336 2329
f 2336 2346 2176
f 2340 2343 2351
f 2714 2027 2341
f 2518 2717 2180
f 2717 2344 2180
f 2715 2024 2348
f 2348 2718 2715
f 2349 2181 2703
f 2182 2342 2520
f 2524 2027 2714
f 2519 2344 2717
f 2347 3143 2930
f 2348 2349 2718
f 2520 2525 2182
f 2935 1876 2523
f 3148 3143 2347
f 2339 2352 2938
f 2721 3148 2347
f 2938 2352 2527
f 2526 2528 2187
f 2187 2528 2943
f 2034 2722 2719
f 2529 2527 2356
f 2511 2532 3547
f 1898 2038 2531
f 2531 2190 1898
f 2360 2724 2529
f 2724 2360 2191
f 1772 2042 2953
f 2535 2366 2363
f 2366 2535 2537
f 2537 2369 2366
f 2367 2536 2193
f 2193 2364 2367
f 1907 2369 2537
f 2196 2733 1908
f 2733 2050 1908
f 2729 2539 2732
f 1781 2540 1654
f 2050 2541 1909
f 2957 2539 2371
f 2370 2372 2956
f 2049 2542 2203
f 3964 2538 2048
f 2371 2959 2957
f 2545 1657 3777
f 2739 2959 1910
f 2545 2738 2374
f 2206 2374 2738
f 2738 2546 2206
f 2053 2206 2546
f 2546 2054 2053
f 1914 2054 2547
f 1914 2736 2205
f 2207 2549 2059
f 2376 3361 2208
f 2377 2060 2742
f 1789 2059 2549
f 2747 2061 2960
f 2378 2748 2550
f 2551 2748 1917
f 2209 2743 2750
f 2379 2745 2551
f 2380 2746 2379
f 2752 2552 2553
f 2064 2210 2753
f 2754 3177 2380
f 2213 2751 2757
f 2382 2752 2553
f 2382 2554 2752
f 2384 2753 2555
f 2753 2384 2064
f 2556 2554 2557
f 2557 2758 2556
f 2556 2758 2383
f 2383 2555 2556
f 3181 2754 2385
f 2758 2557 2558
f 2560 2383 2758
f 2760 3181 2385
f 2962 2562 2757
f 2559 2758 2558
f 2560 1923 2383
f 2560 2561 1923
f 2761 2760 2563
f 2389 1923 2561
f 2217 1923 2389
f 2564 2566 2388
f 2566 2572 2390
f 2566 2390 2388
f 2391 2568 2567
f 2391 2766 2568
f 2569 2766 2394
f 2389 2392 2219
f 2572 2393 2390
f 2391 2970 2766
f 2766 2571 2394
f 2219 2392 2223
f 2575 2393 2572
f 2573 2394 2571
f 2974 2395 2396
f 2227 2398 2975
f 2975 2574 2227
f 2974 2396 2397
f 2398 2226 2573
f 2573 2975 2398
f 2228 2227 2574
f 2973 2972 2771
f 2397 2978 2974
f 2397 2773 2978
f 2773 2397 2577
f 2399 2576 2771
f 2578 2773 2577
f 2401 2579 2578
f 2579 2401 2230
f 2594 2580 2404
f 2776 2576 2402
f 2580 2594 2583
f 2581 2405 2584
f 2405 2581 2410
f 2585 2410 2581
f 2402 2591 2776
f 2582 2413 2412
f 2583 2592 2786
f 2583 2593 2592
f 2593 2583 2594
f 2404 2595 2407
f 2584 2405 2409
f 2585 2799 2410
f 2782 2423 2590
f 2423 2782 2586
f 2597 2423 2586
f 2591 2402 2424
f 2426 2785 2587
f 2587 2412 2426
f 2412 2587 2582
f 2413 2588 2414
f 2414 2588 2415
f 2416 2417 2083
f 2595 2418 2407
f 2596 2418 2595
f 2409 2439 2584
f 2439 2797 2584
f 2410 2799 2420
f 2089 2240 2800
f 2421 2089 2800
f 2800 2801 2421
f 2421 2801 2589
f 2422 2421 2589
f 2589 2590 2422
f 2423 2422 2590
f 2434 2423 2597
f 2424 2603 2597
f 2597 2591 2424
f 2425 2785 2426
f 2606 2416 2809
f 2593 2594 2819
f 2407 2819 2594
f 2428 2598 2429
f 2430 2599 2419
f 2419 2599 2431
f 2263 2249 2420
f 2602 2240 2088
f 2603 2434 2597
f 2424 2435 2603
f 2604 2605 2789
f 2605 2604 2441
f 2605 2441 2613
f 2427 2596 2793
f 2615 2599 2430
f 2814 2432 2431
f 2814 2815 2432
f 2608 2600 2432
f 2432 2815 2608
f 2608 2443 2600
f 2445 2601 1952
f 2433 1952 2601
f 2609 2255 2601
f 2446 2823 2807
f 2807 2439 2446
f 2807 2797 2439
f 2802 2818 2617
f 2802 2617 2448
f 2448 2803 2802
f 2803 2448 2611
f 2435 2250 2603
f 2436 2612 2618
f 2618 2257 2436
f 2612 2436 2440
f 2612 2440 2604
f 2427 2452 2258
f 2607 2821 2614
f 2813 2599 2615
f 2608 2825 2443
f 2445 2444 2816
f 2455 2255 2609
f 2609 2616 2455
f 2602 2246 2447
f 2447 3219 2602
f 3221 2611 2449
f 2618 1962 2257
f 2598 2635 2843
f 2428 2635 2598
f 2620 2813 2615
f 2816 2444 3030
f 2616 2621 2830
f 2621 2616 2610
f 2447 3432 3219
f 2818 2831 2617
f 2618 3249 1962
f 2832 3222 2269
f 2103 2625 2113
f 2827 2819 2451
f 2451 2264 2827
f 2842 2454 2452
f 2619 2626 2122
f 2626 2282 2122
f 2616 2830 2455
f 2453 2629 2456
f 3432 2447 1960
f 2617 2831 2838
f 3249 1971 1962
f 2269 2457 2832
f 2624 2832 2457
f 2458 2118 2625
f 2454 2842 2841
f 2627 2620 2623
f 2455 2636 2645
f 2636 2455 2830
f 2844 2622 2456
f 2456 2629 2459
f 2456 2459 2844
f 2272 2459 2629
f 2460 2845 2461
f 3432 1960 2461
f 2838 2846 2120
f 3036 2624 2630
f 2631 2121 2458
f 1967 2121 2631
f 2631 2633 1967
f 2633 2465 1967
f 2638 2275 2634
f 2635 2849 2843
f 2629 2463 2272
f 2463 2459 2271
f 2845 2460 2469
f 2469 2637 2845
f 2124 2460 2845
f 2845 3257 2124
f 2845 2460 2846
f 2290 1971 2853
f 2121 2631 2632
f 2631 2121 2465
f 2465 2633 2631
f 1972 1967 2465
f 2278 1972 2465
f 2279 2278 2847
f 2644 2275 2638
f 2462 2849 2635
f 2467 2850 2628
f 2645 2636 2859
f 2463 2640 2277
f 2472 2277 2640
f 2128 2280 2641
f 2641 2642 2128
f 2464 2128 2469
f 2469 3257 2637
f 2469 2124 3257
f 2465 1972 2470
f 2854 2465 2470
f 2646 2854 2470
f 2849 2462 2863
f 2645 2859 2653
f 2468 2855 2463
f 2640 2283 2472
f 2128 2642 2473
f 2644 2285 2281
f 2863 2462 2647
f 2653 2471 2645
f 2850 2467 2649
f 2855 2468 2476
f 2476 2866 2855
f 2651 2650 2285
f 2476 2655 2866
f 2477 2655 2476
f 2872 2477 2475
f 2138 3674 3455
f 3260 3070 1994
f 3059 3260 2654
f 3059 2654 3071
f 2650 2293 2478
f 2863 2294 3288
f 2479 3075 2869
f 2145 2653 2484
f 2483 3064 2867
f 3288 2294 2878
f 2477 2658 2480
f 2656 2657 1849
f 2874 2881 2148
f 2483 3078 3064
f 3078 2483 2882
f 2659 2300 2885
f 2660 2301 2484
f 2488 2883 2302
f 2486 2302 2883
f 2885 2300 2661
f 2491 2301 2660
f 2888 2889 2304
f 1995 2304 2889
f 2889 2487 1995
f 2663 1732 3293
f 2303 2486 2884
f 2884 2890 2303
f 2154 2303 2890
f 2888 2308 2893
f 2157 2881 2669
f 2306 2154 2890
f 2493 3095 2896
f 2890 2898 2306
f 2491 2900 2497
f 2893 2308 2670
f 2309 2489 2667
f 2492 3108 1997
f 2898 2671 2496
f 2496 2306 2898
f 2669 2320 2157
f 3108 2002 1997
f 3095 2673 3099
f 3101 2670 2495
f 3101 2495 2499
f 2499 3685 3101
f 2499 2498 3685
f 2667 2498 2309
f 2668 2490 2672
f 2677 2313 2497
f 2663 2903 2914
f 2905 2666 2676
f 2161 2313 2677
f 2677 3106 2161
f 3108 3120 2002
f 2500 2161 3106
f 2910 2162 2316
f 2010 2162 2678
f 2678 2682 2010
f 3303 2679 2501
f 2164 2317 2680
f 2675 2314 2915
f 2501 3113 3303
f 2680 2317 2681
f 3113 2501 2683
f 2685 2911 2319
f 2917 2681 2688
f 2328 2502 2692
f 2177 2914 3136
f 2504 3122 2684
f 2323 2014 2689
f 2690 2503 2919
f 2505 3516 2683
f 2688 2322 2691
f 2323 2689 2506
f 2507 2328 2692
f 2686 2508 2918
f 2918 2508 2324
f 3124 3122 2504
f 2696 3124 2504
f 2922 2696 2690
f 3127 2685 2167
f 2507 2692 2693
f 2918 2324 2694
f 2696 2922 3129
f 2693 2698 2329
f 2695 2936 2170
f 2167 2935 3127
f 2706 2329 2698
f 2177 3136 2036
f 2512 2933 2513
f 2709 2699 2700
f 2510 2703 2516
f 2704 2934 2928
f 2704 2705 2335
f 2705 2342 2335
f 2707 2933 2512
f 2714 2933 2707
f 2341 2514 2701
f 2701 2708 2341
f 2710 2703 2510
f 2712 2342 2705
f 2705 2713 2712
f 2342 2712 2520
f 2354 2329 2706
f 3530 2912 2511
f 2707 2340 2351
f 2707 2524 2714
f 2341 3140 2714
f 2708 3140 2341
f 2699 2709 2937
f 2709 2517 2519
f 2519 2937 2709
f 2710 2716 2703
f 2716 2349 2703
f 2522 2713 2711
f 2713 2522 2712
f 2524 2707 2351
f 2519 2717 2937
f 2349 2716 2718
f 2525 2712 2522
f 2520 2712 2525
f 2523 4133 2935
f 3149 2032 2521
f 2523 2719 4133
f 3149 2526 2032
f 2721 2943 3343
f 2938 2527 2529
f 2529 2948 2938
f 2038 1894 2946
f 2529 2949 2948
f 2361 2357 2723
f 2043 2358 2951
f 2530 2359 3154
f 3547 2532 2533
f 2533 3938 3547
f 2949 2529 2724
f 2952 2365 2361
f 2725 2724 2191
f 2726 1772 2953
f 2362 2044 2727
f 2043 2368 1773
f 2725 2191 2534
f 2044 2193 2727
f 2728 2730 2365
f 2727 2193 2536
f 2196 2365 2730
f 2725 2534 2729
f 2730 2733 2196
f 2368 2734 1649
f 2537 2199 1907
f 2197 2731 2536
f 1649 2734 2049
f 2199 2540 1781
f 2733 2735 2050
f 2734 2542 2049
f 2732 2539 2957
f 2957 3355 2732
f 2541 2050 2735
f 2372 3573 2956
f 1909 2541 2737
f 2203 2542 2543
f 1657 1654 3777
f 2048 2544 3964
f 2205 2736 2373
f 2546 2738 3163
f 2737 2740 2057
f 2054 2546 2547
f 1914 2547 3167
f 2208 3361 2739
f 2741 2375 2058
f 2742 3364 2377
f 2377 2741 2548
f 2741 2058 2548
f 3364 3172 2377
f 2377 3172 2741
f 2749 2750 3365
f 3174 2744 2745
f 3173 3365 2750
f 2750 2743 3173
f 3178 2745 2744
f 2746 3174 2745
f 2747 3175 2743
f 2748 2551 3178
f 2745 3178 2551
f 3179 2381 2749
f 2750 2749 2381
f 2960 2552 3368
f 2753 2210 2550
f 2379 2746 2745
f 3179 2751 2381
f 2752 3368 2552
f 2380 3177 2746
f 2751 3179 3180
f 3369 2752 2554
f 2554 2961 3369
f 2555 2756 2755
f 2753 2756 2555
f 3180 2757 2751
f 2961 2554 2556
f 2556 2755 2961
f 2755 2556 2555
f 2759 2560 2758
f 3181 2760 2761
f 2559 3379 2758
f 2759 2561 2560
f 2762 2562 2962
f 3379 2559 2965
f 2762 2386 2562
f 2967 2761 2563
f 2965 2559 2764
f 2389 2561 2763
f 2967 2563 2565
f 2566 2564 2964
f 2564 2388 2386
f 2968 2967 2565
f 2969 2968 2570
f 2570 2765 2969
f 2964 2966 2572
f 2964 2572 2566
f 2764 2567 2568
f 2767 2766 2569
f 2569 2392 2389
f 2968 2565 2570
f 2765 3380 2969
f 2766 2767 2571
f 3380 2765 2972
f 2767 3192 2571
f 2573 2571 3192
f 2575 2572 2769
f 2974 2768 2395
f 2770 2395 2768
f 2768 2976 2770
f 2769 2772 2575
f 2072 2575 2772
f 2778 2400 2072
f 2072 2772 2778
f 2774 2230 2229
f 2229 2979 2774
f 2985 3386 2771
f 2771 2576 2985
f 2576 2776 2985
f 2773 2777 2775
f 2777 2773 2578
f 2774 2579 2230
f 2778 2403 2400
f 2580 2780 2404
f 2581 3000 2781
f 2779 2403 2778
f 2587 2790 2582
f 3000 2581 2584
f 2781 2585 2581
f 2782 3001 2586
f 2586 2994 2783
f 2776 2591 2784
f 2403 2779 2425
f 2779 2785 2425
f 2413 2582 2790
f 2786 2791 2583
f 2595 2404 2780
f 2780 3005 2595
f 2585 2788 2799
f 2590 3001 2782
f 2586 2783 2597
f 2597 2783 2784
f 2591 2597 2784
f 2790 2789 2413
f 2413 2415 2588
f 2791 2786 2592
f 2593 2792 2791
f 2592 2593 2791
f 2793 2595 3005
f 2797 2798 3000
f 2797 3000 2584
f 2808 2420 2799
f 2801 2802 2589
f 2590 2589 2802
f 2802 2803 2590
f 2803 3001 2590
f 3009 3001 2803
f 3002 3204 2604
f 3002 2604 2789
f 2789 2790 3002
f 2789 2605 2413
f 2415 2413 2605
f 2605 2804 2415
f 2237 2415 2804
f 2237 2805 2416
f 2416 2805 2809
f 2793 2596 2595
f 2598 2794 2795
f 2429 2796 2812
f 2812 2796 3015
f 2787 2816 3012
f 2601 2816 2787
f 2798 2797 2807
f 2263 2420 2808
f 2240 2602 3016
f 3016 3018 2240
f 2800 2240 3018
f 3009 2803 2611
f 3221 3009 2611
f 3204 2612 2604
f 2613 2804 2605
f 2442 2606 2809
f 2819 3019 2593
f 2793 2820 2427
f 2607 2614 2810
f 2607 2810 2811
f 2828 2794 2598
f 2812 2438 2429
f 2812 2437 2438
f 2813 2431 2599
f 2431 2813 2814
f 2601 2445 2816
f 2609 2806 2616
f 2616 2806 2817
f 2807 2823 3022
f 2808 3031 2263
f 3219 3016 2602
f 2818 2801 2800
f 2802 2801 2818
f 2804 2450 3222
f 2450 2804 2613
f 2452 2427 2820
f 2810 2614 3026
f 2811 2821 2607
f 2811 2794 2821
f 2794 2828 2821
f 2598 2843 2828
f 2812 2619 2437
f 2610 2616 2817
f 3031 2453 2263
f 2442 2625 2103
f 2820 2842 2452
f 3026 2614 2821
f 2825 2623 2443
f 2822 2826 2621
f 2831 2818 3220
f 3025 2819 2827
f 2824 2821 2828
f 2829 2813 2620
f 2825 3241 2623
f 2830 2621 2826
f 2826 2835 2830
f 2836 2823 2622
f 2453 2837 2629
f 2624 3036 2832
f 2625 2839 2458
f 2833 2264 2841
f 2264 2833 2827
f 2824 2828 2834
f 2834 2828 2843
f 2829 2620 2627
f 3241 2627 2623
f 2636 2830 2835
f 2844 2836 2622
f 2630 3440 3036
f 3440 2630 2458
f 2458 2839 3440
f 2839 2631 2458
f 2839 2458 2632
f 2632 3037 2839
f 2633 2631 2839
f 2841 2840 2833
f 2842 2840 2841
f 2639 2282 2626
f 2628 2850 3030
f 2835 2851 2636
f 2459 3055 2844
f 2463 2629 2837
f 2837 2852 2463
f 2637 3035 2845
f 3237 2449 2273
f 2853 1971 3249
f 3037 2632 2631
f 3037 2631 2633
f 2856 2638 2634
f 2634 2848 2856
f 2634 2466 2848
f 2834 2849 3051
f 2849 2834 2843
f 2859 2636 2851
f 3055 2459 2463
f 2640 2463 2852
f 2854 2278 2465
f 2847 2643 2279
f 2847 2848 2643
f 2466 2643 2848
f 2644 2638 2856
f 2639 3053 2282
f 2463 2855 3055
f 2640 2641 2283
f 2642 3056 2473
f 2646 3450 2854
f 2856 2285 2644
f 2849 2863 3068
f 2474 2282 3053
f 2475 2473 3056
f 2646 3065 3450
f 2861 3057 2857
f 2858 2868 2861
f 2861 2857 2858
f 3053 2864 2474
f 2850 2649 3453
f 2860 2648 2862
f 3065 2646 2650
f 3065 2651 2285
f 2144 2474 2864
f 2869 3453 2649
f 3062 2860 2862
f 2862 2865 3062
f 2475 2866 2872
f 3065 2650 2651
f 2861 2868 3072
f 2144 2864 3082
f 3062 2865 2870
f 3079 2870 2865
f 2655 2871 2866
f 2866 2871 2872
f 2652 3477 2873
f 2652 2651 3081
f 2873 2651 2652
f 3288 3074 2863
f 2144 3082 2656
f 3085 2484 2653
f 2876 2871 2655
f 2477 2876 2655
f 2871 2876 2872
f 2876 2477 2872
f 3293 1994 3070
f 3081 3477 2652
f 2878 2883 3288
f 1849 2657 2875
f 2875 3083 1849
f 2479 1849 3083
f 3083 3084 2479
f 2479 3084 3075
f 2138 2880 3674
f 2877 2886 2656
f 3083 2887 2897
f 2897 2879 3083
f 2879 3084 3083
f 2878 2486 2883
f 2486 2878 2884
f 2878 2659 2884
f 2659 2885 2884
f 2657 2656 2886
f 2660 3092 2879
f 2888 3092 2484
f 3092 2660 2484
f 2484 2889 2888
f 2884 3294 2890
f 2877 2885 2661
f 2661 2886 2877
f 2657 2886 2899
f 2899 2891 2657
f 2657 2891 3091
f 2879 2897 2892
f 2892 2900 2879
f 2879 2491 2660
f 3295 2888 2893
f 2155 2487 2894
f 3850 2882 2662
f 3863 3284 2895
f 3089 2488 2896
f 2661 2664 2886
f 2879 2900 2491
f 2894 2489 2155
f 2899 2886 2664
f 2665 4070 2880
f 2899 2664 2666
f 3101 2893 2670
f 2494 2490 2668
f 2901 3486 2671
f 2901 2671 2898
f 3097 2899 2666
f 2668 2672 2494
f 4070 2665 2902
f 3099 2673 2904
f 2671 3486 2904
f 2666 2905 3097
f 2497 2900 2907
f 2497 2907 2677
f 2914 2903 3479
f 2674 2906 3850
f 3114 2914 3479
f 2905 2676 2908
f 2907 3107 2677
f 3106 2677 3107
f 3301 3487 2675
f 2162 3110 2678
f 2679 2908 2676
f 3103 2908 2679
f 2909 2502 2320
f 2162 2910 3110
f 2165 2500 3106
f 2682 2678 2913
f 3303 3103 2679
f 2680 3118 2164
f 3301 2675 2915
f 2681 3495 2680
f 2681 3308 3495
f 3118 2014 2164
f 2687 2321 3120
f 3494 2910 2684
f 2682 2916 2503
f 3118 2689 2014
f 3121 2915 2686
f 3310 3308 2681
f 2681 2917 3310
f 2916 2919 2503
f 2918 3121 2686
f 3516 3113 2683
f 2917 2688 2691
f 2691 2920 2917
f 2170 2687 2695
f 2921 2690 2919
f 2922 2690 2921
f 2920 2691 2697
f 2693 3324 2698
f 3324 2693 2692
f 3128 2918 2694
f 2696 3129 3124
f 3133 2920 2697
f 2513 2923 2514
f 2514 2923 2701
f 2929 2924 2699
f 2700 2699 2924
f 2924 2925 2700
f 2510 2927 2932
f 2928 2932 2927
f 3127 2935 3134
f 3128 2694 3335
f 2694 2339 3335
f 2513 2933 3131
f 2708 2701 2929
f 2700 2515 2709
f 2505 2930 3516
f 2702 2931 2516
f 2927 2510 2516
f 2516 2931 2927
f 2928 2934 2932
f 2714 3139 2933
f 2929 3141 2708
f 2699 3141 2929
f 2715 3144 2702
f 2710 2510 2932
f 2710 2932 2934
f 2711 2934 2704
f 2339 3138 3335
f 3139 2714 3140
f 2699 2937 3141
f 2518 3142 2717
f 2715 2718 3144
f 2716 3144 2718
f 2711 3137 2934
f 3137 2711 2713
f 2358 2036 3136
f 3138 2339 2938
f 2936 2720 2353
f 2717 3142 2937
f 3136 2942 2358
f 2355 2354 2939
f 3530 2511 3547
f 2720 2941 2353
f 2721 3343 3148
f 2938 2948 2940
f 1894 2353 2946
f 2353 2941 2946
f 2357 2355 3151
f 3151 2723 2357
f 2942 2951 2358
f 2531 2038 2946
f 2950 2723 2947
f 2945 2948 2949
f 2950 2361 2723
f 2950 2952 2361
f 2953 2042 2190
f 2949 2724 3155
f 4139 2359 2041
f 2728 2365 2952
f 2362 3557 2041
f 2727 3561 2362
f 2537 2535 2726
f 2536 2955 2727
f 3156 2725 2729
f 2536 3773 2955
f 3773 2536 2731
f 2732 3158 2729
f 3775 2954 2538
f 2731 2956 3773
f 1654 2540 2958
f 2541 3161 2737
f 3775 2538 3964
f 2958 3777 1654
f 3573 2372 2373
f 2543 2207 2203
f 3782 1914 3167
f 1914 3358 2736
f 2739 3577 2959
f 2549 2207 3168
f 3360 2375 2741
f 2549 3170 1789
f 2376 1789 3170
f 2744 3174 3366
f 3367 2749 3365
f 3173 2743 3175
f 2749 3367 3179
f 3585 2550 2748
f 3174 2746 3177
f 3586 2753 2550
f 3368 2752 3369
f 3786 3180 3179
f 3787 3177 2754
f 3787 2754 3181
f 3180 2962 2757
f 3371 3181 2761
f 2761 3372 3371
f 2963 2762 2962
f 2759 2758 3377
f 2963 3182 2964
f 2964 2386 2963
f 2386 2762 2963
f 3377 2758 3379
f 3372 2761 2967
f 2386 2964 2564
f 2759 3184 2561
f 2561 3184 2763
f 2967 2968 3372
f 3372 2969 3376
f 2968 2969 3372
f 2964 3182 2966
f 3186 2965 2764
f 3186 2764 2568
f 3187 3186 2568
f 3184 2569 2389
f 2389 2763 3184
f 2971 2572 2966
f 2568 3189 3187
f 3184 3189 2767
f 3184 2767 2569
f 3189 2568 2766
f 2766 2970 3189
f 2972 3592 3380
f 2572 2971 2769
f 2973 3592 2972
f 2770 2976 2970
f 2228 2574 2977
f 2979 2229 2228
f 2228 2977 2979
f 2771 3386 2973
f 2772 2769 2980
f 2772 2981 2778
f 2981 2772 2980
f 2773 2982 2978
f 2982 2773 2775
f 2775 2993 2982
f 2578 3599 2777
f 3599 2578 2579
f 2986 2774 2979
f 2979 2983 2986
f 2981 2779 2778
f 2991 2779 2981
f 3196 2992 2982
f 2982 2993 3196
f 2993 2775 2777
f 2774 2986 2579
f 2983 2987 2986
f 2983 2988 2987
f 2988 2983 2984
f 2989 2988 2984
f 2985 2784 2990
f 2985 2776 2784
f 3196 2997 2992
f 2988 3199 2987
f 2989 3007 2988
f 2999 3007 2989
f 2783 2994 2990
f 2779 2991 2785
f 2785 2991 2995
f 2587 2785 2995
f 2580 2583 3197
f 2780 2580 3197
f 3011 2996 2992
f 2992 2997 3011
f 2988 2998 3199
f 2998 2988 3007
f 2784 2783 2990
f 3002 2587 2995
f 2790 2587 3002
f 3003 2583 2791
f 3003 3197 2583
f 2796 2429 2996
f 2996 3011 2796
f 3007 2999 2787
f 2787 3008 2601
f 2787 2999 3008
f 2781 3216 2585
f 3216 2788 2585
f 3009 2586 3001
f 3009 2994 2586
f 3003 2791 2792
f 2792 3010 3003
f 3005 3004 2793
f 2794 3205 2795
f 2795 2996 2598
f 2795 3006 2996
f 2598 2996 2429
f 3011 3015 2796
f 3012 2998 3007
f 3012 3007 2787
f 2601 3008 2609
f 2609 3008 3013
f 3013 2806 2609
f 2806 3013 3213
f 2808 2788 3216
f 2788 2808 2799
f 2792 2593 3010
f 2820 2793 3004
f 3004 3020 2820
f 3014 2794 2811
f 3213 2817 2806
f 3214 2798 2807
f 3018 3016 3017
f 3009 3221 3203
f 2237 2804 3416
f 2805 2237 3416
f 3010 2593 3019
f 2811 2810 3014
f 3015 3021 2812
f 3021 2619 2812
f 2816 3408 3012
f 3218 2610 2817
f 3214 2807 3022
f 3216 3023 2808
f 3023 3031 2808
f 2800 3018 3220
f 3220 2818 2800
f 3227 2618 2612
f 3222 3416 2804
f 2809 3024 2442
f 2819 3025 3019
f 2820 3020 3033
f 3027 3026 2821
f 3021 3425 2619
f 3028 2608 2815
f 3028 2825 2608
f 2621 3218 2822
f 3218 2621 2610
f 3221 2449 3613
f 2625 2442 3024
f 3024 3032 2625
f 3033 2842 2820
f 3029 3027 2824
f 2821 2824 3027
f 3425 2626 2619
f 3028 3230 2825
f 3408 2816 3030
f 3232 3022 2823
f 3220 3421 2831
f 3222 2832 3422
f 3238 3422 2832
f 3025 2827 2833
f 2829 3235 2813
f 3241 2825 3230
f 3232 2823 2836
f 2837 2453 3031
f 3237 3613 2449
f 3238 2832 3036
f 2839 2625 3032
f 3029 2824 2834
f 2834 3041 3029
f 3241 3245 2627
f 3030 3034 3231
f 2826 3042 2835
f 2836 3246 3232
f 3035 2461 2845
f 3035 3432 2461
f 2846 2838 2831
f 2839 3037 3440
f 3032 3243 2839
f 2633 2839 3243
f 3228 2833 2840
f 3048 2842 3033
f 3040 3041 2834
f 2834 3039 3040
f 2627 3245 2829
f 3034 3030 2850
f 3042 3054 2835
f 3054 2851 2835
f 3270 2836 2844
f 2844 3055 3270
f 2837 3043 2852
f 3035 2637 3247
f 2845 2846 3044
f 3044 3257 2845
f 2633 3243 3037
f 3243 3038 3045
f 2847 2278 3045
f 2856 2848 3435
f 3435 3228 2856
f 2840 2856 3228
f 2840 2842 3048
f 3039 3051 3050
f 2834 3051 3039
f 3246 2836 3270
f 2640 2852 3043
f 2641 2640 3047
f 2641 3256 2642
f 3247 2637 3257
f 3045 2278 2854
f 2840 3060 2856
f 3060 2840 3048
f 2851 3061 2859
f 3061 2851 3054
f 3046 3058 3054
f 3046 3246 3058
f 3058 3246 3270
f 3265 3270 3055
f 3256 3056 2642
f 2857 3057 3048
f 2858 2857 3048
f 3048 3049 2858
f 2858 3049 3067
f 3067 3049 3050
f 3067 3050 3051
f 2849 3274 3051
f 3274 2849 3068
f 3061 3054 3058
f 2648 2860 3270
f 2860 3058 3270
f 3271 3265 3055
f 2855 3271 3055
f 3648 2273 3455
f 3060 2285 2856
f 2868 2858 3067
f 2859 3264 2653
f 3264 2859 3061
f 3062 3061 3058
f 3058 2860 3062
f 2862 2648 3270
f 3270 2865 2862
f 3271 3279 3265
f 3063 3069 2475
f 3063 2475 3056
f 3066 3065 2285
f 2285 3060 3066
f 2861 3273 3057
f 3460 3453 2869
f 3269 2653 3264
f 3069 3271 2855
f 2866 3069 2855
f 2866 2475 3069
f 3273 2861 3072
f 2868 3067 3073
f 3074 3068 2863
f 3075 3460 2869
f 3085 2653 3269
f 2870 3076 3062
f 3077 3079 2865
f 2874 3645 3080
f 3456 3293 3070
f 3071 3284 3449
f 2651 2873 3285
f 2651 3285 3081
f 2868 3273 3072
f 3073 3273 2868
f 3076 3079 3077
f 3079 3076 2870
f 3289 3075 3084
f 3080 3087 2881
f 3080 2881 2874
f 2656 3082 2877
f 2657 3292 2875
f 2875 3292 3083
f 3089 3288 2883
f 2657 3091 3292
f 2887 3083 3292
f 3084 2879 3289
f 2889 2484 3085
f 3085 2487 2889
f 3085 3086 2487
f 2880 4669 3674
f 3087 2669 2881
f 2883 2488 3089
f 3090 2884 2885
f 3090 3294 2884
f 2885 2877 3090
f 3289 2879 3092
f 3850 3078 2882
f 3091 2897 2887
f 3092 2888 3295
f 2903 2663 3293
f 2896 3684 3089
f 3093 2897 3091
f 2894 3094 2489
f 3863 2895 3487
f 3684 2896 3095
f 2901 2898 2890
f 2891 3093 3091
f 2897 3093 2892
f 3094 3096 2489
f 4669 2880 4070
f 3098 2892 3093
f 2900 2892 3098
f 3483 2893 3101
f 3096 3297 2667
f 2667 2489 3096
f 3100 3099 2904
f 2904 3486 3100
f 2891 2899 3296
f 2498 3297 3685
f 3297 2498 2667
f 2320 2669 2909
f 2902 4280 4070
f 3103 3097 2905
f 2900 3102 2907
f 2905 2908 3104
f 3103 2905 3104
f 3105 3106 2907
f 3106 3107 2907
f 3107 3106 3302
f 3103 3104 2908
f 3105 2165 3106
f 3106 3107 3109
f 3107 3111 3109
f 3107 3302 3111
f 2906 2674 2912
f 3105 3117 2165
f 3304 3493 2680
f 2911 4482 2902
f 2680 3495 3304
f 3118 2680 3493
f 3110 2910 3494
f 2682 2913 3112
f 3301 2915 3115
f 2682 3112 3116
f 2926 2165 3117
f 3114 3136 2914
f 3116 2916 2682
f 3119 2692 2502
f 3115 2915 3121
f 2684 3698 3494
f 3119 3324 2692
f 3698 2684 3122
f 2911 2685 3897
f 2918 3509 3121
f 3123 2919 2916
f 3323 2506 2689
f 3124 3311 3122
f 3312 3126 3130
f 2917 2920 3326
f 2685 3127 3512
f 3509 2918 3128
f 3128 3514 3509
f 3129 3329 3124
f 2923 3125 2701
f 2701 3125 2924
f 2927 3706 3130
f 3130 2928 2927
f 3126 2928 3130
f 2704 2928 3126
f 2705 2704 3126
f 3334 3133 2697
f 3334 2697 2506
f 2924 2929 2701
f 2925 3132 2700
f 3521 2706 2698
f 2515 2700 3132
f 2521 1879 2926
f 3336 3131 2933
f 3139 3336 2933
f 2515 3142 2518
f 2931 2702 3144
f 2713 2705 3135
f 3135 3145 2713
f 3140 3342 3139
f 3140 2708 3141
f 2937 3142 3141
f 3516 2930 3143
f 3144 2716 2710
f 3137 3144 2934
f 3144 2710 2934
f 3340 3137 2713
f 2354 2706 3146
f 2939 2354 3146
f 3149 2521 3147
f 2938 2940 3138
f 2939 3151 2355
f 3149 2528 2526
f 3149 3344 2528
f 2940 2948 3150
f 3343 2943 2944
f 2944 2943 2528
f 2719 2722 3545
f 2723 3151 3152
f 3152 2947 2723
f 2945 3345 3150
f 3150 2948 2945
f 2945 3153 3345
f 3153 2945 2949
f 3154 2722 2530
f 2190 2531 3350
f 2949 3155 3153
f 2953 2190 3350
f 2724 3349 3155
f 2041 3557 4139
f 2533 4536 3938
f 2368 2043 2951
f 3349 2724 3156
f 2724 2725 3156
f 2726 2953 3560
f 3560 3353 2726
f 3561 3557 2362
f 2730 2728 3157
f 3353 2537 2726
f 2727 2955 3561
f 4536 2533 2954
f 2199 2537 3353
f 2729 3562 3156
f 2729 3158 3562
f 2732 3355 3158
f 2956 3776 3773
f 3160 2542 2734
f 2541 2735 3159
f 3159 3161 2541
f 3573 3776 2956
f 2957 3575 3355
f 2957 2959 3575
f 3161 3162 2737
f 2545 3777 3359
f 2545 3163 2738
f 3163 3164 2546
f 2547 2546 3164
f 3165 3166 2547
f 3167 2547 3166
f 3358 1914 3782
f 3779 3964 2544
f 2207 2543 3580
f 3577 3576 2959
f 2742 2740 3171
f 3169 2549 3168
f 2376 3170 3361
f 3364 2742 3171
f 3366 3176 2744
f 3175 2747 3584
f 3176 3178 2744
f 3584 2747 2960
f 2753 3586 2756
f 3369 2961 3789
f 2961 3374 3789
f 3181 3788 3787
f 3373 2962 3976
f 2962 3180 3976
f 3374 2961 2755
f 3371 3788 3181
f 3373 2963 2962
f 3373 3182 2963
f 3378 3377 3183
f 3377 3378 2759
f 2966 3182 3381
f 3185 3184 2759
f 3379 2965 3186
f 2971 2966 3381
f 3185 3188 3184
f 3376 2969 3380
f 3189 3184 3188
f 2970 3793 3189
f 3189 3190 2767
f 3190 3192 2767
f 2971 3191 2769
f 2974 3193 2768
f 2768 3382 2976
f 3382 2970 2976
f 3192 2975 2573
f 2975 3384 2574
f 2978 3385 2974
f 2977 3194 2979
f 2978 2982 3385
f 3194 2983 2979
f 3388 2981 2980
f 2982 2992 3195
f 3386 2985 3391
f 3388 2991 2981
f 2777 3396 2993
f 2579 2986 3390
f 3390 3599 2579
f 3806 3390 2986
f 2990 3391 2985
f 2992 2996 3389
f 3396 3196 2993
f 2986 2987 3806
f 3199 3806 2987
f 3003 3201 3197
f 3201 3004 3197
f 3197 3004 3005
f 3005 2780 3197
f 3006 2795 3202
f 3006 3198 2996
f 3011 2997 3208
f 3199 2998 3407
f 3008 3200 3013
f 3013 3200 3402
f 3200 3399 3402
f 2798 2781 3000
f 3009 3203 2994
f 3203 2990 2994
f 3204 2995 2991
f 3002 2995 3204
f 3401 3202 3205
f 3205 3206 3401
f 3205 3202 2795
f 3015 3011 3208
f 3407 2998 3012
f 3213 3402 3212
f 3402 3213 3013
f 2798 3214 3215
f 3215 3216 2798
f 3216 2781 2798
f 3204 3217 2612
f 2809 2805 3210
f 3010 3404 3003
f 3020 3004 3201
f 3014 3205 2794
f 3211 3206 3205
f 3208 3021 3015
f 3012 3408 3407
f 3217 3227 2612
f 2809 3210 3024
f 3205 3014 3411
f 3411 3211 3205
f 3211 3225 3207
f 3405 3207 3225
f 3226 3212 3209
f 3212 3412 3213
f 3412 2817 3213
f 3218 2817 3412
f 3413 3214 3022
f 3023 3216 3215
f 3016 3414 3017
f 3414 3016 3219
f 3010 3025 3224
f 3025 3010 3019
f 3026 3014 2810
f 3026 3027 3411
f 3411 3014 3026
f 3417 3411 3027
f 3412 3427 2822
f 3227 3249 2618
f 3416 3222 3422
f 3032 3024 3223
f 3025 3228 3224
f 3417 3027 3029
f 3424 3417 3029
f 2814 2813 3229
f 3229 3430 2814
f 2815 2814 3430
f 3430 3230 2815
f 3230 3028 2815
f 3030 3231 3408
f 3427 2826 2822
f 3232 3413 3022
f 3023 3233 3031
f 3025 2833 3228
f 3234 3418 3225
f 2626 3425 3418
f 3418 3234 2626
f 3229 2813 3235
f 3236 3427 3226
f 2826 3427 3236
f 2837 3031 3233
f 3233 3043 2837
f 3421 3248 2831
f 3424 3029 3041
f 3041 3240 3424
f 3225 3424 3240
f 3034 3242 3231
f 3226 3231 3242
f 3242 3236 3226
f 3042 2826 3236
f 3248 2846 2831
f 3243 3244 3038
f 3033 3239 3049
f 3041 3040 3039
f 3240 3052 3225
f 3234 3225 3052
f 3234 2639 2626
f 3444 3235 2829
f 3444 2829 3245
f 3242 3253 3236
f 3254 3042 3236
f 3254 3054 3042
f 3248 3448 3044
f 3248 3044 2846
f 4426 3237 2273
f 3440 3037 3441
f 3037 3243 3441
f 3045 3244 3243
f 3045 3038 3244
f 3045 3250 2847
f 2848 2847 3250
f 3435 2848 3250
f 3048 3033 3049
f 3049 3251 3050
f 3039 3050 3251
f 3041 3039 3443
f 3041 3252 3240
f 3252 3052 3240
f 2639 3234 3052
f 3254 3236 3253
f 3254 3255 3054
f 3046 3054 3255
f 3255 3446 3046
f 3046 3446 3246
f 3047 2640 3043
f 2641 3047 3256
f 3447 3257 3044
f 4426 2273 3648
f 2854 3250 3045
f 3250 2854 3450
f 3052 3258 2639
f 2639 3258 3053
f 3053 3258 3259
f 2850 3453 3262
f 2850 3262 3034
f 3034 3263 3242
f 3048 3057 3060
f 3275 3052 3252
f 3261 3052 3275
f 3258 3052 3261
f 3053 3259 2864
f 3262 3263 3034
f 3253 3242 3263
f 4421 2867 4025
f 3059 4018 3260
f 3450 3065 3650
f 3060 3266 3272
f 3060 3057 3266
f 3267 3067 3051
f 3267 3051 3274
f 3258 3261 3277
f 3263 3262 3268
f 3263 3269 3253
f 3269 3264 3253
f 3270 3265 3279
f 2874 2867 3645
f 4025 2867 3064
f 3649 4025 3064
f 3070 4215 3456
f 3066 3650 3065
f 3066 3060 3272
f 3650 3066 3272
f 3266 3057 3273
f 3267 3280 3067
f 3267 3274 3280
f 3068 3261 3275
f 3068 3276 3261
f 3277 3261 3276
f 3277 3452 3258
f 2864 3457 3282
f 3264 3464 3659
f 3464 3264 3061
f 3061 3278 3464
f 3062 3278 3061
f 3270 3279 2865
f 3063 3271 3069
f 3078 3649 3064
f 3059 3071 3449
f 3067 3280 3073
f 3274 3068 3281
f 3281 3068 3074
f 3074 3276 3281
f 3275 3276 3068
f 3282 3082 2864
f 3468 3460 3075
f 3268 3283 3263
f 3659 3085 3269
f 3269 3263 3283
f 3283 3659 3269
f 3086 3659 3464
f 3062 3465 3278
f 3465 3062 3076
f 3279 3077 2865
f 3088 3293 3456
f 2873 3471 3285
f 2873 3477 3471
f 3466 3273 3073
f 3276 3288 3281
f 3288 3276 3074
f 3082 3282 3467
f 3085 3659 3086
f 3465 3076 3077
f 3471 3477 3081
f 3477 3471 3287
f 3285 3471 3081
f 3082 3467 3291
f 3075 3289 3468
f 3286 3290 3475
f 2485 2481 3481
f 3281 3288 3089
f 3082 3291 2877
f 2877 3291 3090
f 3091 2887 3292
f 3092 3473 3289
f 2894 2487 3086
f 3473 3092 3295
f 3479 2903 3293
f 3095 3484 3684
f 3295 2893 3483
f 3484 3095 3099
f 3484 3099 3100
f 3685 3483 3101
f 2899 3097 3296
f 3296 3489 2891
f 3489 3093 2891
f 3098 3093 3490
f 3102 2900 3098
f 3098 3490 3102
f 3108 2492 3298
f 3097 3103 3299
f 3102 3300 2907
f 3300 3105 2907
f 3103 3303 3299
f 3106 3109 3111
f 3111 3302 3106
f 2902 4482 4280
f 3499 2502 2909
f 2678 3305 2913
f 3493 3306 3118
f 2913 3305 3307
f 3307 3112 2913
f 3491 3303 3113
f 2906 2912 3496
f 3115 3497 3301
f 3500 3116 3112
f 2502 3499 3119
f 3887 3494 3698
f 2689 3118 3309
f 3506 3497 3115
f 3506 3115 3315
f 3121 3315 3115
f 3698 3122 3311
f 3119 3317 3324
f 3506 3315 3314
f 3121 3509 3315
f 3120 3319 2687
f 3321 2919 3123
f 3310 2917 3900
f 3317 3119 3318
f 3318 3119 3313
f 3530 3496 2912
f 3124 3320 3311
f 3131 2923 2513
f 3316 2924 3125
f 2924 3316 3322
f 3498 3113 3516
f 2705 3126 3135
f 3512 3897 2685
f 3327 3514 3128
f 3319 3325 2687
f 3325 2695 2687
f 3518 3328 3320
f 3320 3124 3518
f 3331 2921 2919
f 2919 3321 3331
f 2921 3331 2922
f 3322 2925 2924
f 2925 3322 3717
f 2920 3133 3326
f 2506 3323 3334
f 3329 3518 3124
f 3129 3330 3329
f 2922 3331 3330
f 3129 2922 3330
f 3131 3716 4105
f 3132 2925 3717
f 2927 2931 3706
f 3326 3333 3520
f 3334 3528 3333
f 3133 3334 3333
f 3326 3133 3333
f 3134 3512 3127
f 3327 3128 3335
f 2695 3739 2936
f 3131 3336 3716
f 2926 3338 2521
f 3146 2706 3521
f 3142 2515 3132
f 3531 2931 3144
f 3332 3145 3135
f 3138 3744 3335
f 3342 3140 3339
f 3140 3529 3339
f 3529 3140 3141
f 3529 3141 3142
f 3143 3525 3516
f 3338 3147 2521
f 3144 3532 3531
f 3532 3144 3137
f 3137 3337 3532
f 3337 3137 3340
f 3538 3744 3138
f 3336 3139 3342
f 3340 2713 3145
f 3539 2939 3146
f 3538 3138 2940
f 3148 3748 3143
f 3540 3151 2939
f 3543 3538 2940
f 2940 3150 3543
f 3148 3755 3748
f 2719 3545 4133
f 3150 3549 3543
f 3755 3148 3343
f 3150 3345 3549
f 2944 2528 3344
f 3344 3935 2944
f 3152 3551 2947
f 2951 2942 3553
f 3550 3343 2944
f 2944 3935 3550
f 3347 2947 3551
f 3153 3346 3345
f 2531 2946 3555
f 3545 2722 3154
f 2950 2947 3347
f 3153 3554 3346
f 2952 2950 3347
f 3554 3153 3155
f 3154 2359 4139
f 3347 3348 2952
f 3155 3349 3554
f 2728 2952 3348
f 3348 3759 2728
f 3350 3559 2953
f 3157 2728 3759
f 3156 3562 3349
f 3157 3352 2730
f 2733 2730 3352
f 3352 3572 2733
f 3158 3774 3562
f 3354 2734 2368
f 2735 2733 3572
f 2735 3572 3159
f 3774 3158 3355
f 3574 3159 3572
f 3161 3159 3574
f 3357 2543 2542
f 3356 3573 2373
f 2959 3576 3575
f 3356 2373 2736
f 2736 3358 3356
f 3163 2545 3359
f 3164 3165 2547
f 2737 3579 2740
f 2544 2375 3779
f 3168 2207 3580
f 3779 2375 3360
f 3363 2549 3169
f 3170 2549 3363
f 3362 2741 3172
f 3972 3365 3173
f 3173 3784 3972
f 4178 3366 3174
f 3784 3173 3175
f 3175 3584 3784
f 3178 3785 2748
f 3176 3785 3178
f 3174 3177 3583
f 2550 3585 3586
f 3786 3976 3180
f 3977 3369 3789
f 3978 3373 3976
f 3374 2755 3370
f 2755 2756 3370
f 3371 4364 3788
f 3370 3375 3374
f 3588 3182 3373
f 3375 3183 3374
f 3378 3183 3375
f 3378 3185 2759
f 3380 4181 3376
f 3590 3379 3186
f 3187 3591 3590
f 3590 3186 3187
f 3185 3591 3188
f 3591 3187 3189
f 3188 3190 3189
f 3591 3189 3793
f 3188 3794 3190
f 3192 3190 3794
f 2975 3192 3383
f 3383 3384 2975
f 2574 3384 2977
f 3598 2769 3191
f 2980 2769 3598
f 3385 2982 3195
f 3195 3387 3385
f 3194 3597 2983
f 2984 2983 3597
f 3195 2992 3389
f 3392 2777 3599
f 3597 2989 2984
f 3396 2777 3392
f 3388 3611 2991
f 3604 3395 3006
f 3389 2996 3198
f 2999 3394 3397
f 2999 3393 3394
f 3398 3397 3394
f 3400 3398 3607
f 3391 2990 3811
f 3202 3609 3604
f 3401 3609 3202
f 3006 3202 3604
f 3403 2997 3196
f 3196 3396 3403
f 3199 4007 3806
f 3397 3008 2999
f 3200 3607 3398
f 3200 3398 3400
f 3400 3399 3200
f 3608 3399 3400
f 3206 3395 3401
f 3395 3206 3006
f 3206 3207 3006
f 3198 3006 3207
f 3198 3207 3405
f 3208 2997 3403
f 4007 3199 3407
f 3397 3209 3008
f 3200 3008 3209
f 3200 3209 3402
f 3402 3606 3200
f 3606 3607 3200
f 3606 3402 3399
f 3811 2990 3203
f 3204 2991 3611
f 3611 3217 3204
f 3612 3209 3397
f 3209 3212 3402
f 3201 3003 3404
f 3423 3201 3404
f 3201 3423 3020
f 3206 3211 3207
f 3406 3610 3405
f 3409 3415 3017
f 3018 3017 3415
f 3221 3613 3203
f 3024 3410 3223
f 3410 3024 3210
f 3423 3033 3020
f 3208 3406 3021
f 3612 3426 3226
f 3209 3612 3226
f 3215 3214 3413
f 3419 3023 3215
f 3414 3409 3017
f 3415 3220 3018
f 3416 3223 2805
f 3417 3211 3411
f 3211 3417 3225
f 3225 3418 3405
f 3406 3405 3418
f 3418 3425 3406
f 3425 3021 3406
f 3212 3226 3427
f 3412 3212 3427
f 2822 3218 3412
f 3219 3420 3414
f 3421 3220 3415
f 3415 3420 3421
f 3404 3010 3224
f 3417 3424 3225
f 3426 3408 3231
f 3426 3231 3226
f 3023 3419 3233
f 3420 3219 3432
f 3432 3621 3420
f 3238 4013 3422
f 3429 3404 3224
f 3239 3033 3423
f 3233 3419 3433
f 3228 3632 3224
f 3235 3636 3229
f 3230 3637 3241
f 3446 3431 3232
f 3232 3246 3446
f 3434 3432 3035
f 3036 3439 3238
f 3435 3632 3228
f 3251 3049 3239
f 3444 3636 3235
f 3241 3637 3245
f 3043 3626 3436
f 3035 3247 3438
f 3035 3438 3434
f 4044 2853 3249
f 3439 3036 3440
f 3251 3443 3039
f 3252 3041 3443
f 3255 3254 3445
f 3445 3446 3255
f 3047 3043 3436
f 3047 3647 3256
f 3438 3247 3257
f 3438 3257 3447
f 3044 3448 3447
f 4017 3260 4018
f 3443 3451 3252
f 3646 3254 3253
f 3445 3254 3646
f 3647 3837 3056
f 3647 3056 3256
f 4215 3070 3260
f 2853 3660 2290
f 3451 3275 3252
f 3452 3259 3258
f 3452 2864 3259
f 3654 3454 3453
f 3453 3454 3262
f 3646 3253 3264
f 3056 3837 3063
f 2867 4421 3645
f 3651 3650 3272
f 3451 3458 3275
f 3654 3453 3460
f 3454 3461 3262
f 3264 3659 3646
f 3656 3271 3063
f 2481 2290 3660
f 3272 3266 3651
f 3266 3273 3651
f 3452 3277 3661
f 3282 3457 3653
f 3459 3282 3653
f 3262 3461 3268
f 3470 3279 3656
f 3656 3279 3271
f 3674 4244 3455
f 3651 3273 3462
f 3844 3073 3280
f 3280 3664 3844
f 3274 3463 3664
f 3664 3280 3274
f 3281 3463 3274
f 3458 3276 3275
f 3468 3663 3460
f 3461 3474 3268
f 3470 3077 3279
f 3284 4048 3449
f 3462 3273 3466
f 3844 3466 3073
f 3276 3677 3680
f 3277 3276 3680
f 3277 3472 3661
f 3467 3472 3291
f 3474 3283 3268
f 3464 3683 3086
f 3465 3470 3669
f 3470 3465 3077
f 3078 4634 3649
f 3468 3289 3469
f 3473 3469 3289
f 3286 3679 3290
f 3679 3286 3475
f 3290 3476 3475
f 3864 3463 3281
f 3281 3089 3864
f 3472 3478 3291
f 3480 3293 3088
f 4048 3284 3863
f 3478 3090 3291
f 3293 3480 3479
f 3089 3684 3864
f 3294 3090 3478
f 2894 3086 3482
f 3481 2492 2485
f 3094 2894 3482
f 3294 3869 2890
f 3295 3483 3473
f 2909 2669 3485
f 2901 2890 3869
f 3869 3486 2901
f 3297 4274 3685
f 3297 3096 4274
f 3093 3489 3490
f 3490 3877 3102
f 3850 2906 4062
f 3296 3097 3488
f 3489 3883 3490
f 3488 3097 3299
f 3300 3102 3877
f 2909 3688 3499
f 3301 3884 3487
f 3300 3690 3105
f 3690 3117 3105
f 3299 3303 3491
f 3305 2678 3110
f 3110 3693 3305
f 3695 3492 3304
f 3304 3495 3695
f 3304 3492 3493
f 3301 3692 3884
f 3693 3110 3494
f 3692 3301 3497
f 3307 3500 3112
f 3491 3113 3498
f 3308 3697 3495
f 3309 3118 3306
f 3500 2916 3116
f 3308 3310 3697
f 3309 3704 2689
f 3499 3313 3119
f 3698 3311 3502
f 2916 3500 3503
f 3503 3123 2916
f 3125 3501 3316
f 3505 3890 3312
f 3890 3700 3312
f 3312 3700 3126
f 3697 3310 3900
f 3311 3320 3502
f 2923 4105 3504
f 3125 2923 3504
f 3312 3130 3505
f 3704 3511 2689
f 3513 3318 3313
f 3530 4682 3496
f 3506 3314 3507
f 3507 3315 3508
f 3315 3509 3508
f 3902 3509 3514
f 3320 3515 3502
f 4105 2923 3131
f 3130 3706 3505
f 3126 3707 3135
f 3907 3900 2917
f 3511 3323 2689
f 3905 2698 3317
f 2698 3324 3317
f 3317 3708 3905
f 3712 3708 3317
f 3317 3513 3712
f 3513 3317 3318
f 3314 3315 3507
f 3901 3507 3508
f 3508 3714 3901
f 3320 3328 3515
f 3322 3510 3717
f 2917 3326 3517
f 3521 2698 3721
f 3515 3328 3518
f 3329 3725 3518
f 3331 3519 3330
f 3710 4105 3716
f 2931 3730 3706
f 3707 3718 3332
f 3332 3135 3707
f 3326 3520 3517
f 3720 3528 3334
f 3720 3334 3323
f 3521 3522 3146
f 3918 3327 3335
f 3329 3523 3725
f 3523 3329 3330
f 3330 3519 3523
f 3717 3529 3132
f 3718 3337 3332
f 3520 3333 3527
f 3527 3333 3528
f 3529 3716 3339
f 3142 3132 3529
f 2931 3531 3730
f 3145 3332 3337
f 2942 3136 3929
f 3918 3335 3744
f 2720 2936 3739
f 3336 3342 3716
f 3339 3716 3342
f 2935 3928 3134
f 3341 3743 3917
f 3145 3337 3340
f 3743 3533 3536
f 3533 3743 3341
f 3536 3533 3537
f 3143 3748 3525
f 3540 2939 3539
f 3541 3535 3534
f 3538 3543 3747
f 3151 3540 3544
f 3544 3546 3151
f 3755 3343 4136
f 3149 3756 3344
f 3152 3546 3548
f 3546 3152 3151
f 3753 3549 3345
f 4136 3343 3550
f 3152 3548 3551
f 3546 3551 3548
f 3552 3347 3551
f 3932 3345 3346
f 3937 3347 3552
f 3346 3939 3932
f 3350 2531 3555
f 3545 3154 4139
f 3939 3346 3554
f 3347 3937 3348
f 3348 3937 3556
f 3757 3554 3349
f 3558 2368 2951
f 3349 3942 3757
f 3942 3349 3562
f 3560 2953 3559
f 3562 3764 3942
f 3767 3561 2955
f 3563 3565 3351
f 3351 3765 3563
f 3566 3568 3564
f 3771 3765 3351
f 3565 3569 3771
f 3771 3351 3565
f 3565 3772 3569
f 3567 3564 3568
f 3566 3570 3568
f 3568 3570 3567
f 3767 2955 3773
f 3353 3571 2199
f 4164 3562 3774
f 2540 2199 3571
f 2734 3354 3160
f 3355 4166 3774
f 2542 3160 3357
f 3162 3778 2737
f 3359 3578 3163
f 3171 2740 3579
f 3779 3360 3783
f 3361 3170 3581
f 3581 4173 3361
f 3364 3171 3971
f 3360 2741 3783
f 3170 3363 3581
f 3364 3362 3172
f 3365 3972 3973
f 3973 3367 3365
f 3582 3366 4178
f 3174 4359 4178
f 4359 3174 3583
f 3582 3176 3366
f 3367 4179 3179
f 2960 4362 3584
f 3585 2748 3785
f 3583 3177 3974
f 3368 4783 2960
f 3177 3787 3974
f 3977 3368 3369
f 3587 3370 2756
f 3373 3978 3588
f 3372 4364 3371
f 4184 3789 3374
f 3374 3183 4184
f 3372 3376 4181
f 3588 3381 3182
f 3183 3980 4184
f 3378 3375 3589
f 3980 3183 3377
f 3377 3379 3980
f 3378 3791 3185
f 3980 3379 3590
f 2971 3381 3790
f 3591 3185 3791
f 3790 3191 2971
f 3591 3593 3188
f 4186 3380 3592
f 3794 3188 3593
f 3192 3794 3793
f 3793 2970 3382
f 3192 3793 3383
f 3594 3193 2974
f 2768 3193 3795
f 3382 2768 3795
f 3384 3796 2977
f 3592 2973 3986
f 3594 2974 3385
f 3594 3385 3387
f 2977 3595 3194
f 2973 3386 3986
f 3597 3194 3595
f 3596 3195 3389
f 3598 3388 2980
f 3996 3599 3390
f 3388 3598 3611
f 3602 3596 3389
f 3390 3806 3996
f 3393 2999 2989
f 3394 3600 3802
f 3394 3393 3600
f 3386 3391 3991
f 3604 3609 3801
f 3395 3604 3801
f 3395 3801 3601
f 3395 3601 3605
f 3198 3602 3389
f 3805 3602 3198
f 3394 3802 3398
f 3802 3397 3398
f 3607 3603 3400
f 3603 3608 3400
f 3606 3608 3603
f 3811 3991 3391
f 3395 3605 3609
f 3609 3401 3395
f 3805 3198 3610
f 3606 3399 3608
f 3610 3198 3405
f 3397 3809 3612
f 3406 4008 3610
f 3614 4007 3407
f 3415 3409 3615
f 3811 3203 3613
f 3210 2805 3223
f 3223 3410 3210
f 3208 3616 3406
f 3406 3616 4008
f 3208 3403 3616
f 3614 3407 3408
f 3419 3215 3816
f 3413 3816 3215
f 3409 3414 3615
f 3227 3217 4019
f 3426 3614 3408
f 3414 3817 3615
f 3414 3420 3817
f 3817 3622 3415
f 3415 3615 3817
f 3622 3420 3415
f 3416 3422 4010
f 4010 3223 3416
f 3223 3617 3032
f 3413 3232 3431
f 3620 3419 3816
f 3621 3817 3420
f 3622 3421 3420
f 3227 4044 3249
f 4010 3422 4013
f 3428 3032 3617
f 3224 3820 3623
f 3623 3429 3224
f 3404 3429 3618
f 3619 3239 3423
f 3619 3635 3239
f 3430 3229 3818
f 3230 3430 3624
f 3433 3419 3620
f 3248 3421 3622
f 3237 4426 3613
f 3823 4013 3238
f 3428 3627 3032
f 3820 3224 3632
f 3818 3229 3636
f 3230 3624 3637
f 3233 3433 3625
f 3625 3626 3233
f 3626 3043 3233
f 3621 3432 3434
f 3434 3822 3621
f 3823 3238 3439
f 3243 3032 3627
f 3629 3630 3244
f 3631 3632 3435
f 3633 3634 3429
f 3634 3618 3429
f 3635 3251 3239
f 3251 3635 3642
f 4036 3625 3433
f 3438 3437 3638
f 3638 3639 3438
f 3434 3438 3639
f 3639 3822 3434
f 3640 3448 3248
f 3439 3440 3441
f 3441 3641 3439
f 3441 3243 3627
f 3627 3641 3441
f 4038 3629 3244
f 3442 3244 3630
f 4038 3244 3442
f 3630 3631 3442
f 3250 3442 3631
f 3435 3250 3631
f 3642 3443 3251
f 3643 3636 3444
f 3444 3841 3643
f 3841 3444 3245
f 3245 3637 3841
f 3644 3836 3433
f 3647 3047 3436
f 3436 3638 3647
f 3838 3647 3638
f 3638 3437 3838
f 3437 3438 3639
f 3639 3838 3437
f 3639 3438 3447
f 3447 3822 3639
f 3829 3447 3448
f 3829 3822 3447
f 4017 4215 3260
f 4018 3059 4224
f 2853 4044 3660
f 3442 4230 4038
f 4230 3442 3250
f 3450 4226 3250
f 4226 4230 3250
f 3650 4226 3450
f 3642 3451 3443
f 3449 4224 3059
f 3651 3830 3650
f 3830 3651 3652
f 3840 2864 3452
f 2864 3840 3457
f 3655 3656 3063
f 3063 3837 3655
f 3658 3654 3460
f 3842 3461 3454
f 3651 3671 3652
f 3661 3845 3452
f 3459 3657 3666
f 3459 3653 3657
f 3662 3666 3657
f 3663 3662 3658
f 3460 3663 3658
f 3470 3655 3670
f 3656 3655 3470
f 3671 3651 3462
f 3671 3462 3839
f 3462 3466 3839
f 3466 3844 3839
f 3661 3665 3845
f 3282 3459 3847
f 3847 3846 3282
f 3847 3459 3666
f 3666 3667 3848
f 3666 3662 3667
f 3663 3849 4053
f 3849 3663 3468
f 3842 3855 3461
f 3668 3278 3465
f 3470 3670 3669
f 3664 3463 4054
f 3458 3677 3276
f 3665 3661 3472
f 3467 3282 3846
f 3846 3665 3467
f 3665 3472 3467
f 3849 3468 3469
f 3469 3851 3849
f 3469 3855 3851
f 3672 3461 3855
f 3461 3672 3474
f 3673 3659 3283
f 3659 3673 4046
f 3683 3464 3278
f 3278 3668 3683
f 3465 3852 3668
f 3465 3669 3852
f 3676 3471 3477
f 3676 3477 3853
f 3471 3676 3287
f 3472 3277 3680
f 3680 3859 3472
f 3859 3678 3472
f 3474 3673 3283
f 3476 3290 3679
f 4634 3078 3850
f 3676 3853 3287
f 3853 3477 3287
f 3478 3472 3678
f 3678 3681 3478
f 3855 3469 3473
f 3473 3682 3855
f 3482 3086 3683
f 3475 3476 3679
f 3865 3294 3478
f 3485 2669 3087
f 3865 3869 3294
f 3473 3870 3682
f 3482 3868 3094
f 3484 4066 3684
f 3870 3473 3483
f 3096 3094 3868
f 3100 3867 3484
f 3685 3870 3483
f 3100 3486 3867
f 3867 3486 3869
f 3487 4071 3863
f 3296 3488 3874
f 3296 3874 3489
f 3877 3490 3883
f 4471 4062 2906
f 3688 2909 3686
f 3487 3884 4071
f 3298 4102 3108
f 3880 3299 3491
f 3689 3305 3693
f 3493 3492 3691
f 3691 3696 3493
f 3120 3108 4102
f 3885 3693 3494
f 3694 3689 3693
f 3306 3493 3696
f 3306 3696 3892
f 3494 3887 3885
f 3495 3697 3695
f 3892 3309 3306
f 3114 3713 3136
f 4290 3692 3497
f 3699 3500 3307
f 4102 3319 3120
f 3699 3503 3500
f 3504 3501 3125
f 2911 3897 4482
f 4294 3313 3499
f 2926 3117 3705
f 3126 3700 3702
f 4106 3697 3900
f 4294 3513 3313
f 4290 3497 3506
f 4096 3698 3502
f 3316 3510 3322
f 3702 3707 3126
f 4290 3506 3507
f 3507 3901 4290
f 3509 3902 3508
f 3903 3502 3515
f 3123 3503 3910
f 3910 3321 3123
f 3338 2926 3705
f 2698 3905 3721
f 3708 4108 3905
f 4294 3712 3513
f 3508 3709 3714
f 3514 4110 3902
f 3321 3910 3911
f 3907 2917 3517
f 3711 3323 3511
f 3915 3897 3512
f 3709 3715 3714
f 3903 3515 3518
f 3725 3903 3518
f 3911 3519 3321
f 3519 3331 3321
f 3729 3710 3716
f 3510 3729 3717
f 3899 3706 3730
f 3517 3527 3719
f 3517 3520 3527
f 3719 3907 3517
f 3323 3711 3720
f 3521 3721 3522
f 3708 3712 3722
f 3722 3733 3708
f 3136 3713 3929
f 3715 3909 3714
f 3724 2695 3325
f 3724 3734 2695
f 3725 3523 3726
f 3523 3727 3913
f 3913 3726 3523
f 3524 3727 3523
f 3519 3524 3523
f 3519 3728 3524
f 3729 3529 3717
f 3498 3516 3525
f 3532 3718 3730
f 3532 3337 3718
f 3719 3527 3526
f 3526 3735 3719
f 3736 3526 3527
f 3528 3736 3527
f 3914 3923 3528
f 3923 3736 3528
f 3914 3528 3720
f 3915 3512 3134
f 3522 3731 3146
f 3909 3715 3723
f 3917 3723 3738
f 3734 3739 2695
f 3524 3728 3727
f 3529 3729 3716
f 4512 3498 3525
f 3531 3532 3730
f 3736 3735 3526
f 3732 3733 3737
f 3738 3341 3917
f 3739 3740 2720
f 3539 3146 3731
f 3731 3741 3539
f 3732 3737 3534
f 3737 3742 3534
f 3738 3533 3341
f 3533 3738 3537
f 3538 3747 3744
f 3930 2720 3740
f 3338 4134 3147
f 3750 3749 3732
f 3732 3534 3750
f 3534 3535 3750
f 3534 3742 3541
f 3536 3746 3743
f 3925 3746 3537
f 3925 3751 3746
f 3925 3747 3751
f 4512 3525 3748
f 3540 3539 3745
f 3539 4132 3745
f 3745 3749 3540
f 3536 3537 3746
f 4325 3746 3751
f 2941 2720 3930
f 3544 3540 3749
f 3544 3749 3750
f 3750 3752 3544
f 3752 3750 3541
f 3750 3535 3541
f 3542 4325 3751
f 3543 3542 3751
f 3751 3747 3543
f 3147 3754 3149
f 4897 3530 3547
f 3542 3543 3549
f 3753 3542 3549
f 3755 4326 3748
f 3545 4726 4133
f 3756 3149 3754
f 3935 3344 3756
f 3550 3934 4136
f 3935 3934 3550
f 3551 3546 3552
f 3345 3932 3753
f 3547 3938 4533
f 3553 3558 2951
f 3939 3554 3757
f 3759 3348 3556
f 3941 3939 3757
f 4139 3557 4142
f 3759 3556 3758
f 3558 4555 2368
f 3559 3950 3560
f 3557 3561 3763
f 3157 3759 3768
f 3562 4161 3764
f 3765 3766 3563
f 3761 3769 3766
f 3762 3770 4151
f 3564 3770 3762
f 3565 3563 3766
f 3565 3766 3769
f 3566 3564 3957
f 3768 3961 3157
f 3354 2368 4555
f 4161 3562 4164
f 3770 3564 3567
f 3566 3957 3570
f 3352 3157 3961
f 3771 3569 3772
f 3957 3567 3570
f 3572 3352 3961
f 4536 2954 4993
f 4993 2954 3775
f 3773 3776 4761
f 4765 3775 3964
f 3162 3161 3574
f 3576 4352 3575
f 3964 3779 5013
f 2543 3357 3580
f 3165 3164 3780
f 3165 3965 3166
f 3356 3358 4772
f 3778 3579 2737
f 3576 4168 4352
f 3576 3577 4168
f 3578 3781 3163
f 3164 3163 3781
f 4168 3577 2739
f 2739 4173 4168
f 4173 2739 3361
f 3580 3169 3168
f 3169 3970 3363
f 3971 3362 3364
f 3362 3783 2741
f 3582 4363 3176
f 3974 4360 3583
f 4361 3784 3584
f 4362 2960 4783
f 3785 3176 4363
f 4179 3786 3179
f 3975 3586 3585
f 4571 4783 3368
f 3787 3788 4782
f 3977 4571 3368
f 3587 2756 3586
f 3979 3588 3978
f 4785 3977 3789
f 4364 3372 4180
f 3588 3979 3381
f 3375 3370 3589
f 3589 3982 3378
f 3791 3378 3982
f 3381 4185 3790
f 3981 3980 3590
f 4181 3380 4186
f 3981 3590 3791
f 3590 3591 3983
f 3983 3791 3590
f 3791 3983 3591
f 3593 3591 3983
f 3983 3792 3593
f 3592 4574 4186
f 3983 3591 3793
f 3795 3793 3382
f 3598 3191 3989
f 3595 2977 3796
f 3594 3195 3797
f 3195 3594 3387
f 3596 3797 3195
f 3986 3386 3991
f 3597 3393 2989
f 3598 3808 3611
f 3801 3799 3601
f 3602 3601 3799
f 4197 3799 3601
f 4197 3601 3602
f 3805 4197 3602
f 3396 3392 4002
f 4002 3392 3599
f 3599 4199 4002
f 3599 3996 4199
f 3800 3802 3600
f 3800 3802 3803
f 3607 3802 3800
f 3800 3603 3607
f 3804 3603 3800
f 3801 3999 3798
f 3801 3609 3605
f 3605 3999 3801
f 3999 3605 3601
f 3997 3397 3802
f 3803 3802 3607
f 3807 3803 3606
f 3607 3606 3803
f 3807 3606 3603
f 3807 3603 3804
f 4000 3805 3610
f 4206 3403 3396
f 4007 4205 3806
f 3397 3997 3809
f 3810 4000 3610
f 3810 4005 4000
f 3403 4206 3812
f 3810 3610 4008
f 3614 4207 4007
f 3426 3612 3809
f 3809 3813 3426
f 4406 3811 3613
f 3403 3814 3616
f 3616 3814 4008
f 3814 3403 3812
f 4207 3614 3813
f 3614 3426 3813
f 3815 3423 3404
f 3423 3815 3619
f 4010 3617 3223
f 3815 3404 3618
f 3431 4011 3816
f 3431 3816 3413
f 3620 3816 4011
f 4019 4044 3227
f 3818 3624 3430
f 3431 4016 4011
f 4011 3828 3620
f 3622 3819 3248
f 4009 3613 4426
f 3631 3820 3632
f 3818 3821 3624
f 3821 3637 3624
f 3446 4022 4016
f 4016 3431 3446
f 3625 4024 3626
f 3640 3248 3819
f 3428 3824 3627
f 3628 3627 3824
f 3629 3628 3630
f 3631 3630 3825
f 3623 3826 3429
f 3633 3429 3826
f 3634 4021 3618
f 4026 3642 3635
f 3636 3827 3818
f 4028 4022 3446
f 3446 3445 4028
f 3433 3620 3828
f 3828 3644 3433
f 3638 4037 3639
f 3822 3639 4037
f 4437 3823 3439
f 3641 3627 3628
f 4038 3641 3628
f 3628 3629 4038
f 3827 3636 3832
f 3636 3643 3832
f 3637 3833 3841
f 4029 3835 3828
f 4036 3433 3836
f 4037 4042 3838
f 3838 3639 4037
f 4037 3639 4042
f 4042 3639 3822
f 3822 3829 4042
f 3640 3829 3448
f 3645 4223 4033
f 3645 4421 4223
f 3439 3641 4437
f 3650 3830 4226
f 3831 3830 3633
f 3642 4027 3451
f 3643 3653 3832
f 4028 3445 3646
f 3828 3835 3644
f 3655 4228 3836
f 3655 4041 4228
f 4041 3655 3837
f 4041 3837 3647
f 4041 3647 3838
f 3645 4033 3080
f 3633 3830 3652
f 3634 3839 4021
f 3839 4039 4021
f 3457 3840 4040
f 4040 4232 3457
f 3653 3457 4232
f 3653 4232 3832
f 3643 3657 3653
f 3657 3643 3841
f 3658 3841 3833
f 3654 3658 3833
f 3833 3834 3654
f 3454 3834 3843
f 3834 3454 3654
f 4046 4028 3646
f 3634 3633 3652
f 3845 3840 3452
f 3841 3662 3657
f 3662 3841 3658
f 3843 3842 3454
f 3646 3659 4046
f 3836 3644 3670
f 3655 3836 3670
f 4048 4224 3449
f 3634 3652 3671
f 3839 3634 3671
f 3844 4039 3839
f 4049 4039 3844
f 3835 3669 3644
f 3670 3644 3669
f 3648 3455 4244
f 3087 3080 3675
f 3660 4253 2481
f 3664 4241 4238
f 3665 3846 3845
f 3666 4052 3847
f 4052 3666 3848
f 3662 4053 3667
f 4053 3662 3663
f 3851 3842 4050
f 4050 3849 3851
f 3851 3855 3842
f 3835 3852 3669
f 3481 2481 4253
f 4049 3844 3664
f 4238 4049 3664
f 4054 4241 3664
f 3683 3668 4059
f 3853 3854 3676
f 3676 3854 3858
f 3677 3859 3680
f 3856 3857 3679
f 3476 3679 3857
f 3676 3858 3853
f 4054 3463 3864
f 3864 4454 4054
f 3860 3678 3859
f 3678 3860 3681
f 4061 3855 3682
f 3861 3855 4061
f 3672 3855 3861
f 3861 3862 3672
f 3474 3672 3862
f 3862 3673 3474
f 3856 3679 3476
f 3476 4064 3856
f 3476 3857 4064
f 3675 3485 3087
f 3682 4267 4061
f 4459 3482 3683
f 4244 3674 4669
f 4065 3864 3684
f 3681 3866 3478
f 4459 3868 3482
f 2492 3481 4073
f 3684 4066 4065
f 4270 3869 3865
f 3865 3478 3866
f 3682 4273 4267
f 3870 4273 3682
f 3484 3867 4066
f 3868 4274 3096
f 3685 4274 3870
f 3863 4071 4252
f 3686 2909 3485
f 4073 3298 2492
f 3489 3874 3875
f 3489 3875 3883
f 3871 3878 3872
f 3873 3488 3299
f 3873 3880 3488
f 3874 3488 3880
f 3878 3871 3879
f 3882 3876 3687
f 3299 3880 3873
f 3300 3877 3883
f 3878 3879 3881
f 3690 3300 3883
f 3888 3305 3689
f 3491 4678 3880
f 4083 4084 3492
f 3492 4084 3691
f 3692 4480 3884
f 3885 3694 3693
f 3307 3305 3888
f 4083 3492 3695
f 4083 3695 3697
f 3697 4289 4083
f 3892 4093 3309
f 4480 3692 4290
f 4097 3699 3307
f 3307 3888 4097
f 3894 3700 3890
f 4101 4289 3697
f 3698 4096 3887
f 3893 3701 3898
f 3898 4098 3893
f 3701 3893 3504
f 3316 3501 3895
f 3890 3505 4295
f 3700 3894 3896
f 4101 3697 4106
f 3895 4112 3316
f 3896 3702 3700
f 3703 3702 3896
f 4096 3502 4104
f 3898 3701 4105
f 3701 3504 4105
f 4112 3510 3316
f 3702 4307 3707
f 4307 3702 3703
f 3508 3902 4109
f 4104 3502 3903
f 4105 3710 4303
f 3899 3505 3706
f 3905 3908 3721
f 4294 3906 3712
f 3709 3508 4109
f 3514 4111 4110
f 4117 3718 3707
f 3711 3511 3904
f 3915 4113 3897
f 3708 3916 4108
f 4492 3901 3714
f 3714 3909 4492
f 4111 3514 3327
f 4118 4107 3903
f 3725 4118 3903
f 3726 3911 3910
f 3729 4115 3710
f 4115 4303 3710
f 4115 3729 3510
f 3730 4116 3899
f 4116 3730 3718
f 3719 3914 3907
f 3711 4120 3720
f 4123 3522 3721
f 3916 3708 3733
f 3712 3924 3722
f 3723 3715 3709
f 3327 3918 4111
f 3913 4118 3725
f 3725 3726 3913
f 3727 3911 3726
f 3913 3727 3726
f 3727 3519 3911
f 3727 3728 3519
f 3735 3736 3719
f 3736 3923 3914
f 3719 3736 3914
f 4120 3914 3720
f 3731 3522 4123
f 3733 3732 3916
f 3733 3722 3924
f 3909 3723 3917
f 4492 3909 3917
f 3723 3912 3738
f 3723 3709 3912
f 3925 3738 3912
f 3727 3728 3919
f 3920 3919 3728
f 3921 3735 3927
f 3922 3927 3735
f 3134 4128 3915
f 3915 3741 3731
f 3732 4124 3916
f 3737 3733 3924
f 3530 4897 4682
f 3743 4495 3917
f 3925 3537 3738
f 3744 3926 3918
f 4128 3134 3928
f 4124 3732 3749
f 3742 3737 3924
f 4322 3747 3925
f 3744 3747 4322
f 3928 2935 4133
f 3741 4132 3539
f 3745 4124 3749
f 4495 3743 3746
f 3748 4523 4512
f 3541 3931 3752
f 3553 2942 3929
f 3748 4326 4523
f 3754 3147 4134
f 3931 3544 3752
f 3542 3753 4528
f 4135 3546 3544
f 3755 4728 4326
f 3932 4528 3753
f 2946 2941 3933
f 4728 3755 4136
f 4135 4137 3552
f 3546 4135 3552
f 3555 2946 3933
f 4137 3937 3552
f 3547 4533 4897
f 3553 4140 3558
f 4726 3545 4139
f 3940 3350 3555
f 3940 3559 3350
f 3941 3757 3764
f 3949 3945 3946
f 3949 3946 3947
f 3757 3942 3764
f 3948 4150 3943
f 3948 3943 3760
f 3944 3948 3760
f 3949 3947 4152
f 3758 4156 3759
f 3560 3950 3951
f 4156 3768 3759
f 3764 4161 4157
f 3560 3951 3353
f 3951 3954 3353
f 3766 3952 3761
f 3953 3769 3761
f 3561 3767 3763
f 3765 3958 3766
f 3952 3766 3958
f 3953 3955 4158
f 4158 3769 3953
f 4159 4151 3956
f 3956 4151 3770
f 3564 3762 3959
f 3959 3957 3564
f 3767 4345 3763
f 4163 3961 3768
f 3768 4156 4163
f 3571 3353 3954
f 3958 3765 3771
f 3771 3772 3958
f 3958 3772 3769
f 3565 3769 3772
f 3958 3769 4158
f 3770 3959 3956
f 3770 3567 3959
f 3959 3567 3957
f 3961 4163 3960
f 4345 3767 3773
f 4164 3774 4349
f 3571 3962 2540
f 3963 3572 3961
f 4993 3775 4765
f 3774 4166 4349
f 4165 4349 4166
f 4563 3160 3354
f 3572 3963 4167
f 3572 4167 3574
f 3355 3575 4166
f 3574 4167 3162
f 3160 4563 3357
f 3356 6029 3573
f 4169 3359 3777
f 3780 3965 3165
f 3580 3357 3966
f 3780 3164 4354
f 3166 3965 3967
f 4772 3358 4565
f 3967 3167 3166
f 3967 3968 3167
f 3782 3167 3968
f 3171 3579 3969
f 4172 3779 3783
f 3169 3580 4174
f 3581 4175 4173
f 3971 3171 4176
f 4361 3972 3784
f 4178 4363 3582
f 4359 3583 4360
f 4363 3585 3785
f 4179 3367 4781
f 3584 4362 4361
f 4179 4570 3786
f 3787 4782 3974
f 3786 4570 3976
f 3586 4365 3587
f 3975 4365 3586
f 4364 4782 3788
f 4181 4180 3372
f 3789 4184 4785
f 3982 3981 3791
f 4368 3984 3983
f 3790 3989 3191
f 3984 3792 3983
f 4188 3983 3793
f 3793 3985 4188
f 3794 3593 4188
f 4188 3985 3794
f 3985 3793 3794
f 3985 3793 3795
f 3383 3793 3985
f 3383 3985 3987
f 3592 3986 4574
f 3383 3987 3384
f 3987 4190 3384
f 3193 3594 4372
f 4372 4371 3193
f 3795 3193 4371
f 4190 3796 3384
f 3988 3595 3796
f 3595 3988 3597
f 3988 3393 3597
f 3393 3988 4192
f 3992 3393 4192
f 3596 3602 3990
f 3393 3992 3600
f 3798 3993 4380
f 3801 3798 4380
f 3799 3801 4380
f 3602 3799 3990
f 3992 3800 3600
f 3992 3804 3800
f 3994 3993 3798
f 3799 4196 4198
f 4198 3999 3799
f 3999 3601 3799
f 4196 3799 4197
f 3805 3995 4197
f 4384 3802 3800
f 3800 4385 4384
f 3800 3803 4389
f 4389 4385 3800
f 3798 3999 3994
f 3995 3805 4000
f 4001 3396 4002
f 3996 3806 4003
f 3803 3807 4389
f 4004 4389 3807
f 4004 3807 3804
f 3998 4004 3804
f 3396 4001 4206
f 3806 4205 4003
f 3997 4006 3809
f 4209 3611 3808
f 3991 3811 4202
f 3217 3611 4209
f 4208 3809 4006
f 4202 3811 4406
f 4209 4019 3217
f 3813 3809 4208
f 3814 3812 4211
f 3813 4208 4207
f 4009 4406 3613
f 4010 4014 3617
f 3815 4015 3619
f 3819 3622 3817
f 3817 4214 3819
f 3428 3617 4014
f 3635 3619 4015
f 4015 3815 3618
f 4015 4217 3635
f 3817 3621 4214
f 3823 4216 4013
f 3820 3631 4620
f 4020 3623 3820
f 3820 4620 4020
f 4015 3618 4021
f 4026 3635 4217
f 4024 3625 4023
f 3621 3822 4031
f 3819 4632 3640
f 3824 3428 4225
f 3628 3824 4034
f 3824 4225 4034
f 3825 3630 3628
f 3623 4020 3826
f 3642 4026 4027
f 3637 3821 4425
f 4036 4023 3625
f 4024 3436 3626
f 3436 4030 3638
f 4234 3822 4037
f 4234 4031 3822
f 4632 4032 3640
f 4216 3823 4437
f 3628 4034 3825
f 3831 3633 3826
f 4430 3827 3832
f 3833 3637 4425
f 4036 3836 4228
f 4037 3638 4229
f 3829 3640 4032
f 4032 4043 3829
f 4025 3649 4827
f 3641 4433 4437
f 3641 4235 4433
f 4235 3641 4038
f 4235 4038 4230
f 3830 3831 4226
f 4021 4039 4035
f 4039 4231 4035
f 4027 4638 3451
f 3832 4232 4430
f 4425 3834 3833
f 3835 4029 4047
f 3838 4236 4041
f 4236 3838 4042
f 4043 4042 3829
f 4634 4827 3649
f 4045 4040 3840
f 4435 4028 4046
f 4426 3648 4625
f 4039 4049 4231
f 3845 4237 4045
f 4045 3840 3845
f 3843 4440 3842
f 4047 3852 3835
f 3458 3451 4242
f 3846 4237 3845
f 4051 4237 3846
f 4440 4050 3842
f 3847 4051 3846
f 3847 4052 4051
f 3848 4055 4052
f 4053 4055 3667
f 4053 3849 4050
f 3458 4242 3677
f 4055 3848 3667
f 3668 3852 4059
f 3854 4056 3858
f 3857 3856 4250
f 3854 3853 4254
f 3860 4060 3681
f 3861 4061 4058
f 3673 3862 4853
f 4459 3683 4059
f 4259 4250 3856
f 4252 4048 3863
f 4262 4254 3853
f 3853 3858 4262
f 4056 4262 3858
f 3864 4457 4454
f 3681 4060 4063
f 4463 3856 4064
f 4463 4259 3856
f 4065 4457 3864
f 3866 3681 4063
f 4459 4268 3868
f 4066 4458 4065
f 3866 4270 3865
f 4461 4066 3867
f 3866 4271 4270
f 4067 4267 4273
f 4274 4273 3870
f 4470 4274 3868
f 3868 4268 4470
f 4667 3867 3869
f 4667 3869 4270
f 4069 3879 4072
f 4075 4074 4068
f 3871 3872 4072
f 4072 3879 3871
f 3876 4074 4075
f 4075 4076 3876
f 3872 4077 4072
f 4076 4074 3876
f 3876 4080 4076
f 4076 4078 3876
f 3687 3876 4078
f 3880 4281 3874
f 4281 3875 3874
f 3872 3878 4079
f 4079 4077 3872
f 4077 4081 3879
f 3686 4283 3688
f 4080 3876 3882
f 4078 4080 3882
f 3882 3687 4078
f 4079 3878 3881
f 4081 4079 3881
f 3881 3879 4081
f 3690 3883 4082
f 3880 4678 4281
f 4681 4471 2906
f 3888 3689 4284
f 4284 3689 3694
f 4284 4085 3888
f 3889 3886 4086
f 3117 3690 4082
f 4082 3705 3117
f 3891 4091 4688
f 3891 4688 4089
f 3691 4084 4090
f 4090 3696 3691
f 4294 3499 3688
f 3887 3694 3885
f 4292 3694 3887
f 4292 4284 3694
f 4085 4097 3888
f 4085 4094 4097
f 4086 3886 4293
f 4087 4088 3893
f 4088 3501 3893
f 3501 4088 3895
f 3890 4690 3894
f 3891 4089 4092
f 4090 4093 3696
f 3696 4093 3892
f 4681 2906 3496
f 4681 3496 4682
f 4293 3886 4297
f 4087 4098 4297
f 4297 3889 4087
f 4297 3886 3889
f 4098 4087 3893
f 3893 3501 3504
f 4690 3890 4295
f 3894 4091 3896
f 3896 4091 4100
f 4092 4100 4091
f 4091 3891 4092
f 4292 3887 4096
f 4678 3491 3498
f 4100 4092 4095
f 3704 3309 4093
f 4097 4103 3699
f 4098 3898 4299
f 4112 3895 4099
f 4100 3703 3896
f 4102 4306 3319
f 3503 3699 4103
f 4103 4313 3503
f 4105 4299 3898
f 4494 4295 3505
f 3505 3899 4494
f 3703 4100 4307
f 3511 3704 3904
f 3901 4492 4290
f 3903 4107 4104
f 3900 4304 4106
f 3319 4114 3325
f 3910 3503 4313
f 4112 4115 3510
f 3899 4116 4494
f 3707 4307 4117
f 4304 3900 3907
f 4308 3897 4113
f 3906 3924 3712
f 4109 3912 3709
f 3912 4109 4310
f 4118 4511 4107
f 4508 4303 4115
f 3718 4117 4116
f 4304 3907 3914
f 3914 4319 4304
f 3908 4123 3721
f 3918 4318 4111
f 3724 3325 4114
f 4114 4521 3724
f 3734 3724 4521
f 3910 4313 4119
f 4119 3726 3910
f 3498 4512 4890
f 4319 3914 4120
f 3915 4122 4113
f 3915 4121 4122
f 3915 3731 4122
f 4122 3731 4123
f 3917 4495 4492
f 3912 4323 3925
f 3918 4320 4318
f 3913 4119 4118
f 4119 3913 3726
f 4126 3728 3727
f 3727 4125 4126
f 3727 3919 4125
f 3728 4126 3920
f 3921 4130 4127
f 3735 3921 4127
f 3922 3735 4127
f 3915 4128 4121
f 4321 3915 4122
f 4321 3741 3915
f 3925 4323 4322
f 3918 3926 4320
f 3734 3740 3739
f 3919 3920 4125
f 4130 3921 3927
f 3922 4130 3927
f 4321 4131 3741
f 4132 4129 3745
f 4124 3745 4129
f 3926 3744 4322
f 4131 4132 3741
f 4495 3746 4325
f 3930 3933 2941
f 3544 3931 4135
f 3929 3936 3553
f 5161 4528 3932
f 3934 4926 4136
f 4926 3934 3935
f 3933 4138 3555
f 4140 3553 3936
f 3940 3555 4138
f 4327 3932 3939
f 4731 4327 3939
f 3556 3937 4141
f 4731 3939 3941
f 3941 4951 4731
f 3758 3556 4141
f 3941 4735 4951
f 4533 3938 4536
f 3941 3764 4735
f 3760 3943 4329
f 3944 3760 4329
f 3945 4144 4330
f 3946 3945 4330
f 4330 3947 3946
f 4329 3943 4150
f 4146 3948 3944
f 3944 4147 4146
f 4147 3944 4143
f 4334 4144 3945
f 3945 4148 4334
f 3949 4148 3945
f 4149 4534 3557
f 4142 3557 4534
f 4156 3758 4145
f 3764 4550 4735
f 4146 4150 3948
f 3949 4152 4148
f 4153 4149 3763
f 3557 3763 4149
f 4154 3764 4157
f 4550 3764 4154
f 4338 3954 3951
f 3953 3761 3952
f 4159 4155 4151
f 3762 4151 4155
f 4153 4339 4337
f 4339 4153 3763
f 4158 3952 3958
f 4158 3953 3952
f 4158 4551 3953
f 3953 4551 3955
f 4160 3959 4155
f 3959 3762 4155
f 4339 3763 4345
f 4161 4553 4157
f 4162 4158 3955
f 4160 3956 3959
f 4560 3571 3954
f 4164 4553 4161
f 4560 3962 3571
f 3961 3960 4348
f 4348 3963 3961
f 2958 2540 3962
f 3962 4562 2958
f 4769 4166 3575
f 4166 4769 4165
f 3573 6029 3776
f 6029 3356 4772
f 4167 3778 3162
f 3164 3781 4354
f 4171 3579 3778
f 4352 4168 4773
f 3578 3359 4169
f 3968 4170 3782
f 3358 3782 4170
f 4170 4565 3358
f 4171 3969 3579
f 4168 4173 4567
f 4176 3171 3969
f 3363 4175 3581
f 3783 3362 4358
f 3972 4569 3973
f 3972 5021 4569
f 4780 4178 4359
f 4177 4781 3367
f 4177 3367 3973
f 4178 5022 4363
f 5021 4361 4362
f 3976 4572 3978
f 4572 3979 3978
f 3587 4182 3370
f 4183 4185 3979
f 3381 3979 4185
f 3589 3370 4573
f 4182 4573 3370
f 4184 3980 4788
f 3790 4185 4366
f 4788 3980 3981
f 3981 4187 4788
f 4181 4186 5026
f 3982 4187 3981
f 4368 4187 3984
f 3984 4370 3792
f 4368 3983 4188
f 4188 3593 4370
f 3593 3792 4370
f 3795 4188 3985
f 4188 3795 4371
f 3986 4791 4574
f 3594 3797 4189
f 4189 4372 3594
f 4373 3797 4191
f 3797 4373 4189
f 4191 3797 3596
f 3596 3990 4191
f 3986 3991 4379
f 3598 3989 4193
f 4380 3990 3799
f 3992 4194 3804
f 4193 4195 3598
f 3993 4808 4380
f 4196 4197 4382
f 4591 3802 4384
f 3998 3804 4194
f 3991 4390 4379
f 3808 3598 4195
f 3994 4391 3993
f 3995 4382 4197
f 4591 3997 3802
f 4396 4391 3994
f 3999 4198 3994
f 4005 4383 4000
f 4383 3995 4000
f 3996 4393 4199
f 4201 4393 3996
f 4201 3996 4003
f 3991 4202 4390
f 4001 4204 4206
f 4205 4201 4003
f 3810 4203 4005
f 4207 4412 4205
f 4205 4007 4207
f 4006 4210 4208
f 4203 3810 4008
f 4211 3812 4206
f 3814 4203 4008
f 4211 4203 3814
f 4415 4412 4210
f 4207 4210 4412
f 4210 4207 4208
f 4010 4013 4417
f 4014 4010 4417
f 4217 4416 4212
f 4022 4613 4012
f 4012 4016 4022
f 4220 4016 4012
f 4012 4613 4220
f 4024 4420 4213
f 5325 4017 4018
f 4417 4013 4216
f 4014 4422 3428
f 4225 3428 4422
f 4615 4418 3631
f 3631 4418 4620
f 4015 4021 4217
f 4026 4217 4212
f 4212 4218 4026
f 3821 3818 4219
f 4219 4424 3821
f 4220 3828 4011
f 4220 4011 4016
f 4420 4024 4023
f 4024 4213 4221
f 3621 4031 4214
f 3819 4222 4632
f 4421 4025 5326
f 4224 4614 4018
f 4034 4428 3825
f 4615 3631 3825
f 4227 4226 3831
f 3831 4020 4227
f 3831 3826 4020
f 4021 4035 4217
f 4026 4218 4027
f 3818 3827 4219
f 4028 4435 4022
f 4029 3828 4220
f 4023 4036 4228
f 4228 4431 4023
f 3436 4024 4221
f 4221 4030 3436
f 4030 4229 3638
f 3834 4425 4439
f 4029 4233 4047
f 4041 4431 4228
f 4229 4236 4037
f 4037 4236 4234
f 4043 4031 4234
f 4031 4043 4032
f 4232 4040 4045
f 4645 4042 4043
f 4645 4236 4042
f 4033 4240 3080
f 3088 4831 3480
f 4224 4642 4427
f 4045 4237 4232
f 3843 3834 4439
f 4439 4440 3843
f 4642 4224 4048
f 4441 4231 4049
f 3852 4047 4443
f 4443 4239 3852
f 3675 3080 4240
f 4049 4238 4441
f 4051 4442 4237
f 4649 4050 4440
f 4052 4442 4051
f 4055 4442 4052
f 4649 4442 4055
f 4055 4053 4649
f 4649 4053 4050
f 4059 3852 4239
f 3648 4244 5103
f 4048 4654 4642
f 4243 4055 4246
f 4247 4246 4055
f 4243 4446 4055
f 4055 4446 4247
f 4046 3673 4650
f 4241 4054 4454
f 4245 4448 4255
f 4455 4659 4248
f 4249 4455 4248
f 4250 4251 3857
f 4654 4048 4252
f 3859 3677 4657
f 3860 3859 4658
f 4060 4057 4245
f 4256 4246 4247
f 4249 4058 4061
f 4249 4061 4455
f 4058 4249 4257
f 4257 3861 4058
f 3862 3861 4257
f 4257 4258 3862
f 4258 4853 3862
f 4059 4452 4459
f 4260 3857 4251
f 4260 4064 3857
f 3850 4062 4634
f 5602 4634 4062
f 3481 4253 4073
f 4254 4262 4261
f 4056 4263 4262
f 4063 4060 4245
f 4665 4455 4061
f 4061 4462 4665
f 4061 4267 4462
f 4661 5602 4062
f 4457 4065 4458
f 4066 4461 4458
f 4272 4271 3866
f 3866 4063 4272
f 4269 4069 4275
f 4275 4265 4269
f 4473 3479 3480
f 4266 4068 4465
f 4667 4461 3867
f 3479 4473 3114
f 4465 4068 4472
f 4067 4462 4267
f 4069 4277 4275
f 4675 4669 4070
f 4654 4252 4071
f 4474 4472 4068
f 4276 4278 4075
f 4075 4068 4276
f 4277 4069 4072
f 4269 4279 4069
f 4279 3879 4069
f 4474 4074 4278
f 4074 4474 4068
f 4074 4076 4278
f 4075 4278 4076
f 4077 4279 4072
f 4077 3879 4279
f 4675 4070 4280
f 4076 4080 4078
f 4281 4478 3875
f 3875 4477 3883
f 4477 4282 3883
f 4079 4081 4077
f 4071 4480 4867
f 4282 4082 3883
f 4071 3884 4480
f 3298 4291 4102
f 4085 4284 4683
f 4285 4286 4083
f 4084 4083 4286
f 4283 4294 3688
f 4683 4094 4085
f 4683 4293 4094
f 4293 4683 4086
f 3889 4287 4087
f 3889 4086 4287
f 4088 4087 4287
f 3894 4483 4288
f 4688 4091 4288
f 4089 4688 4481
f 4089 4481 4285
f 4285 4289 4089
f 4083 4289 4285
f 4084 4286 4090
f 4088 4485 3895
f 4483 3894 4690
f 4091 3894 4288
f 4092 4089 4095
f 4095 4089 4289
f 4293 4297 4094
f 4292 4096 4296
f 4298 4097 4094
f 4094 4297 4298
f 4095 4300 4100
f 4095 4289 4300
f 4101 4300 4289
f 4301 3704 4093
f 4097 4298 4103
f 4297 4299 4298
f 4299 4297 4098
f 4101 4491 4300
f 4301 3904 3704
f 3897 4489 4482
f 4296 4096 4104
f 4105 4490 4299
f 4486 4295 4494
f 4100 4499 4307
f 4100 4300 4499
f 4101 4697 4491
f 4697 4101 4106
f 4106 4500 4697
f 4488 4290 4492
f 3902 4302 4109
f 4302 3902 4110
f 4296 4104 4694
f 4104 4107 4694
f 4303 4490 4105
f 4500 4106 4304
f 4489 3897 4308
f 3908 3905 4305
f 4305 4503 3908
f 4305 3905 4108
f 4110 4111 4496
f 4496 4302 4110
f 4114 3319 4306
f 4107 4511 4694
f 4303 4508 5139
f 3904 4315 3711
f 3908 4503 4309
f 4108 4504 4305
f 4310 4311 4505
f 4312 4496 4111
f 4306 4312 4114
f 4115 4707 4508
f 4112 4707 4115
f 4513 4116 4117
f 4513 4494 4116
f 4314 4513 4117
f 4307 4314 4117
f 3711 4315 4514
f 4121 4317 4113
f 4317 4308 4113
f 4123 3908 4309
f 4504 4108 3916
f 3912 4310 4505
f 4111 4318 4312
f 4509 4304 4319
f 4319 4120 4509
f 4514 4120 3711
f 4121 4113 4122
f 4316 4122 4123
f 4316 4517 4122
f 4124 4504 3916
f 4682 4897 4691
f 4505 4323 3912
f 4518 4511 4118
f 4118 4119 4518
f 4127 4130 3922
f 4516 4121 4128
f 4321 4122 4517
f 3924 4721 3742
f 3740 3734 4521
f 4125 3920 4126
f 3926 4527 4320
f 4324 3930 3740
f 4133 4525 3928
f 4721 3541 3742
f 4495 4325 5704
f 4721 3931 3541
f 4528 4325 3542
f 4729 3756 3754
f 4726 5452 4133
f 4136 4926 4728
f 4926 3935 3756
f 3756 5171 4926
f 3932 4327 5161
f 4328 3937 4137
f 4726 4139 5172
f 4328 4141 3937
f 3558 4140 4555
f 4145 4141 5229
f 4141 4145 3758
f 3559 4331 3950
f 4537 3944 4329
f 4143 3944 4537
f 4540 4538 4144
f 4330 4144 4538
f 4538 4335 4330
f 4329 4150 4146
f 4146 4332 4329
f 4332 4537 4329
f 4143 4333 4147
f 4540 4144 4334
f 4335 4334 4148
f 4335 4148 4330
f 4148 4152 4330
f 3947 4330 4152
f 3951 3950 4331
f 4336 4338 3951
f 4146 4147 4332
f 4333 4332 4147
f 4153 4337 4541
f 4541 4149 4153
f 4339 4546 4340
f 4341 4156 4145
f 3955 4551 4342
f 4343 4344 4159
f 4155 4159 4344
f 4160 4155 4344
f 4546 4339 4345
f 4154 4157 4553
f 4551 4158 4162
f 4342 4559 4162
f 4162 3955 4342
f 4343 4159 4346
f 3956 4346 4159
f 4344 4347 4160
f 4347 3956 4160
f 4557 4163 4156
f 3956 4347 4346
f 4164 4558 4553
f 3773 4761 4345
f 4163 4348 3960
f 4348 4163 4557
f 4558 4164 4349
f 4349 4165 4766
f 4350 4563 3354
f 3776 5010 4761
f 4167 3963 4351
f 3777 2958 4562
f 4769 3575 4352
f 4774 3965 4353
f 3778 4167 4355
f 5013 4765 3964
f 3780 4354 4770
f 3965 4774 3967
f 4355 4171 3778
f 4168 4775 4773
f 4169 4776 3578
f 3779 5268 5013
f 3580 3966 4356
f 4356 4174 3580
f 4176 3969 4777
f 4567 4173 4175
f 3783 4778 4172
f 4174 4357 3169
f 3363 3970 4175
f 3362 3971 4358
f 3973 4569 4177
f 5022 4178 4780
f 5021 3972 4361
f 5275 4359 4360
f 5782 4362 4783
f 4570 4572 3976
f 4180 5276 4364
f 5024 4571 3977
f 5024 3977 4785
f 5026 4180 4181
f 4785 4184 5278
f 5278 4184 4788
f 5026 4186 5540
f 4369 4187 3982
f 4187 4789 4788
f 4186 4574 5540
f 4789 4187 4368
f 4369 3984 4187
f 3989 3790 4367
f 4370 3984 4369
f 4790 4368 4188
f 4188 4577 4790
f 4370 3985 4188
f 4370 3987 3985
f 4188 4371 4577
f 4190 4374 3796
f 3988 3796 4374
f 4374 4375 3988
f 4584 4193 3989
f 4375 4192 3988
f 4191 3990 4377
f 4192 4376 3992
f 3990 4380 4377
f 3992 4378 4194
f 4809 4591 4384
f 4385 4811 4384
f 3998 4194 4386
f 3808 4195 4381
f 4381 4387 3808
f 4196 4599 4198
f 5056 3995 4383
f 4594 4383 4204
f 4594 4002 4199
f 4595 4594 4199
f 4595 4199 4393
f 4590 4589 4388
f 4388 3997 4590
f 3997 4591 4590
f 4386 4200 3998
f 4387 4403 3808
f 4005 4392 4383
f 4204 4383 4392
f 4002 4398 4001
f 4594 4398 4002
f 4399 4595 4393
f 4394 4201 4589
f 4388 4589 4201
f 4006 3997 4388
f 4004 4395 4389
f 4395 4004 3998
f 4395 3998 4200
f 4200 4608 4395
f 4390 4202 4600
f 4209 3808 4403
f 4815 4391 5071
f 5071 4391 4396
f 3994 4198 4396
f 4397 4206 4204
f 4397 4204 4001
f 4397 4001 4398
f 4394 4399 4393
f 4394 4393 4201
f 4394 4201 4400
f 4394 4401 4201
f 4205 4400 4201
f 4402 4205 4401
f 4388 4201 4401
f 4205 4388 4401
f 4205 4402 4388
f 4402 4006 4388
f 4405 4395 4608
f 4603 4005 4203
f 4603 4392 4005
f 4404 4206 4397
f 4408 4394 4400
f 4400 4409 4408
f 4205 4409 4400
f 4600 4202 4406
f 4203 4407 4603
f 4404 4410 4206
f 4404 4411 4410
f 4409 4205 4412
f 4402 4612 4210
f 4006 4402 4210
f 4410 4211 4206
f 4408 4409 4414
f 4412 4414 4409
f 4203 4211 4407
f 4410 4413 4211
f 4413 4410 4411
f 4414 4412 4415
f 4612 4415 4210
f 4209 4626 4019
f 4211 4413 4407
f 5325 4215 4017
f 4018 5580 5325
f 4417 4423 4014
f 4218 4212 4416
f 4613 4022 4419
f 4420 4618 4213
f 4214 4624 3819
f 4614 5580 4018
f 4216 4635 4417
f 4423 4422 4014
f 4620 4227 4020
f 4218 4416 4217
f 4424 4622 3821
f 4622 4425 3821
f 4023 4431 4420
f 4221 4213 4618
f 4031 4624 4214
f 5326 4025 4827
f 4427 4614 4224
f 4044 4019 4626
f 4428 4429 3825
f 3825 4429 4615
f 4227 4627 4226
f 4218 4217 4035
f 4035 4616 4218
f 3827 4430 4219
f 4419 4022 4435
f 4029 4220 4419
f 4419 4233 4029
f 4229 4030 4432
f 4632 4631 4032
f 4216 4437 4422
f 4422 4433 4225
f 4034 4225 4433
f 4230 4627 4429
f 4429 4235 4230
f 4627 4230 4226
f 4616 4035 4231
f 4439 4434 4629
f 4439 4425 4434
f 4644 4431 4041
f 4236 4229 4436
f 4234 4236 4436
f 4043 4234 4436
f 4031 4032 4631
f 4646 4433 4235
f 4232 4648 4621
f 4621 4430 4232
f 4629 4438 4439
f 4233 4443 4047
f 4041 4236 4644
f 4645 4043 4436
f 3660 4044 4847
f 4638 4242 3451
f 4648 4232 4237
f 4439 4438 4440
f 4648 4237 4442
f 4438 4649 4440
f 4435 4046 4639
f 4625 3648 5103
f 4238 4647 4441
f 4851 4442 4649
f 4046 4650 4639
f 4238 4241 4647
f 5106 3677 4242
f 4243 4445 4446
f 4450 4247 4446
f 4650 3673 4853
f 4239 4452 4059
f 3677 5106 4657
f 4245 4057 4447
f 4447 4448 4245
f 4449 4255 4448
f 4448 4444 4449
f 4449 4444 4243
f 4246 4449 4243
f 4450 4664 4247
f 4659 4664 4450
f 4248 4659 4450
f 3854 4254 4655
f 4056 3854 4655
f 4655 4453 4056
f 4657 4658 3859
f 4060 3860 4658
f 4447 4057 4060
f 4060 4658 4447
f 4862 4245 4255
f 4246 4663 4449
f 4246 4256 4663
f 4664 4256 4247
f 4257 4249 4451
f 4250 4259 4456
f 4251 4250 4456
f 4655 4254 4261
f 4263 4056 4453
f 4457 4656 4454
f 4656 4457 4458
f 4663 4256 4264
f 4264 4256 4664
f 4860 4268 4459
f 4452 4860 4459
f 4463 4456 4259
f 3675 4861 3485
f 4073 4253 4460
f 4261 4262 4263
f 4064 4260 4463
f 4275 4464 4265
f 4245 4466 4063
f 4466 4272 4063
f 4268 4860 4470
f 4275 4467 4464
f 4269 4265 4468
f 5113 4661 4062
f 4276 4266 4666
f 4276 4068 4266
f 4270 4863 4667
f 4863 4270 4271
f 4271 4671 4863
f 4466 4469 4272
f 4273 4668 4067
f 4668 4273 4274
f 4668 4274 4470
f 4269 4468 4475
f 4062 4471 5113
f 4671 4271 4469
f 4469 4271 4272
f 4462 4067 4676
f 4467 4275 4277
f 4475 4467 4277
f 6540 5113 4471
f 5613 4654 4071
f 4474 4278 4276
f 4277 4072 4279
f 4277 4279 4475
f 4269 4475 4279
f 4071 4867 5613
f 3298 4073 4679
f 4477 3875 4478
f 4281 4678 4476
f 4282 4479 4082
f 4291 3298 4679
f 4683 4287 4086
f 4481 4688 4684
f 4285 4481 4286
f 4283 4874 4294
f 3114 4875 3713
f 4483 4688 4288
f 4874 4487 4294
f 4290 5392 4480
f 4284 4292 4879
f 4286 4484 4090
f 4484 4301 4090
f 4295 4486 4690
f 4093 4090 4301
f 4487 3906 4294
f 4290 4488 5392
f 4292 4296 4879
f 4485 4099 3895
f 4871 4678 3498
f 4694 4879 4296
f 4298 4889 4103
f 4298 4490 4889
f 4298 4299 4490
f 4491 4499 4300
f 4301 4699 3904
f 4109 4302 4700
f 4493 4313 4103
f 3705 4704 3338
f 4884 4486 4494
f 4315 3904 4699
f 4109 4311 4310
f 4311 4109 4700
f 4306 4497 4506
f 4694 4511 4498
f 4490 4303 5139
f 4309 4503 4502
f 3906 4912 3924
f 4496 4312 4497
f 4312 4306 4506
f 4506 4114 4312
f 4511 4507 4498
f 4707 4112 4703
f 5443 5134 4494
f 4513 5443 4494
f 4500 4304 4509
f 4315 4501 4514
f 4501 4711 4514
f 4121 4516 4317
f 4502 4316 4123
f 4502 4517 4316
f 4502 4123 4309
f 4912 4721 3924
f 4318 4904 4312
f 4521 4114 4506
f 4506 4510 4521
f 4713 4507 4906
f 4906 4507 4511
f 4120 4714 4509
f 4709 4514 4711
f 4124 4909 4504
f 4899 4323 4505
f 4904 4318 4320
f 4320 4705 4904
f 4518 4706 4511
f 4119 4519 4518
f 3338 4916 4134
f 4718 4513 4314
f 4714 4120 4524
f 4514 4524 4120
f 4515 4715 4321
f 4715 4131 4321
f 4515 4321 4517
f 4124 4129 4909
f 3926 4322 4323
f 4323 4520 3926
f 4705 4320 4527
f 4521 4522 3740
f 4324 3740 4522
f 4525 4719 3928
f 4715 4526 4131
f 4132 4131 4526
f 4129 4132 4526
f 4528 5704 4325
f 3933 3930 4324
f 4529 3754 4134
f 4133 5452 4525
f 4917 4523 4326
f 4326 4722 4917
f 4529 4729 3754
f 5161 5451 4528
f 4728 4722 4326
f 4137 4135 4328
f 3756 4729 5171
f 5995 4897 4533
f 4142 4730 4139
f 4952 3559 3940
f 4535 4331 3559
f 4333 4143 4537
f 4331 4539 3951
f 3951 4539 4336
f 4537 4332 4333
f 4538 4540 4334
f 4335 4538 4334
f 4149 4541 4542
f 4336 4738 4543
f 4739 4541 4337
f 4965 4554 4742
f 3954 4742 4554
f 4742 3954 4338
f 4338 4336 4547
f 4547 4742 4338
f 4547 4336 4543
f 4752 4745 4545
f 4751 4739 4337
f 4751 4337 4339
f 4340 4751 4339
f 4553 4754 4550
f 4550 4154 4553
f 4551 4559 4342
f 4344 4343 4757
f 4757 4347 4344
f 4993 6009 4536
f 4560 3954 4554
f 4559 4551 4162
f 4556 4757 4343
f 4346 4556 4343
f 4347 4556 4346
f 3354 4555 4350
f 4553 4558 4754
f 4345 4761 5512
f 4561 4348 4557
f 5004 4349 4763
f 4349 5004 4558
f 4763 4349 4766
f 4348 4767 3963
f 4351 3963 4767
f 4351 4771 4167
f 4768 3780 4770
f 3965 3780 4768
f 4768 4353 3965
f 3357 4563 3966
f 4169 3777 5267
f 5267 4776 4169
f 4354 3781 4564
f 3781 3578 4776
f 4168 4567 4775
f 3969 4171 4566
f 4566 4777 3969
f 5271 3779 4172
f 4176 4777 5777
f 4176 5777 3971
f 4357 4568 3169
f 3970 3169 4568
f 4358 4778 3783
f 4780 4359 5275
f 4363 5022 5023
f 4179 4781 4570
f 4362 5782 5021
f 3585 5023 3975
f 5023 3585 4363
f 4360 5537 5275
f 5537 4360 3974
f 3974 4782 5537
f 4364 5276 4782
f 5784 3979 4572
f 3979 5784 4183
f 5277 4180 5026
f 4185 4183 4366
f 4573 3982 3589
f 4367 3790 4366
f 4369 3982 4573
f 4368 4790 4789
f 4575 4370 4369
f 4367 4578 3989
f 4575 4576 4370
f 3987 4370 4576
f 4578 4584 3989
f 4372 4579 4371
f 4580 4190 3987
f 4793 4191 4796
f 4191 4793 4582
f 4373 4191 4582
f 4189 4373 4582
f 4582 5042 4189
f 5042 4372 4189
f 4375 4374 4583
f 4583 5045 4375
f 5045 4581 4375
f 4192 4375 4581
f 4192 4581 4376
f 4791 3986 5564
f 4796 4377 4585
f 4377 4796 4191
f 4193 4584 4586
f 4378 3992 4376
f 3986 4379 5564
f 4377 4380 4585
f 4378 4587 4194
f 4379 4588 5564
f 4193 4586 4195
f 4380 4808 4585
f 4590 5053 4589
f 4591 5054 4590
f 4587 4386 4194
f 4379 4592 4588
f 4808 3993 4810
f 4599 4196 4593
f 4593 4196 4382
f 3995 5056 4382
f 4383 5052 5056
f 4384 4811 4809
f 4387 4381 4813
f 4815 4810 4391
f 4810 3993 4391
f 4385 5576 4811
f 5576 4385 4389
f 4389 5072 5576
f 4386 4597 4200
f 4379 4390 4598
f 4589 4595 4399
f 4589 4399 4394
f 5072 4389 4395
f 4608 4200 4597
f 4600 4598 4390
f 4818 4817 4601
f 4396 4198 4599
f 4599 4602 4396
f 4204 4392 4603
f 4603 4397 4594
f 4594 4204 4603
f 4398 4594 4397
f 4398 4607 4606
f 4606 4604 4398
f 4398 4604 4610
f 4610 4607 4398
f 4395 4821 5072
f 4605 5071 4396
f 4396 4602 4605
f 4397 4603 4404
f 4408 4401 4394
f 4821 4395 4405
f 4405 4609 4821
f 4608 4609 4405
f 4600 4406 4820
f 4611 4209 4403
f 4407 4411 4603
f 4404 4603 4411
f 4607 4610 4606
f 4402 4401 4408
f 4408 4612 4402
f 4612 4408 4414
f 4611 4626 4209
f 4411 4407 4413
f 4414 4415 4612
f 4820 4406 4009
f 4009 5082 4820
f 4421 5326 6085
f 4418 4615 4828
f 4419 4220 4613
f 4421 6085 4223
f 5329 3456 4215
f 4417 4635 4423
f 4620 4418 4828
f 4620 4828 4627
f 4620 4627 4227
f 4616 4628 4218
f 4219 4621 4424
f 4622 4424 4617
f 4623 4618 4420
f 4431 4623 4420
f 4030 4221 4618
f 4618 4432 4030
f 4222 3819 4624
f 4625 4009 4426
f 4625 5082 4009
f 4223 4633 4033
f 4825 4614 4427
f 4619 4615 4429
f 4027 4218 4628
f 4430 4621 4219
f 4629 4425 4622
f 4622 4834 4629
f 4425 4629 4434
f 4435 4630 4419
f 4630 4233 4419
f 4624 4031 4631
f 4626 4847 4044
f 4635 4216 4422
f 4423 4636 4422
f 4636 4635 4422
f 4636 4422 4437
f 4433 4422 4636
f 4636 5094 4433
f 4428 4034 4433
f 4429 4637 4235
f 4628 4616 4231
f 4628 4638 4027
f 4630 4435 4639
f 4623 4431 4644
f 4436 4229 4640
f 4240 4033 4633
f 4427 4642 6090
f 4843 4437 4433
f 4843 4636 4437
f 4646 4843 4433
f 4637 4646 4235
f 4231 4441 4628
f 4438 4629 4643
f 4645 4644 4236
f 4436 4845 4645
f 4253 3660 4652
f 4851 4648 4442
f 5602 5099 4634
f 4654 5107 4642
f 5352 4647 4241
f 4651 4243 4444
f 4651 4445 4243
f 4445 4450 4446
f 4854 4452 4239
f 3480 4842 4473
f 5352 4241 4454
f 4656 5352 4454
f 4248 4450 4653
f 4249 4248 4653
f 4451 4249 4653
f 4240 4861 3675
f 4253 4652 4460
f 4862 4255 4449
f 4449 4858 4862
f 4663 4858 4449
f 4455 4859 4659
f 4854 4860 4452
f 4251 4456 4660
f 6117 5103 4244
f 4662 4655 4261
f 5605 4656 4458
f 4664 4663 4264
f 4859 4455 4665
f 4660 4260 4251
f 4261 4263 4662
f 4453 4662 4263
f 4458 4461 5605
f 5605 4461 5853
f 4862 4466 4245
f 4660 4456 4463
f 4660 4463 4260
f 4464 4468 4265
f 6117 4244 4669
f 4465 4666 4266
f 5853 4461 4667
f 4470 5610 4668
f 4465 4472 4670
f 4666 4465 4670
f 4670 4276 4666
f 4672 4469 4466
f 4462 4673 4665
f 4676 4067 4668
f 4674 4464 4467
f 4674 4475 4464
f 4475 4468 4464
f 4474 4670 4472
f 4670 4474 4276
f 4469 4672 4671
f 4462 4676 4673
f 4467 4475 4674
f 3686 3485 4283
f 4282 4477 4677
f 4476 4678 5118
f 4478 4281 4476
f 4869 4867 4480
f 4479 4687 4082
f 4678 4871 4680
f 3705 4082 4687
f 4684 4286 4481
f 5629 4280 4482
f 4480 5392 4869
f 4284 4877 4683
f 4877 4685 4683
f 4287 4683 4685
f 4088 4287 4876
f 4876 4686 4088
f 4684 4688 4689
f 4684 4484 4286
f 4284 4879 4877
f 4686 4485 4088
f 4484 4885 4301
f 5126 5392 4488
f 4485 4692 4099
f 4690 4486 4693
f 6149 4482 4489
f 4693 4486 4884
f 4306 4102 4695
f 4493 4103 4889
f 4099 4696 4112
f 3929 3713 4898
f 4492 5126 4488
f 4696 4703 4112
f 4494 5134 4884
f 4500 5140 4697
f 4315 4699 4701
f 4308 4892 4489
f 4492 4495 5126
f 5704 5126 4495
f 4700 4302 4496
f 4496 4893 4700
f 4893 4496 4497
f 4497 4895 4893
f 4497 4306 4698
f 4497 4698 4506
f 4493 5137 4313
f 4307 4499 4900
f 4900 4708 4307
f 4500 4901 5140
f 4701 4501 4315
f 4892 4308 4317
f 4305 4504 4503
f 4505 4311 4899
f 4895 4497 4312
f 4312 4904 4895
f 4506 4702 4510
f 4507 4905 4498
f 5137 4519 4313
f 5145 5139 4508
f 4708 4314 4307
f 4901 4500 4509
f 4711 4501 4701
f 4317 4516 4892
f 4517 4502 4712
f 4503 4504 4909
f 4705 4702 4904
f 4905 4507 4713
f 4706 4906 4511
f 4119 4313 4519
f 4707 5145 4508
f 4704 4916 3338
f 4901 4509 4714
f 4515 4712 4720
f 4712 4515 4517
f 4903 4323 4899
f 4323 4903 4520
f 4521 4510 4522
f 4706 4518 4519
f 4513 4718 5443
f 4718 4314 4708
f 4914 4524 4514
f 4514 4709 4914
f 4892 4516 4128
f 4715 4515 4720
f 4129 4911 4716
f 4716 4909 4129
f 4527 3926 4520
f 4522 4717 4324
f 4890 4512 4523
f 4914 4714 4524
f 4719 4128 3928
f 4720 4526 4715
f 4129 4526 4911
f 5451 5704 4528
f 4523 4917 4890
f 4916 4529 4134
f 5159 4135 3931
f 5159 3931 4721
f 3933 4324 4918
f 4920 4722 4728
f 4532 4724 4725
f 4727 4929 4919
f 4919 4530 4727
f 4727 4530 4531
f 4532 4931 4724
f 4327 6211 5161
f 4139 4730 5172
f 5484 4141 4328
f 4534 4730 4142
f 3559 4952 4535
f 4946 5229 4141
f 4736 4734 4732
f 4732 4733 4736
f 4535 5214 4331
f 4736 4958 4734
f 4534 4149 4953
f 4737 4336 4539
f 4737 4967 4336
f 4738 4336 4967
f 4541 4739 4740
f 4740 4741 4541
f 4542 4541 4741
f 4547 4737 4742
f 4737 4547 4974
f 4974 4967 4737
f 4543 4738 4748
f 4748 4743 4544
f 4548 4544 4743
f 4745 4746 4545
f 4741 4747 4751
f 4741 4751 4340
f 4340 4546 4970
f 5229 4753 4145
f 4547 4543 4974
f 4543 4748 4974
f 4544 4749 4979
f 4979 4748 4544
f 4749 4544 4548
f 4743 4984 4548
f 4744 4552 4549
f 4739 4751 4982
f 4749 4548 4984
f 4744 4549 4987
f 4745 4752 4750
f 4145 4753 4341
f 4987 4549 4755
f 4755 4549 4552
f 4755 4552 4756
f 4345 5512 4546
f 4347 4757 4556
f 4557 4156 4341
f 4758 4759 4760
f 4754 4558 5004
f 4341 5008 4557
f 5008 5005 4557
f 4561 4557 5005
f 4760 5004 4763
f 3962 4560 5257
f 5012 4561 4764
f 4993 4765 5250
f 4561 5012 4348
f 4767 4348 5012
f 4165 5015 4766
f 5015 4165 4769
f 4771 4351 4767
f 3777 4562 5017
f 4167 4771 4355
f 4769 4352 5529
f 5529 4352 4773
f 3967 4774 3968
f 4171 4355 5532
f 5532 4566 4171
f 3779 5271 5268
f 4566 5270 4777
f 4567 5269 4775
f 4357 4174 4356
f 4567 4175 5020
f 4358 3971 5272
f 5272 4779 4358
f 4778 4358 4779
f 4177 4569 5273
f 5780 4569 5021
f 5778 4570 4781
f 5022 4780 5274
f 5783 4783 4571
f 5276 6255 4782
f 6486 4571 5024
f 3587 4365 4784
f 5276 4180 5539
f 5277 5539 4180
f 4182 3587 4784
f 4366 4183 4786
f 4789 5787 4788
f 4573 4575 4369
f 4574 5789 5540
f 5789 4574 4791
f 4577 4371 5279
f 4576 4580 3987
f 4582 4793 4794
f 5037 4376 4581
f 5034 4796 5040
f 4796 5034 5032
f 5032 4793 4796
f 4797 4582 4794
f 5042 4579 4372
f 4580 4798 4190
f 4374 4190 4798
f 4798 4583 4374
f 4799 5045 4583
f 4800 4581 5045
f 5037 4581 4800
f 4376 4795 4378
f 4803 4378 4795
f 5040 4796 4801
f 4585 4801 4796
f 4794 4804 4797
f 4802 4800 4806
f 4807 4378 4803
f 4802 4378 4807
f 5058 4586 4584
f 4585 4805 4804
f 4590 5054 5053
f 4587 4378 4802
f 4195 4586 5058
f 5058 5059 4195
f 4585 4808 4805
f 4382 5055 4593
f 5055 4382 5056
f 5052 4383 4594
f 5052 4594 5051
f 4594 5043 5051
f 5043 4594 4595
f 5043 4595 4589
f 4589 5053 5043
f 5054 4591 5057
f 4591 4809 5057
f 5064 4381 4195
f 4813 4381 5064
f 4596 4812 4598
f 4592 4379 4598
f 4598 4812 4592
f 4813 4814 4387
f 5069 4597 4386
f 5073 4596 4598
f 4403 4387 4814
f 4814 4816 4403
f 4598 4600 5073
f 5074 5073 4600
f 4608 4597 4819
f 4600 4820 5074
f 4817 4818 5070
f 4602 5071 4605
f 4606 4610 4604
f 5076 5072 4821
f 4819 4821 4609
f 4819 4609 4608
f 5078 5074 4820
f 4822 4611 4816
f 4611 4403 4816
f 4823 5081 5080
f 5078 4820 5082
f 4215 5325 5329
f 5580 4614 4825
f 4825 5582 5580
f 4826 4617 4424
f 4828 4615 4619
f 4621 4829 4424
f 4829 4826 4424
f 4826 4834 4617
f 4834 4622 4617
f 4836 4618 4623
f 4432 4618 4836
f 4830 4222 4624
f 4625 5586 5082
f 3088 5329 4831
f 5329 3088 3456
f 4423 4635 5087
f 4423 5087 4832
f 4428 4619 4429
f 4836 4640 4432
f 4229 4432 4640
f 4631 5335 4837
f 4631 4837 4830
f 4631 4830 4624
f 4631 4632 4841
f 4222 4830 4841
f 4841 4632 4222
f 4427 6090 4825
f 4636 4423 4832
f 5094 4838 4433
f 4433 4838 4428
f 4637 4429 4839
f 4619 4429 4627
f 4619 4839 4429
f 4638 4628 4833
f 4834 4643 4629
f 4835 4630 4639
f 4644 5085 4836
f 4836 4623 4644
f 5091 4840 4640
f 4436 4640 4840
f 4641 4436 4840
f 4641 5335 4631
f 4641 4631 4841
f 4240 4633 4846
f 5094 4636 4843
f 5590 4621 4648
f 4844 4644 4645
f 4844 5085 4644
f 4641 4845 4436
f 5586 4625 5347
f 4646 5096 4843
f 4646 4637 5096
f 4242 4638 4848
f 5097 5590 4648
f 4643 4849 4438
f 4233 4850 4443
f 4645 4845 4844
f 5099 4827 4634
f 5344 4441 4647
f 5101 5097 4648
f 4649 4438 4849
f 4239 4443 4850
f 4625 5103 5347
f 3660 4847 4652
f 4648 4851 5101
f 4849 4852 4649
f 4852 4851 4649
f 4639 4650 5100
f 4850 4854 4239
f 5344 4647 5352
f 4445 4651 4851
f 4851 4852 4445
f 5601 5100 4650
f 4852 4450 4445
f 4852 4653 4450
f 4650 4853 5601
f 5605 5352 4656
f 4855 4448 4447
f 4444 4448 4855
f 4855 4651 4444
f 4658 4657 4856
f 4855 4447 4658
f 4658 5353 4855
f 4853 4258 4857
f 4857 5354 4853
f 5108 4453 4655
f 4655 4662 5108
f 4663 5111 4858
f 4663 4664 5109
f 5109 4664 4659
f 4659 4859 5109
f 5108 4662 4453
f 4665 5359 4859
f 5610 4470 4860
f 5113 5602 4661
f 4654 5613 5107
f 5853 4667 4863
f 4862 4864 4466
f 4665 5115 5359
f 4671 4672 5612
f 4863 4671 5612
f 4466 4864 4672
f 5115 4665 4673
f 4668 5115 4676
f 6117 4669 4675
f 5115 4673 4676
f 4866 4283 3485
f 4679 4073 4460
f 3114 4473 4875
f 4478 4476 5118
f 4478 4677 4477
f 4479 4282 4677
f 4681 6540 4471
f 4678 5119 5118
f 4280 5629 4675
f 4867 4869 5872
f 4680 5119 4678
f 4479 4870 4687
f 4679 5404 4291
f 5394 4680 4871
f 4691 4681 4682
f 4685 5401 4287
f 4483 4872 4873
f 4483 4689 4688
f 4689 5411 4684
f 4686 4880 4485
f 4687 4704 3705
f 4872 4483 4690
f 4690 5124 4872
f 3713 4875 4878
f 5629 4482 6149
f 4898 3713 4878
f 4692 4485 4880
f 4880 4882 4692
f 4690 4693 5130
f 5412 3906 4487
f 5131 4879 4694
f 4099 4692 4696
f 4696 4692 4883
f 4883 4692 4882
f 3498 5421 4871
f 4884 5130 4693
f 4885 4888 4301
f 3906 5412 4912
f 5131 4694 4886
f 4887 4493 4889
f 5135 4491 4697
f 4699 4301 4888
f 4698 4306 4695
f 4886 4694 4498
f 5421 3498 4890
f 4891 4499 4491
f 5135 4891 4491
f 4893 4894 4700
f 4894 4311 4700
f 4506 4698 4702
f 4490 5139 4889
f 4891 4900 4499
f 4899 4894 4903
f 4899 4311 4894
f 4886 4498 4905
f 4701 4710 4711
f 4896 4712 4502
f 4502 4503 4909
f 4909 4902 4502
f 4702 5148 4904
f 5148 4702 4705
f 4905 4713 4906
f 4706 5152 4906
f 5137 5152 4519
f 5145 4707 4907
f 4908 4707 4703
f 5150 4901 4714
f 4710 4914 4709
f 4710 4709 4711
f 4705 4910 5148
f 4519 5152 4706
f 4718 5444 5443
f 5150 4714 4914
f 5424 4892 4128
f 4716 4911 5438
f 4910 4527 4520
f 4910 4705 4527
f 4717 4522 4913
f 4915 4719 4525
f 4720 4911 4526
f 4912 5159 4721
f 4717 4918 4324
f 4916 5158 4529
f 4722 5719 4917
f 5719 4722 4920
f 5158 4729 4529
f 5180 4328 4135
f 4531 4530 4919
f 4919 5166 4531
f 4723 4531 5166
f 4728 5162 4920
f 4921 4922 4724
f 4725 4724 4922
f 4726 5172 5452
f 4897 5995 6853
f 4919 4929 4923
f 5166 4919 4923
f 4923 4924 5166
f 4925 4727 4531
f 4531 4723 4925
f 5162 4728 4926
f 4927 4921 4724
f 4725 4922 4928
f 4725 4928 4932
f 4932 4931 4532
f 4532 4725 4932
f 4935 4929 4727
f 4924 4935 4727
f 4925 4924 4727
f 4724 4930 4927
f 4930 4724 4931
f 4934 5168 4929
f 4929 4935 4934
f 4930 4931 5178
f 4932 4939 4931
f 4935 4938 4934
f 5178 4931 4939
f 4328 5180 5484
f 4936 4943 4939
f 4938 4942 4934
f 5199 4939 4943
f 4949 5188 4940
f 4327 4731 6211
f 5196 5187 4934
f 4934 4942 5196
f 4944 5188 4949
f 4945 4941 4947
f 4731 6219 6211
f 4942 5197 5196
f 4141 5484 4946
f 4730 4534 4948
f 4945 4947 4950
f 4956 4950 4947
f 6219 4731 4951
f 4534 4953 4954
f 4954 4948 4534
f 4944 4971 5220
f 4971 4944 4949
f 4955 4950 4956
f 4732 4958 5207
f 4732 4734 4958
f 4733 4959 4736
f 4964 4955 4956
f 4951 4735 5212
f 4539 4331 5214
f 5214 4957 4539
f 4960 4737 4539
f 4539 4957 4960
f 4959 4958 4736
f 4963 5217 4542
f 4149 4542 5217
f 5217 4953 4149
f 4976 5220 4971
f 4536 6009 4533
f 4742 4960 4965
f 4966 4960 4742
f 4737 4961 4967
f 4967 4968 4738
f 4969 4740 4739
f 4740 4962 4741
f 4962 4963 4741
f 4542 4741 4963
f 4340 5219 4963
f 5219 4340 4970
f 4955 4964 4972
f 4973 4972 4964
f 4742 4737 4966
f 4966 4737 4967
f 5232 4967 4974
f 4968 4748 4738
f 4746 4975 4545
f 4982 4545 4969
f 4545 4975 4969
f 4739 4982 4969
f 4741 4963 4747
f 4963 4741 4340
f 4989 5220 4976
f 4973 4977 4972
f 4554 4965 4978
f 4974 4748 5232
f 4980 4552 4744
f 4746 4745 4750
f 4750 4981 4746
f 4975 5236 4545
f 4975 4545 4982
f 4751 4747 4982
f 4560 4554 4978
f 4749 4984 4979
f 4984 4986 4985
f 4756 4552 4980
f 4981 4988 5235
f 4750 4752 4981
f 4752 5241 4981
f 4752 5236 5241
f 4752 4545 5236
f 4970 4546 5512
f 5242 4989 4992
f 4994 4991 4990
f 4755 4995 4987
f 4995 4755 4756
f 4991 4994 4997
f 4998 4997 4994
f 4999 4759 4758
f 4762 4764 5000
f 4762 5000 5001
f 4998 5256 4997
f 5002 4999 4758
f 4758 4760 5002
f 5002 5256 4998
f 5002 4998 4999
f 4759 4999 5002
f 5002 5003 4759
f 5003 4760 4759
f 5004 4760 5003
f 5252 5257 4560
f 6011 5512 4761
f 5516 4764 4561
f 4561 5005 5516
f 4764 5009 5000
f 5516 5009 4764
f 5009 4764 4762
f 5009 4762 5001
f 5009 5001 5006
f 5259 5256 5002
f 5002 4760 5259
f 4763 5259 4760
f 5004 5003 5007
f 4754 5004 5007
f 6011 4761 5010
f 5011 5012 4764
f 5011 4764 5009
f 4763 5759 5259
f 5011 5260 5012
f 5759 4763 4766
f 4562 3962 5257
f 5012 5260 4767
f 6690 5250 4765
f 4563 4350 5263
f 4766 5768 5759
f 5768 4766 5015
f 4765 5013 6690
f 6232 3776 6029
f 4767 5016 4771
f 4770 5014 4768
f 4353 4768 5261
f 5527 4774 4353
f 5017 5267 3777
f 4564 4770 4354
f 3781 4776 5018
f 4564 3781 5018
f 4170 5019 4565
f 4772 4565 5019
f 4775 5529 4773
f 4172 6036 5271
f 5272 3971 5777
f 5273 4569 5780
f 4570 5778 6482
f 5779 4781 4177
f 4177 5273 5779
f 4780 5275 5274
f 4570 6482 4572
f 4783 5783 5782
f 4365 3975 5023
f 4571 6486 5783
f 5024 4785 6261
f 6261 4785 5278
f 4787 4182 5025
f 5278 4788 5787
f 4573 5028 4575
f 5027 4789 4790
f 5027 4790 4577
f 4576 4575 5028
f 5279 5027 4577
f 4580 4576 5029
f 5553 4371 4792
f 4371 5553 5279
f 5284 5038 5033
f 5034 5030 5031
f 5032 5034 5031
f 5035 4793 5032
f 4794 4793 5035
f 5293 4376 5037
f 4376 5293 4795
f 4795 5033 5038
f 4578 5039 4584
f 5035 5295 4794
f 5565 5041 4582
f 5042 4582 5041
f 4792 4371 4579
f 4798 4580 5036
f 4798 5044 4583
f 5045 4799 5303
f 5037 5046 5293
f 5038 4803 4795
f 5047 4803 5038
f 4801 5295 5040
f 4794 5295 4804
f 5565 4582 4797
f 4579 5042 5048
f 5048 5049 4579
f 5050 5051 5043
f 5290 5043 5298
f 5303 4800 5045
f 4802 5037 4800
f 4802 5046 5037
f 4803 5047 5046
f 5046 4807 4803
f 4801 4585 4804
f 4804 5295 4801
f 4797 4804 4805
f 5305 4797 4805
f 4797 5305 5565
f 5298 5043 5053
f 5046 4802 4807
f 4584 5062 5058
f 4805 5309 5305
f 5306 5055 5056
f 5057 5302 5054
f 4802 4806 5060
f 4802 5060 4587
f 4805 4808 5309
f 5317 4593 5055
f 5057 4809 5308
f 4809 5313 5308
f 4386 4587 5060
f 5564 4588 5814
f 5062 5063 5058
f 5059 5058 5063
f 5064 4195 5059
f 4808 4810 5065
f 4808 5065 5309
f 5317 5575 4593
f 4809 4811 5313
f 4811 5576 5313
f 4386 5066 5069
f 5061 4592 4812
f 4592 5321 5067
f 5067 4588 4592
f 5814 4588 5067
f 5064 5315 4814
f 4813 5064 4814
f 5319 5065 4810
f 4810 4815 5319
f 4599 4593 5575
f 5069 5066 5320
f 4812 4596 5073
f 5068 5063 5062
f 4816 5315 5063
f 5315 4816 4814
f 5070 4818 4601
f 5071 5319 4815
f 4602 5319 5071
f 4819 5069 5320
f 4597 5069 4819
f 5074 5321 5073
f 5321 5074 5067
f 5067 5075 5814
f 5070 4601 4817
f 5323 4602 4599
f 5068 4822 5063
f 4816 5063 4822
f 4821 4819 5076
f 5067 5074 5078
f 4823 5080 5077
f 5077 5079 4823
f 5075 5067 5078
f 5081 4823 5079
f 4822 4824 4611
f 4824 4626 4611
f 4223 5327 4633
f 5327 4223 6085
f 6756 6298 5326
f 4827 6756 5326
f 5587 4831 5329
f 4825 6090 5582
f 4832 5087 5332
f 4428 5338 5083
f 4619 4428 5083
f 4619 4627 4828
f 4829 5590 4826
f 4640 4836 5085
f 4830 4837 5086
f 5086 4841 4830
f 5095 4847 4626
f 4832 5088 4636
f 5087 4635 4636
f 5088 5337 5094
f 4428 4838 5338
f 4839 4619 5083
f 4628 5339 4833
f 5084 4638 4833
f 5084 4848 4638
f 5590 4829 4621
f 5341 4643 4834
f 5089 4233 4630
f 5089 4630 4835
f 4640 5085 5090
f 5090 5091 4640
f 5091 5092 4840
f 4641 4840 5092
f 5092 5093 4641
f 4641 5093 5335
f 3480 4831 5587
f 4636 5088 5087
f 5339 4628 4441
f 5334 4835 4639
f 5089 4850 4233
f 4844 5591 5090
f 5090 5085 4844
f 4845 4641 5093
f 5093 5098 4845
f 5093 4641 4841
f 3480 5587 4842
f 4843 5096 5094
f 5339 4441 5344
f 4849 4643 5341
f 4844 5345 5591
f 5345 4844 4845
f 4845 5098 5345
f 5099 6307 4827
f 5347 5103 5596
f 4846 5105 4240
f 4652 4847 5102
f 4242 4848 5106
f 6090 4642 5350
f 4642 5107 5350
f 5841 5344 5352
f 4651 5348 5101
f 4651 5101 4851
f 4651 4855 5348
f 4653 4852 5104
f 4853 5354 5601
f 4861 4240 5105
f 5605 6109 5352
f 4451 4653 5104
f 4854 5611 4860
f 4856 4657 5106
f 4856 5353 4658
f 4451 4258 4257
f 4858 5111 4862
f 4860 5611 5610
f 5355 5853 4863
f 5858 5355 4863
f 5364 4864 4862
f 5364 4862 5111
f 5109 5111 4663
f 5618 5109 4859
f 4859 5359 5618
f 5856 4668 5610
f 4660 4865 5358
f 5112 4865 4660
f 4660 5358 5112
f 5612 5858 4863
f 5116 5358 4865
f 5116 4865 5112
f 4866 3485 4861
f 5612 4672 4864
f 4679 4460 5117
f 5613 4867 5623
f 4478 5118 4868
f 4677 4478 4868
f 5623 4867 5872
f 4874 4283 5382
f 5119 4680 5387
f 4870 4479 5120
f 4870 5120 5384
f 6348 5872 4869
f 4680 5394 5387
f 5400 4687 4870
f 5397 5391 5121
f 5392 6348 4869
f 4876 4287 5401
f 4686 4876 5398
f 5393 5123 4686
f 5400 4704 4687
f 4483 4873 4689
f 4681 4691 7066
f 5402 5672 4880
f 5123 5402 4880
f 4880 4686 5123
f 4871 5415 5394
f 5122 4872 5124
f 5125 4684 5411
f 4484 4684 5125
f 4487 4874 5412
f 5392 5126 5661
f 4102 4291 5404
f 4102 5404 4695
f 5127 4877 4879
f 4877 5127 5405
f 5405 4685 4877
f 4871 5421 5415
f 4879 5129 5127
f 4879 5131 5129
f 4881 5414 5128
f 4690 5130 5124
f 4882 4696 4883
f 4882 5132 4696
f 5130 4884 5133
f 4884 5134 5133
f 4892 6149 4489
f 5136 5131 4886
f 5426 5137 4493
f 4887 5426 4493
f 4889 5430 4887
f 5419 4891 5135
f 5135 4697 5140
f 5140 5423 5135
f 5126 5704 5930
f 4894 4893 4895
f 4895 5142 4894
f 4702 4698 5138
f 5430 4889 5139
f 4696 4908 4703
f 4901 5434 5140
f 4699 5141 4701
f 4903 4894 5142
f 5142 5435 4903
f 4904 5143 4895
f 5143 5142 4895
f 5138 4510 4702
f 4510 5138 4522
f 5136 4886 4905
f 4905 5436 5136
f 5149 4708 4900
f 5434 4901 5150
f 4710 4701 5141
f 4896 5151 4712
f 4896 4502 4902
f 4897 6853 4691
f 5143 4904 4520
f 5143 4520 4903
f 5143 4903 5435
f 4520 4904 5148
f 4905 4906 5436
f 5436 4906 5152
f 5152 5137 5144
f 5421 4890 5938
f 4916 4704 5146
f 5147 5134 5443
f 4710 5150 4914
f 4720 4712 5151
f 5438 4902 4716
f 4716 4902 4909
f 4520 5148 4910
f 4908 4907 4707
f 5149 5153 4708
f 5153 4718 4708
f 4128 4719 5424
f 5151 5438 4911
f 4911 4720 5151
f 4718 5153 5444
f 4918 4717 5154
f 5719 4890 4917
f 4525 5452 4915
f 5159 5180 4135
f 5453 5183 5456
f 4918 5165 3933
f 5162 5719 4920
f 5462 5456 5183
f 5158 5465 4729
f 5164 5167 5160
f 4138 3933 5165
f 4923 4929 5168
f 5168 5169 4923
f 4924 4923 5169
f 5169 5170 4924
f 5166 5170 5175
f 5166 4924 5170
f 5464 5162 4926
f 5171 4729 5465
f 4927 4922 4921
f 4928 5179 4932
f 5173 5160 5167
f 5177 5173 5167
f 5177 5174 4933
f 4935 4924 5175
f 5175 5472 4935
f 5175 4924 4925
f 4927 5466 4922
f 5176 4927 4930
f 5176 5466 4927
f 5462 5183 5468
f 5168 4934 5475
f 5472 5185 4935
f 4930 5178 5176
f 5179 4939 4932
f 5181 5468 5182
f 5182 5468 5183
f 5177 5480 5173
f 4933 5480 5177
f 5184 5174 5177
f 5174 4937 4933
f 6635 5161 6211
f 4938 4935 5185
f 5179 4936 4939
f 5181 5182 4940
f 5741 5182 5183
f 4933 4937 5480
f 5184 4937 5174
f 4939 5481 5178
f 5188 5181 4940
f 4940 5182 5741
f 5186 4937 5184
f 5184 5191 5186
f 4937 5186 4941
f 4934 5187 5475
f 5185 5192 4938
f 5192 4942 4938
f 4939 5199 5481
f 4936 5200 4943
f 5189 5181 5188
f 4940 5204 4949
f 5204 4940 5741
f 5480 4937 4941
f 5186 4947 4941
f 5481 5199 5193
f 4944 5189 5188
f 5480 4941 5210
f 4945 5210 4941
f 5191 5194 5186
f 5194 5195 5186
f 4947 5186 5195
f 5201 4952 3940
f 5196 5487 5187
f 5198 5197 5192
f 4942 5192 5197
f 5202 4943 5200
f 5202 5199 4943
f 5485 5480 5210
f 5194 5211 5195
f 5201 4535 4952
f 5196 5206 5487
f 5206 5196 5197
f 5193 5199 5496
f 5496 5199 5202
f 5202 5200 5203
f 4948 6425 4730
f 4950 5210 4945
f 5195 4956 4947
f 5205 5487 5206
f 5206 4957 5205
f 5207 5208 4732
f 4733 4732 5208
f 4733 5208 5216
f 5496 5202 5218
f 5218 5202 5203
f 5203 5209 5218
f 5189 5220 5732
f 5220 5189 4944
f 5204 4971 4949
f 4533 6009 5995
f 4140 4983 4555
f 4950 5743 5210
f 4956 5195 5211
f 6219 4951 5212
f 4957 5214 5205
f 5205 5213 4957
f 4957 5206 4960
f 5215 4960 5206
f 5206 5488 5215
f 4961 5215 5488
f 4958 5500 5207
f 5216 4959 4733
f 5217 4962 5490
f 5490 5496 5217
f 5218 5217 5496
f 5218 4953 5217
f 5218 5209 4953
f 5219 5209 5218
f 5218 5498 5219
f 5209 4954 4953
f 5238 4971 5204
f 5743 4950 4955
f 4964 4956 5211
f 5211 5221 4964
f 4957 5213 4965
f 4965 4960 4957
f 4737 4960 5215
f 4961 4737 5215
f 4958 4959 5500
f 5224 4962 4740
f 4963 4962 5217
f 4963 5498 5217
f 4963 5219 5498
f 5225 5209 5219
f 5743 4955 5243
f 4965 5213 4978
f 5222 4967 4961
f 4968 4967 5222
f 5222 5223 4968
f 4969 5228 5505
f 4740 4969 5224
f 4969 5505 5224
f 5501 4747 4963
f 5225 5219 4970
f 4972 5243 4955
f 4964 5221 4973
f 4966 4967 5226
f 5232 5226 4967
f 5227 4748 4968
f 4743 4748 5227
f 4743 5233 5230
f 4743 5227 5233
f 4746 5506 5228
f 4975 4746 5228
f 4969 4975 5228
f 5238 4976 4971
f 6010 5212 4735
f 4748 5233 5232
f 4979 5233 4748
f 4984 4743 5230
f 4986 4984 5234
f 5506 4746 4981
f 4981 5235 5506
f 4975 5237 5236
f 5237 4975 4982
f 5237 4982 4747
f 5231 4989 5242
f 5231 5220 4989
f 5238 4989 4976
f 5243 4972 4977
f 4735 4550 6010
f 4560 4978 5252
f 4979 4984 5230
f 5230 5233 4979
f 4984 5509 5234
f 5234 5246 4986
f 4985 4986 5246
f 4744 4987 5239
f 4980 4744 5239
f 4988 4981 5241
f 4970 5512 5507
f 5511 5231 5242
f 4990 5243 4977
f 5244 4994 4990
f 5244 5245 4994
f 5509 4984 4985
f 4985 5246 5509
f 4980 5239 4756
f 5247 5248 5240
f 5240 5235 4988
f 5511 4992 4996
f 5511 5242 4992
f 5253 4992 4989
f 5253 4989 5238
f 5753 5238 5513
f 5243 4990 4991
f 5249 6660 4550
f 4987 4995 5239
f 5239 4995 4756
f 4996 6012 5511
f 4996 5006 6012
f 5253 4996 4992
f 5238 5753 5253
f 5250 6009 4993
f 5749 5243 5251
f 5243 4991 5251
f 4997 5251 4991
f 5245 4998 4994
f 4550 4754 5249
f 4753 5748 4341
f 4341 5748 5008
f 6012 5006 5001
f 5253 5006 4996
f 4999 4998 5254
f 5254 5002 4999
f 5254 5003 5002
f 5255 5001 5000
f 5000 5516 5255
f 5000 5009 5516
f 5255 6012 5001
f 5258 4350 4555
f 5256 5751 5251
f 5251 4997 5256
f 5254 5517 5003
f 5517 5007 5003
f 5007 5515 4754
f 5522 5011 5009
f 5522 5009 5006
f 5522 5006 5253
f 5256 5759 5751
f 5259 5759 5256
f 5258 5263 4350
f 3776 6232 5010
f 5260 5770 4767
f 4768 5014 5261
f 5261 5765 4353
f 4353 5765 5262
f 5016 4767 5770
f 5014 4770 5528
f 5262 5527 4353
f 4770 4564 5528
f 5016 5264 4771
f 5263 5266 4563
f 3966 4563 5266
f 4769 5529 5015
f 4355 4771 5264
f 4776 5267 5530
f 3968 4774 5265
f 5019 5773 4772
f 4775 5531 5529
f 5269 5531 4775
f 5270 4566 5532
f 5533 4777 5270
f 5533 5777 4777
f 4172 4778 6036
f 5020 4175 5536
f 4568 5536 3970
f 4175 3970 5536
f 5778 4781 5779
f 6257 5023 5022
f 5022 5274 6257
f 5781 5275 5537
f 5537 4782 6255
f 6043 4365 5023
f 4784 4365 5785
f 6042 5276 5539
f 5024 6721 6486
f 5025 4182 4784
f 4182 4787 4573
f 6956 5277 5026
f 6956 5026 5540
f 4786 5790 4366
f 5028 4573 4787
f 5787 4789 5027
f 4578 4367 5281
f 5027 5279 5542
f 5279 5553 5542
f 5029 4576 5280
f 5283 5030 5793
f 5030 5283 5031
f 5032 5031 5286
f 5029 5287 4580
f 5554 5033 4795
f 5284 5288 5038
f 5030 5034 5559
f 5559 5793 5030
f 5035 5032 5286
f 5551 5553 4792
f 5036 4580 5287
f 5293 5554 4795
f 5047 5554 5293
f 5040 5294 5034
f 5294 5559 5034
f 5294 5040 5295
f 5035 5286 5295
f 4792 4579 5560
f 5296 5551 4792
f 5297 5561 5050
f 5050 5289 5297
f 5289 5050 5043
f 5290 5289 5043
f 5298 5291 5290
f 4798 5036 5292
f 5292 5300 4798
f 5300 5044 4798
f 5293 5046 5047
f 5563 5047 5038
f 6054 4791 5564
f 5048 5042 5041
f 5048 5568 5049
f 5560 4579 5049
f 5296 5566 5052
f 5296 5052 5051
f 5051 5561 5296
f 5561 5051 5050
f 5053 5810 5298
f 5810 5299 5298
f 5810 5053 5054
f 5054 5300 5810
f 5301 5300 5054
f 5301 5302 5044
f 5302 4583 5044
f 4799 4583 5302
f 5302 5567 4799
f 5304 4800 5303
f 5041 5306 5048
f 5306 5568 5048
f 5049 5307 5056
f 5049 5056 5052
f 5052 5566 5049
f 5302 5301 5054
f 5308 5303 4799
f 5304 5310 4800
f 5310 4806 4800
f 5306 5312 5055
f 5307 5306 5056
f 5057 5308 5302
f 5310 5311 4806
f 5060 4806 5311
f 5062 4584 5039
f 5059 5570 5316
f 5312 5317 5055
f 5060 5314 4386
f 5039 5068 5062
f 5315 5059 5063
f 5059 5315 5570
f 5316 5064 5059
f 6081 5313 5576
f 5066 4386 5314
f 5061 4812 5318
f 5321 4592 5061
f 5064 5316 5315
f 5574 5065 5319
f 4812 5073 5318
f 5073 5321 5318
f 5319 4602 5323
f 5323 5574 5319
f 5578 5574 5323
f 5576 5076 5579
f 5076 5576 5072
f 4599 5578 5323
f 4819 5320 5076
f 5075 5822 5814
f 5079 5077 5324
f 5324 5077 5080
f 5324 5080 5081
f 5079 5324 5081
f 5325 5580 6513
f 5075 5078 5581
f 6295 6085 5326
f 6298 6295 5326
f 6086 5580 5582
f 5581 5078 5082
f 5327 5328 4633
f 5331 4626 4824
f 5328 4846 4633
f 5340 4834 4826
f 5581 5082 5586
f 5333 4832 5332
f 5340 4826 5590
f 5341 4834 5340
f 4835 5334 5330
f 5330 5342 4835
f 5335 5336 4837
f 5086 4837 5336
f 6756 4827 6307
f 5095 4626 5331
f 5087 5588 5332
f 5333 5088 4832
f 5337 5088 5333
f 4838 5094 5337
f 4637 4839 5083
f 5084 4833 5339
f 5089 4835 5342
f 5091 5090 5591
f 5834 5335 5093
f 5093 5092 5834
f 5598 5087 5088
f 5598 5588 5087
f 5094 5598 5088
f 5083 5836 4637
f 4850 5089 5342
f 5098 5093 4841
f 5347 5596 5586
f 5094 5599 5598
f 5599 5094 5096
f 5096 5343 5599
f 5840 5343 5096
f 5840 5096 4637
f 4637 5836 5840
f 5594 5590 5097
f 5100 5839 4639
f 5839 5334 4639
f 5346 5345 5098
f 5095 5102 4847
f 5348 5594 5097
f 5341 5349 4849
f 5600 5106 4848
f 5348 5097 5101
f 5349 5351 4849
f 5351 4852 4849
f 6307 5099 5602
f 6110 6090 5350
f 5110 4652 5102
f 4855 5353 5348
f 5104 4852 5351
f 5103 6108 5596
f 5106 5606 4856
f 5104 4258 4451
f 5110 4460 4652
f 4856 5609 5353
f 5356 5357 5108
f 5614 5111 5109
f 5856 5360 4668
f 5113 6540 5602
f 6329 5107 5613
f 4460 5110 5117
f 5108 5114 5615
f 5615 5356 5108
f 5357 5114 5108
f 5617 5364 5111
f 5111 5614 5617
f 5614 5109 5618
f 5360 5115 4668
f 5358 5116 5361
f 5361 5362 5358
f 5112 5358 5362
f 5362 5116 5112
f 5363 5615 5114
f 5360 5359 5115
f 5365 5361 5116
f 4868 5368 5617
f 5617 5367 4868
f 5862 6117 4675
f 4866 5366 5374
f 5374 4283 4866
f 5613 5623 5620
f 5118 5376 5368
f 4868 5118 5368
f 5367 4677 4868
f 5367 5369 4677
f 5382 4283 5374
f 5369 5877 4677
f 5862 4675 5629
f 5378 5372 5635
f 5378 5371 5372
f 5375 5635 5372
f 5376 5118 5119
f 4479 4677 5877
f 4479 5877 5120
f 5377 5626 5373
f 5373 5380 5377
f 5632 5376 5119
f 5380 5373 5381
f 5379 5383 5643
f 5383 5379 5632
f 5632 5387 5383
f 5119 5387 5632
f 5633 5388 5384
f 5121 5391 5385
f 5384 5388 5400
f 5400 4870 5384
f 5391 5390 5385
f 5390 5389 5385
f 5389 5121 5385
f 5392 5661 6348
f 5387 5394 5383
f 5390 5391 5397
f 5389 5390 5397
f 5397 5121 5389
f 5123 5657 5399
f 5123 5393 5657
f 5912 5395 5665
f 5395 5122 5665
f 4872 5122 5395
f 5395 5396 4872
f 4873 5667 4689
f 4873 4872 5667
f 4876 5401 5398
f 5673 5665 5122
f 4874 5660 5412
f 4685 5671 5401
f 5408 5403 5407
f 5415 5407 5403
f 4704 5400 5416
f 5410 5416 5409
f 5122 5124 5673
f 5673 5124 5674
f 5930 5661 5126
f 5406 5413 5672
f 5413 4880 5672
f 5407 4881 5128
f 5407 5128 5414
f 5407 5414 4881
f 5417 5674 5124
f 5417 5675 5674
f 5132 4880 5413
f 4882 4880 5132
f 5130 5417 5124
f 5125 5418 4484
f 4885 4484 5418
f 7066 4691 7091
f 5421 5932 5415
f 4704 5416 5146
f 5417 5130 5133
f 5133 5934 5417
f 5418 5423 4885
f 5423 4888 4885
f 4698 4695 5138
f 5692 5129 5131
f 5127 5426 4887
f 4887 5680 5127
f 5428 5680 4887
f 5419 5135 5423
f 6149 4892 6369
f 5131 5136 5425
f 5425 5692 5131
f 5426 5427 5137
f 4887 5430 5428
f 5134 5693 5133
f 4891 5419 5422
f 4888 5429 4699
f 5424 6369 4892
f 5144 5137 5427
f 5420 5430 5139
f 5139 5431 5420
f 4696 5700 4908
f 5433 5432 4900
f 5433 4900 4891
f 5429 5141 4699
f 5435 5142 5143
f 5431 5139 5145
f 5693 5134 5147
f 5149 4900 5432
f 5432 5437 5149
f 5696 4710 5141
f 5438 5151 4896
f 4896 4902 5438
f 7091 4691 6853
f 5150 4710 5696
f 4907 5706 5145
f 5442 4907 4908
f 5155 5445 4915
f 5440 4913 4522
f 5441 5154 4717
f 5442 5706 4907
f 6194 5444 5153
f 4719 4915 5445
f 5985 5439 5448
f 4915 5709 5155
f 5450 5447 5446
f 3936 3929 4898
f 5157 5449 5447
f 5448 5455 5985
f 4915 5452 5709
f 5157 5447 5457
f 5449 5457 5447
f 5457 5447 5450
f 5450 5454 5457
f 5156 5160 5455
f 5453 5449 5157
f 5457 5453 5157
f 5457 5449 5453
f 5458 5156 5455
f 5160 5156 5458
f 5453 5456 5721
f 5183 5453 5457
f 5454 5471 5457
f 5458 5164 5160
f 7115 5451 5161
f 5722 5460 5459
f 5452 5172 5992
f 5721 5456 5462
f 5462 5993 5721
f 5457 5471 5183
f 5167 5164 5458
f 5458 5469 5167
f 5465 5158 5463
f 5726 6199 5455
f 5160 5726 5455
f 4723 5166 5175
f 5175 4925 4723
f 5464 4926 5997
f 5727 4926 5171
f 5727 5997 4926
f 5466 4928 4922
f 5466 5467 4928
f 5179 4928 5467
f 5462 5468 5993
f 5726 5160 5173
f 5168 5470 5169
f 5170 5472 5175
f 5467 5474 5179
f 5469 5477 5167
f 5177 5167 5477
f 5470 5168 5475
f 5176 5178 5473
f 5473 5466 5176
f 5741 5183 5471
f 5173 5480 5726
f 5477 5184 5177
f 5178 5728 5473
f 5474 5479 5179
f 5479 4936 5179
f 5476 5484 5180
f 5729 5468 5181
f 5729 5993 5468
f 4140 3936 5190
f 5728 5178 5481
f 5172 4730 6215
f 5477 5191 5184
f 5192 5185 5478
f 5478 5482 5192
f 5735 4936 5479
f 5735 5200 4936
f 4730 6425 6215
f 5189 5729 5181
f 5187 5733 5475
f 5193 5483 5481
f 5732 5729 5189
f 5733 5187 5487
f 5198 5192 5482
f 5482 5736 5198
f 5203 5200 5735
f 5735 5491 5203
f 6008 4946 5484
f 4983 4140 5190
f 5198 5489 5197
f 5489 5206 5197
f 5496 5483 5193
f 5201 5486 4535
f 5214 4535 5486
f 5487 5205 4957
f 5493 5487 4957
f 5206 5489 5488
f 5216 5208 5495
f 5496 5490 5483
f 5491 5498 5218
f 5491 5218 5209
f 5491 5209 5203
f 4948 4954 5739
f 5486 5492 5214
f 5205 5214 5492
f 5492 5213 5205
f 4957 4960 5493
f 5493 4960 5215
f 5488 5493 5215
f 5494 5493 5488
f 5488 5215 5494
f 5489 5494 4961
f 4961 5488 5489
f 5208 5207 5500
f 5495 4959 5216
f 4962 5502 5490
f 5497 5217 5496
f 5498 5496 5217
f 5498 5497 5496
f 5209 5499 4954
f 5739 4954 5499
f 5485 5210 5743
f 4966 5215 4960
f 5215 4966 5226
f 5226 5494 5215
f 5226 5222 5494
f 4961 5494 5222
f 4959 5495 5500
f 5224 5502 4962
f 5217 5497 5501
f 5501 4963 5217
f 5499 5209 5225
f 5204 5746 5238
f 4978 5213 5492
f 5226 5503 5222
f 5503 5223 5222
f 4968 5223 5503
f 5227 4968 5503
f 5503 5233 5227
f 5505 5228 5504
f 5224 5505 4747
f 5224 4747 5502
f 5501 5502 4747
f 5226 5232 5503
f 5503 5232 5233
f 5504 5506 5236
f 5506 5504 5228
f 5504 5236 5237
f 5504 5237 5505
f 4747 5505 5237
f 5225 5507 5499
f 5225 4970 5507
f 5220 5231 6429
f 5243 5749 5743
f 4977 4973 5745
f 5241 5506 5508
f 5235 5508 5506
f 5241 5236 5506
f 5238 5746 5513
f 5745 4990 4977
f 5510 5246 5234
f 5508 5235 5240
f 5508 4988 5241
f 5246 5510 5509
f 5508 5240 5248
f 5247 5240 5508
f 5508 5240 4988
f 5258 4555 4983
f 6660 6010 4550
f 5245 5514 4998
f 5514 5254 4998
f 5522 5253 5753
f 5751 5749 5251
f 5514 5517 5254
f 5515 5249 4754
f 5515 5007 5517
f 4562 5257 5523
f 5260 5011 5522
f 5522 5769 5260
f 5261 5524 5526
f 5765 5261 5526
f 5525 6027 5014
f 5261 5014 6027
f 5771 5768 5015
f 5770 5264 5016
f 5015 5529 5771
f 5527 5265 4774
f 5013 6247 6690
f 5530 5018 4776
f 5018 6248 4564
f 5265 4170 3968
f 4355 5264 5532
f 5532 5264 5776
f 6247 5013 5268
f 4356 3966 5534
f 5269 4567 6251
f 6251 4567 5020
f 5534 4357 4356
f 5535 6039 4357
f 6039 4568 4357
f 4779 6038 4778
f 6483 5779 5273
f 5275 5781 5274
f 5021 6256 5780
f 5538 4572 6482
f 6042 6255 5276
f 5538 5784 4572
f 6043 5785 4365
f 4784 5785 5025
f 6258 5539 5277
f 5025 5541 4787
f 6044 5278 5787
f 4787 5541 5028
f 4367 4366 5790
f 5541 5543 5028
f 5789 6489 5540
f 5787 5027 5788
f 5027 5542 5788
f 4576 5028 5543
f 5282 5792 5544
f 5544 5545 5282
f 5793 5546 5283
f 5542 5553 5791
f 5284 5547 5288
f 5288 5547 5548
f 5792 5282 5805
f 5805 5282 5545
f 5031 5283 5546
f 5546 5550 5031
f 5550 5286 5031
f 5551 5552 5553
f 5289 5799 5553
f 5799 5289 5290
f 5290 5029 5799
f 5290 5291 5029
f 5554 5555 5033
f 5284 5033 5555
f 5288 5548 5556
f 5558 5285 5549
f 5558 5557 5285
f 6054 5789 4791
f 5039 4578 5281
f 5796 5793 5559
f 5808 5297 5289
f 5291 5298 5287
f 5298 5299 5287
f 5554 5047 5563
f 5563 5555 5554
f 5038 5288 5556
f 5556 5563 5038
f 5295 5286 5294
f 5296 4792 5560
f 5299 5810 5036
f 5300 5562 5044
f 5560 5049 5566
f 5301 5811 5300
f 5301 5044 5562
f 5562 5811 5301
f 5565 5305 6072
f 5565 5568 5041
f 5568 5306 5041
f 5307 5049 5568
f 5567 5812 4799
f 5812 5308 4799
f 5303 5812 5571
f 5303 5308 5812
f 5571 5304 5303
f 6054 5564 5814
f 5569 5305 5309
f 5305 5569 6072
f 5312 5306 5568
f 5568 5306 5307
f 5567 5302 5308
f 5308 5812 5567
f 5308 5571 5812
f 5569 5309 5815
f 5312 5572 5317
f 5571 5308 5313
f 6081 5571 5313
f 5311 5314 5060
f 5315 5316 5570
f 5815 5309 5065
f 5065 6077 5815
f 5572 5575 5317
f 5066 5314 5817
f 5318 5321 5061
f 5065 5573 6077
f 5574 5573 5065
f 5574 6078 5573
f 5320 5816 5577
f 5066 5817 5816
f 5816 5320 5066
f 5575 5578 4599
f 5579 5320 5577
f 5076 5320 5579
f 4822 5068 5322
f 6296 5329 5325
f 6296 5325 6513
f 4822 5828 4824
f 5329 6296 6517
f 6300 5075 5581
f 5327 5826 5328
f 5581 5583 6300
f 5333 5332 5831
f 5084 5829 5584
f 5585 5342 5330
f 5585 5330 5334
f 5336 5335 5834
f 5831 5332 5588
f 5589 5337 5333
f 4838 5337 5589
f 5083 5338 5836
f 5829 5084 5339
f 5339 6099 5829
f 5084 5584 5593
f 5839 5585 5334
f 5591 5842 5091
f 5592 5834 5092
f 5598 5843 5588
f 5589 5840 4838
f 5338 4838 5840
f 5593 4848 5084
f 5341 5340 5838
f 5092 5091 5842
f 5842 5345 5092
f 5345 5592 5092
f 5595 4841 5086
f 5597 4842 5587
f 5841 6099 5339
f 5339 5344 5841
f 4848 5593 5600
f 4850 5342 5846
f 5345 5842 5591
f 5098 4841 5595
f 5595 5346 5098
f 5349 5850 5351
f 5352 6109 5841
f 4854 4850 6321
f 4473 4842 6785
f 5350 5603 6110
f 5604 5110 5102
f 5849 5606 5106
f 5348 5353 5848
f 5603 5350 5107
f 6329 5603 5107
f 5353 6326 5848
f 5607 5608 5354
f 6108 5103 6117
f 5853 6322 5605
f 5609 4856 5606
f 4857 4258 5607
f 5607 5354 4857
f 5853 5355 5854
f 5852 4866 4861
f 5355 5858 5854
f 6120 6329 5613
f 5356 5615 5864
f 5861 5362 5361
f 5356 5616 5114
f 5616 5363 5114
f 5356 5114 5357
f 5612 4864 5860
f 5860 4864 5364
f 5614 5367 5617
f 5367 5614 5618
f 5618 5359 5369
f 5360 5369 5359
f 5361 5365 5865
f 5865 5861 5361
f 5362 5619 5622
f 5622 5116 5362
f 5885 4875 4473
f 5615 5621 5868
f 5615 5363 5621
f 5363 5616 5621
f 5364 5869 5860
f 5364 5368 5869
f 5364 5617 5368
f 5367 5618 5369
f 5369 5360 6125
f 5365 5116 5622
f 5622 5865 5365
f 5619 5370 5622
f 6556 6540 4681
f 5620 5623 5867
f 5630 5868 5621
f 5368 5376 5869
f 5882 5622 5370
f 5372 5371 5624
f 5624 5868 5372
f 5372 5868 5630
f 5630 5621 5625
f 5882 5370 5883
f 5627 5638 5883
f 5883 5370 5627
f 5627 5626 5638
f 5373 5626 5627
f 5627 5628 5373
f 5630 5375 5372
f 5625 5639 5630
f 5877 5878 5120
f 5384 5120 5878
f 5883 5638 5648
f 5626 5377 5638
f 5381 5373 5628
f 5371 5378 5624
f 5624 5378 5635
f 5893 5635 5375
f 5893 5375 5630
f 5639 5893 5630
f 5643 5891 5379
f 5637 5644 5633
f 5638 5377 5896
f 5892 5896 5377
f 5892 5377 5380
f 5380 5381 5892
f 5898 5636 5641
f 5641 5636 5642
f 5388 5633 5644
f 5634 5645 5900
f 5649 5648 5638
f 5660 4874 5382
f 6786 5872 6348
f 5651 5639 5640
f 5651 5640 5898
f 5898 5640 5636
f 5644 5905 5388
f 5645 5646 5900
f 5902 5646 5647
f 5647 5385 5902
f 5385 5647 5648
f 5404 4679 5650
f 5386 5904 5639
f 5639 5651 5386
f 5894 5657 5652
f 6144 5643 5653
f 5653 5643 5383
f 5385 5390 5914
f 5914 5902 5385
f 5390 5385 5648
f 5648 5389 5390
f 5658 5389 5649
f 5648 5649 5389
f 5386 5662 5904
f 5651 5656 5386
f 5656 5662 5386
f 5393 4686 5909
f 5399 5657 5894
f 5653 5383 5394
f 5400 5388 5664
f 5912 5906 5654
f 5395 5912 5654
f 5654 5655 5395
f 5395 5655 5396
f 5666 4872 5396
f 6158 5914 5390
f 5397 5390 5658
f 5390 5389 5658
f 5658 5659 5397
f 5663 5909 5398
f 4686 5398 5909
f 5653 5403 5916
f 5653 5394 5403
f 5666 5667 4872
f 4689 5667 5668
f 5390 5659 6158
f 5390 5397 5659
f 5398 5401 5669
f 5398 5669 5663
f 5402 5123 5399
f 5394 5415 5403
f 5664 5409 5400
f 5673 6156 5665
f 5923 5411 4689
f 4689 5668 5923
f 5670 4685 5405
f 5405 5924 5670
f 5671 4685 5670
f 5670 5924 5671
f 5671 5669 5401
f 5671 5406 5672
f 5402 6160 5672
f 5920 5408 5407
f 5408 5920 5916
f 5403 5408 5916
f 5409 5416 5400
f 5675 5926 5674
f 5926 5922 5674
f 5923 5927 5411
f 5125 5411 5927
f 5676 5924 5405
f 5406 5671 5924
f 5924 5676 5406
f 5928 5920 5407
f 5415 5928 5407
f 5677 5416 5410
f 5679 5926 5675
f 5125 5927 5678
f 5678 5679 5125
f 5676 5405 5127
f 5127 5680 5676
f 5928 5415 5937
f 5677 5685 5684
f 5684 5416 5677
f 5679 5418 5125
f 5676 5680 5682
f 5683 5676 5682
f 5683 5406 5676
f 5413 5406 5683
f 5415 5932 5937
f 5684 5146 5416
f 5684 5685 5933
f 5934 5675 5417
f 5934 5689 5675
f 5679 5675 5689
f 5689 5686 5679
f 5686 5419 5679
f 5418 5679 5419
f 5418 5419 5423
f 5681 4912 5412
f 4695 5687 5138
f 5426 5129 5692
f 5127 5129 5426
f 5688 5680 5428
f 5688 5682 5680
f 5420 5683 5682
f 5420 5936 5683
f 5683 5944 5413
f 5132 5413 5944
f 5686 5689 5690
f 5432 5690 5689
f 5945 5422 5686
f 5422 5419 5686
f 5140 4888 5423
f 5427 5692 5425
f 5692 5427 5426
f 5428 5943 5688
f 5421 5938 5932
f 5133 5693 5934
f 5689 5694 5432
f 5432 5433 5690
f 5433 5945 5690
f 5945 4891 5422
f 5434 4888 5140
f 5695 4888 5434
f 4888 5695 5429
f 5951 5425 5136
f 5136 5950 5951
f 5943 5428 5430
f 5420 5943 5430
f 5936 5420 5431
f 5700 4696 5132
f 5433 4891 5945
f 5141 5429 5696
f 5698 5691 5702
f 5950 5136 5436
f 5436 5699 5950
f 5431 5961 5936
f 5147 5701 5693
f 5694 5437 5432
f 5434 5150 5695
f 5702 5703 5439
f 5699 5152 5144
f 5961 5431 5145
f 5145 5706 5961
f 5962 4916 5146
f 5147 5443 5701
f 5970 5695 5150
f 5446 5708 5710
f 5972 5698 5702
f 5702 5713 5972
f 5713 5702 5439
f 5703 5702 5713
f 4913 5441 4717
f 5705 5154 5441
f 5436 5152 5699
f 5974 5701 5443
f 5444 5974 5443
f 5153 5149 5437
f 5150 5696 5970
f 5709 5707 5155
f 5155 5707 5445
f 5445 6176 4719
f 5424 4719 6176
f 5713 5439 5972
f 5448 5439 5703
f 5442 5979 5706
f 5974 5444 6194
f 5446 5710 5711
f 5708 5711 5710
f 5711 5710 5712
f 5972 5439 5985
f 5448 5703 5713
f 5154 5718 4918
f 5708 5446 5447
f 5447 5715 5708
f 5450 5446 5711
f 5708 5715 5711
f 5450 5712 5454
f 5450 5711 5712
f 5713 5717 5448
f 7115 5704 5451
f 5715 5716 5711
f 4916 5989 5158
f 5452 5992 5709
f 5715 5447 5457
f 5717 5986 5448
f 5455 5448 5986
f 5457 5453 5721
f 5721 5715 5457
f 5455 6199 5985
f 5986 5458 5455
f 5460 5722 5723
f 5715 5721 5993
f 5454 5994 5471
f 5469 5458 5986
f 5459 5724 5722
f 5723 6205 5460
f 5463 5158 5989
f 5163 5990 5725
f 5461 5163 5725
f 7372 6853 5995
f 5460 6205 5459
f 5163 6206 5990
f 6206 5163 5461
f 5162 5464 5996
f 5998 5465 5463
f 5170 5169 5472
f 5464 5997 5996
f 5727 5171 5465
f 5465 5998 5727
f 5466 5473 5467
f 5467 5473 5474
f 6199 5726 6216
f 5470 5478 5169
f 5478 5185 5169
f 5472 5169 5185
f 5474 5473 6000
f 5471 6007 5741
f 5470 5475 6001
f 6000 5479 5474
f 6216 5726 5480
f 5730 3940 4138
f 5201 3940 5730
f 6002 5482 5478
f 5731 5728 5481
f 6216 5480 5485
f 6001 5475 5733
f 5734 5731 5481
f 5481 5483 5734
f 5735 6006 5491
f 6003 5733 5487
f 5489 5198 5736
f 5736 5737 5489
f 4948 5739 6425
f 5487 5493 6003
f 5493 5737 6003
f 5495 5208 6004
f 5738 5483 5490
f 6006 5497 5498
f 6006 5498 5491
f 5493 5494 5737
f 5494 5489 5737
f 6004 5208 5500
f 6004 5500 5495
f 5738 5502 5501
f 5502 5738 5490
f 5497 6006 5738
f 5738 5501 5497
f 5220 6888 5732
f 5746 5204 5741
f 5746 5741 6007
f 5221 5211 5742
f 4978 5492 5486
f 6223 5485 5743
f 5745 4973 5221
f 5229 5747 4753
f 5510 5234 5509
f 6429 5231 5511
f 5511 7429 6429
f 6223 5743 5749
f 5745 5244 4990
f 5248 5247 5508
f 5512 6011 5507
f 6228 5513 5746
f 6223 5749 6227
f 5514 5245 5244
f 5747 5748 4753
f 6009 5250 7158
f 5748 5750 5008
f 5005 5008 6225
f 6225 5516 5005
f 5751 6231 5749
f 5752 5521 5518
f 5522 5753 6021
f 5757 5752 5518
f 5521 5752 5755
f 5010 6232 6011
f 6030 5522 6021
f 5754 5519 5761
f 5756 5761 5520
f 5761 5519 5520
f 5757 5518 5758
f 5518 5521 5758
f 5758 5521 5755
f 5766 5758 5755
f 5522 6030 5769
f 5751 5759 6240
f 5523 6022 4562
f 5760 5754 5763
f 5763 5754 5761
f 5762 6027 5756
f 5524 6027 5762
f 5524 5762 5757
f 5758 6024 5757
f 5758 6026 6024
f 5758 5766 6026
f 5017 4562 6022
f 5014 5760 5763
f 5525 5014 5763
f 6027 5524 5261
f 5524 5764 5526
f 6026 5262 5765
f 5262 6026 5766
f 5759 6031 6240
f 5760 5014 5528
f 5525 5763 5767
f 5525 6244 6027
f 5525 5767 6244
f 5262 5766 5527
f 5260 5769 5770
f 6031 5759 5768
f 6031 5768 5771
f 4772 6245 6029
f 5769 5772 5770
f 5264 5770 5772
f 5264 5772 5776
f 5529 5531 5771
f 5267 5774 5530
f 6248 5018 6710
f 5265 5775 4170
f 5019 4170 5775
f 5775 5773 5019
f 5268 5271 6247
f 5531 5269 6477
f 5532 6035 5270
f 6035 5533 5270
f 5534 5535 4357
f 4779 5272 6040
f 6036 4778 6038
f 6041 5778 5779
f 6483 5273 5780
f 5537 6254 5781
f 6254 5537 6255
f 6256 5021 5782
f 6043 5023 6257
f 5781 6257 5274
f 6042 5539 6258
f 5784 5786 4183
f 6258 5277 6956
f 5786 4786 4183
f 6721 5024 6261
f 5278 6044 6261
f 5541 5280 5543
f 5790 5281 4367
f 5791 5788 5542
f 5280 4576 5543
f 6045 5791 5553
f 5553 6049 6045
f 5280 5794 5029
f 5794 5800 5029
f 5551 5808 5552
f 6049 5553 5552
f 5289 5553 6049
f 6049 5797 5289
f 5553 5798 6049
f 5798 5553 5799
f 5029 5800 5799
f 5800 5287 5029
f 5800 5029 5291
f 5291 6050 5800
f 5800 6050 5287
f 5547 5284 5555
f 5801 5556 5548
f 5549 5285 5557
f 5557 6051 5549
f 5804 5803 5795
f 5795 5792 5805
f 5559 6056 5796
f 6056 6498 5796
f 6056 5559 5294
f 5294 5550 6056
f 5550 5294 5286
f 5551 5806 5807
f 6061 5297 5808
f 5551 5807 5808
f 5808 5289 5797
f 6050 5291 5287
f 5287 6050 5292
f 5292 5036 5287
f 6050 5287 5299
f 5299 6274 6050
f 5563 6058 5555
f 6058 5563 5556
f 5801 6058 5556
f 6051 5557 5558
f 5281 5818 5039
f 5296 5560 6060
f 5551 5296 6060
f 5551 6060 5806
f 5297 6061 5806
f 5806 5561 5297
f 6274 5299 5036
f 5036 5810 6274
f 6067 6060 5560
f 6067 5560 5566
f 6060 6071 5566
f 6060 5566 5296
f 5561 6060 5296
f 6279 5810 5300
f 5300 5811 6069
f 6071 6067 5566
f 6072 6073 5565
f 6073 6074 5565
f 5568 5565 6074
f 6074 5813 5568
f 5312 5568 5813
f 5304 5571 6075
f 5572 5312 6076
f 5312 5813 6076
f 6080 6075 5571
f 5304 6289 5310
f 6289 5311 5310
f 5818 5068 5039
f 6077 6078 5815
f 6078 5569 5815
f 6080 5571 6081
f 5311 5816 5314
f 5816 5817 5314
f 5573 6078 6077
f 5819 6078 5574
f 5575 5572 5820
f 5576 6292 6081
f 5821 6082 5577
f 5577 5816 5821
f 5822 6290 5814
f 5068 5818 5825
f 5575 5823 5578
f 5578 5819 5574
f 5575 5820 5823
f 5824 6292 5576
f 5579 5824 5576
f 6082 5579 5577
f 5825 5322 5068
f 5578 5823 5819
f 6082 5824 5579
f 5580 6752 6513
f 5580 6086 6752
f 4822 5322 5828
f 5826 5327 6085
f 6300 5822 5075
f 5582 6518 6086
f 6517 5587 5329
f 6090 6518 5582
f 5331 4824 5828
f 5831 6097 6092
f 5832 5333 5831
f 5831 6092 5832
f 5829 6099 5584
f 5585 5839 5827
f 5827 5833 5585
f 5835 5336 5834
f 5336 5835 6095
f 6089 6101 5336
f 5336 6095 6089
f 5583 5581 5586
f 5331 6105 5095
f 5588 6103 5831
f 5832 5589 5333
f 5340 5590 5837
f 5837 5838 5340
f 5342 5585 5833
f 5833 5846 5342
f 5834 5592 5835
f 5595 5086 6101
f 5086 5336 6101
f 5586 6533 5583
f 6090 6313 6529
f 5588 5843 5844
f 5844 6103 5588
f 5836 5338 5840
f 5837 5590 5594
f 5835 5346 5595
f 6533 5586 5596
f 6313 6090 6110
f 5844 5845 5599
f 5844 5599 5343
f 5343 5589 5844
f 5589 5343 5840
f 5349 5341 5838
f 5346 5592 5345
f 5346 5835 5592
f 5598 5845 5843
f 5845 5598 5599
f 5594 6106 5837
f 5100 5601 6107
f 6307 5602 6532
f 5841 6109 6535
f 5106 5600 5849
f 6106 5850 5349
f 6321 4850 5846
f 5594 5348 5848
f 5104 5351 5850
f 5611 4854 6321
f 6540 6532 5602
f 6109 5605 6322
f 5104 5850 5855
f 5607 6115 5851
f 5608 5607 5851
f 6113 5354 5608
f 5852 4861 5105
f 5609 6326 5353
f 4258 5104 5855
f 5607 4258 5855
f 5856 5857 5608
f 5857 5856 5610
f 5611 6320 5610
f 5856 6119 5360
f 5612 6118 5858
f 5356 5864 5859
f 5612 5860 6118
f 5861 5619 5362
f 5852 5863 4866
f 6120 5613 5620
f 5620 6122 6120
f 5356 5859 5616
f 5861 5865 5866
f 5366 4866 5863
f 5867 6122 5620
f 5615 5868 5864
f 5616 6127 5621
f 5869 6332 5860
f 5622 6126 5866
f 5866 5865 5622
f 5871 5370 5619
f 5867 5623 6786
f 5117 5873 4679
f 5625 5621 6127
f 5376 5632 5869
f 6125 5877 5369
f 5878 5877 6125
f 6126 5622 5882
f 5871 5627 5370
f 6335 5374 5366
f 5623 5872 6786
f 5874 5868 5624
f 5868 5874 6132
f 5632 5631 5869
f 5879 5887 5637
f 5879 5880 5887
f 5881 5882 5647
f 5882 5883 5647
f 5627 5871 5884
f 5884 5628 5627
f 5862 5629 6553
f 5873 5650 4679
f 5625 5640 5639
f 5640 5625 5889
f 5642 5875 5894
f 5894 5875 5886
f 5891 5886 5876
f 5379 5891 5876
f 5876 5631 5379
f 5632 5379 5631
f 5633 5384 5878
f 5633 5879 5637
f 5895 5637 5887
f 5880 5634 5887
f 5645 5634 5880
f 5880 5888 5645
f 5888 5646 5645
f 5881 5646 5888
f 5881 5647 5646
f 5883 5648 5647
f 6133 5381 5628
f 6335 6554 5382
f 6335 5382 5374
f 5885 6159 4875
f 5624 5635 5874
f 6134 5874 5635
f 5893 6134 5635
f 5642 5636 5890
f 5886 5899 5894
f 5886 5891 5899
f 5887 5906 5895
f 5634 5906 5887
f 6133 5892 5381
f 5382 6554 5660
f 5889 5890 5640
f 5636 5640 5890
f 5652 5642 5894
f 5891 6144 5899
f 5643 6144 5891
f 5895 5644 5637
f 5908 5649 5638
f 5908 5638 5896
f 6141 6134 5893
f 5893 5897 6141
f 5893 5904 5897
f 5904 5893 5639
f 6142 5898 5641
f 5641 6143 6142
f 5641 5652 6143
f 5641 5642 5652
f 5644 5895 5905
f 5895 5906 6145
f 5654 5634 5655
f 5654 5906 5634
f 5634 5900 5655
f 5901 5900 5646
f 5901 5646 5902
f 5903 5908 5896
f 6148 5903 5896
f 6553 5629 6149
f 5651 5898 6151
f 6151 5898 6142
f 5652 5657 6143
f 5894 5899 5911
f 5655 5913 5396
f 5902 5907 5901
f 5914 5907 5902
f 5649 5908 5658
f 5904 5662 6150
f 6155 5662 5656
f 6151 5656 5651
f 5910 5393 5909
f 5657 5393 6143
f 5393 5910 6143
f 5399 5894 5911
f 5653 6367 6144
f 5653 6152 6367
f 5905 5664 5388
f 5913 5666 5396
f 5658 5908 5659
f 6155 6150 5662
f 5663 5919 5915
f 5909 5663 5915
f 5916 6152 5653
f 5665 6156 5912
f 5667 5666 6157
f 5668 5667 6157
f 5918 5412 5660
f 5663 5669 5919
f 5672 6160 5919
f 5399 6371 5402
f 5409 5664 5917
f 5917 5925 5409
f 5673 5921 6156
f 5921 5673 5674
f 5674 6157 5921
f 5668 6157 5922
f 5922 5923 5668
f 5918 5681 5412
f 5671 5919 5669
f 5919 5671 5672
f 5925 5410 5409
f 5410 5925 5677
f 5922 6157 5674
f 5926 5923 5922
f 5923 5926 5927
f 5661 5930 6831
f 5925 5929 5677
f 5926 5679 5678
f 5678 5927 5926
f 5929 5685 5677
f 6166 5684 5933
f 5929 5933 5685
f 6602 6369 5424
f 6628 4898 4878
f 5941 5931 6165
f 5683 5936 5944
f 5939 5146 5684
f 5686 5690 5945
f 5935 5947 5940
f 5941 5942 5691
f 5687 5440 5138
f 5688 5420 5682
f 5934 5694 5689
f 5695 5953 5429
f 5946 5956 5697
f 5956 5946 5940
f 5956 5940 5947
f 5948 5941 5691
f 5942 5941 5948
f 5702 5691 5942
f 5144 5951 5950
f 5951 5144 5425
f 5427 5425 5144
f 5943 5420 5688
f 5952 5944 5936
f 5944 5700 5132
f 5693 6180 5934
f 5696 5429 5953
f 5697 5955 5946
f 5956 5946 5955
f 5947 5976 5956
f 5957 5941 5948
f 5948 5698 5957
f 5948 5691 5698
f 5948 5958 5942
f 5942 5958 5702
f 5440 4522 5138
f 5950 5699 5960
f 5950 5699 5144
f 5961 5952 5936
f 5701 5963 5693
f 5694 5934 6180
f 6180 5964 5694
f 5694 5964 5437
f 5971 5696 5953
f 5697 5956 5965
f 5955 5965 5956
f 5965 5956 5976
f 5698 5972 5957
f 7367 5930 5704
f 5959 5966 5705
f 5705 5949 5959
f 5967 5960 5699
f 5699 5950 5967
f 5706 5973 5961
f 5968 4908 5700
f 5969 5437 5964
f 5970 5696 5971
f 5707 6181 5954
f 5955 5697 5710
f 5710 5697 5965
f 5710 5965 5976
f 5958 5977 5713
f 5713 5702 5958
f 7367 5704 7115
f 5440 5441 4913
f 5966 5154 5705
f 5966 5978 5154
f 5973 5706 6391
f 5979 6391 5706
f 5442 4908 5968
f 6393 6194 5153
f 6393 5153 5437
f 5969 6393 5437
f 5709 6399 6181
f 5707 5709 6181
f 5955 5975 5965
f 5712 5710 5976
f 6617 5957 5972
f 5978 5718 5154
f 5442 6191 5979
f 5714 5159 4912
f 5955 5710 5711
f 5976 5988 5712
f 5977 5717 5713
f 5975 5955 5711
f 4898 6203 3936
f 7112 5938 4890
f 5714 6207 5159
f 5975 5711 5716
f 5454 5712 5988
f 6617 5972 5985
f 5982 5989 4916
f 5984 5983 5980
f 5709 5992 6399
f 6860 5165 4918
f 4918 5718 6860
f 6197 6198 5723
f 6198 5981 5723
f 5719 7117 4890
f 5720 5983 5984
f 5716 5715 6631
f 5987 5723 5722
f 5723 5987 6197
f 5719 6639 7117
f 5720 5725 5983
f 5720 6202 5725
f 6202 5991 5725
f 5159 6207 5180
f 5994 5454 5988
f 5722 5724 5987
f 6639 5719 5162
f 5990 5983 5725
f 5461 5725 5991
f 6631 5715 5993
f 5987 5724 5459
f 5459 6205 5987
f 6639 5162 5996
f 5461 5991 6206
f 5172 6864 5992
f 5161 6635 7115
f 4138 5165 5730
f 5463 6210 5998
f 6007 5471 5994
f 6208 5996 5997
f 6214 5727 5998
f 6873 6199 6216
f 6001 5478 5470
f 5473 5728 6000
f 6864 5172 6215
f 6416 5993 5729
f 6001 6002 5478
f 5731 6000 5728
f 5479 6000 5731
f 5729 5732 6416
f 6003 6001 5733
f 6003 6002 6001
f 6003 5482 6002
f 6006 5731 5734
f 6006 5479 5731
f 6006 5735 5479
f 6008 5484 5476
f 5742 5194 5191
f 6003 5736 5482
f 5190 6430 4983
f 6003 5737 5736
f 5734 5483 5738
f 5738 6006 5734
f 5732 6888 6416
f 5485 6431 6216
f 5742 5211 5194
f 6004 6005 5740
f 5739 6426 6425
f 7638 5995 6009
f 6007 5744 5746
f 7645 6219 6428
f 6219 5212 6428
f 4978 5486 6222
f 5739 5499 6426
f 4946 6657 5229
f 5220 6429 6888
f 5221 5742 5745
f 6223 6431 5485
f 6428 5212 6010
f 6426 5499 5507
f 6657 5747 5229
f 5252 4978 6222
f 5745 5514 5244
f 6012 7429 5511
f 6660 5249 6902
f 5255 6433 6012
f 6018 5513 6228
f 5514 6438 5517
f 5516 6433 5255
f 5750 6225 5008
f 6225 6665 5516
f 6665 6433 5516
f 5513 6018 5753
f 6227 5749 6231
f 6231 5751 6019
f 5519 6014 6015
f 5519 5754 6014
f 5520 5519 6015
f 6013 6016 6229
f 5752 5757 6016
f 6017 5755 5752
f 5753 6018 6021
f 5756 5520 6015
f 5756 6229 5762
f 5756 6015 6229
f 6229 6016 5762
f 5762 6016 5757
f 5766 5755 6017
f 6690 7158 5250
f 6019 5751 6240
f 5760 6234 5754
f 5757 6024 5524
f 5761 6235 6023
f 6023 5763 5761
f 6235 5761 5756
f 5756 6242 6235
f 5756 6027 6242
f 6024 6025 5524
f 6025 5764 5524
f 6026 6238 6024
f 6020 5527 5766
f 6234 5760 5528
f 5767 5763 6023
f 6028 5526 5764
f 6239 6026 5765
f 5765 6028 6239
f 5765 5526 6028
f 5772 5769 6030
f 5772 6030 6246
f 5265 5527 6032
f 6032 6474 5265
f 4564 6248 5528
f 5773 6245 4772
f 5531 6476 5771
f 5530 6710 5018
f 5776 5772 6033
f 5776 6033 5532
f 5532 6033 6034
f 3966 5266 6250
f 5532 6034 6035
f 5534 3966 6250
f 6251 6477 5269
f 5020 5536 6037
f 6038 6717 6036
f 5536 4568 6253
f 5777 6040 5272
f 6040 6038 4779
f 6953 6482 5778
f 5778 6041 6953
f 6041 5779 6483
f 6483 6720 6041
f 5781 6254 6954
f 6255 7730 6254
f 5780 6256 6483
f 5782 6485 6256
f 5782 5783 6485
f 5783 6486 6485
f 6487 5784 5538
f 6261 6044 6957
f 5790 4786 6722
f 5540 6489 6956
f 6044 5787 5788
f 5788 6490 6044
f 5541 6263 5280
f 6490 5788 5791
f 5281 5790 6262
f 5791 6045 6490
f 6724 6489 5789
f 5546 5793 6046
f 6264 5798 5799
f 5799 6492 6264
f 6265 6492 5799
f 6724 5789 6054
f 5795 5803 6048
f 5795 5544 5792
f 5795 5545 5544
f 5793 5796 6046
f 5550 5546 6047
f 5808 6273 5552
f 5798 6270 6049
f 6265 5799 5800
f 6493 5547 5555
f 5555 6276 6493
f 5549 6051 5558
f 6052 6053 5802
f 5803 6055 6048
f 5795 6272 5804
f 5795 5805 5545
f 6046 5796 6498
f 6273 5808 5807
f 6061 5808 6273
f 6273 6278 6061
f 5797 6273 5808
f 6057 5292 6050
f 5292 6057 6063
f 6276 5555 6058
f 6052 5802 5809
f 5809 6280 6052
f 6059 5802 6053
f 6059 5809 5802
f 6055 5803 5804
f 5804 6272 6055
f 6060 6277 5807
f 6060 5807 5806
f 6061 6062 5806
f 6062 5561 5806
f 5810 6063 6274
f 6279 6063 5810
f 6063 6279 5292
f 6279 6064 5292
f 6064 5300 5292
f 6059 6280 5809
f 6065 6281 6059
f 6067 6066 6060
f 6060 6277 6068
f 6068 6071 6060
f 6066 6277 6060
f 6062 6277 5561
f 6277 6060 5561
f 5300 6064 6279
f 5300 6064 5562
f 6064 5300 6069
f 5811 5562 6070
f 5811 6070 6069
f 6505 6734 6054
f 6076 5813 6074
f 5304 6075 6079
f 6505 6054 5814
f 6076 6074 6073
f 6079 6284 5304
f 6284 6289 5304
f 6078 6285 5569
f 6285 6072 5569
f 6079 6075 6080
f 6292 6080 6081
f 6289 5821 5311
f 5816 5311 5821
f 5814 6290 6505
f 6285 6078 5819
f 6083 6285 5819
f 5823 6083 5819
f 6083 5823 5820
f 6292 6084 6294
f 6084 6292 5824
f 6082 6084 5824
f 5322 6087 5828
f 5828 6087 6091
f 4846 5328 6102
f 5832 6092 6093
f 5830 5584 6305
f 6302 5830 6305
f 6300 5583 6526
f 6091 6105 5828
f 6105 5331 5828
f 6097 5831 6098
f 5832 6093 6098
f 6305 5584 6099
f 5830 6104 5584
f 5839 6094 5827
f 5833 5827 6094
f 5835 6311 6095
f 6089 6096 6100
f 6100 6101 6089
f 6098 5831 6103
f 5832 6098 6103
f 6103 5589 5832
f 6104 5593 5584
f 6526 5583 6533
f 6102 5847 4846
f 5589 6103 5844
f 5835 5595 6311
f 6101 6311 5595
f 5102 5095 6105
f 5844 5843 5845
f 6099 5841 6535
f 5349 5838 5837
f 5837 6106 5349
f 5596 6108 6533
f 5105 4846 5847
f 6316 6107 5601
f 6106 6112 5850
f 5848 6538 5594
f 6113 6316 5354
f 5601 5354 6316
f 6321 6328 5611
f 6318 6109 6322
f 5853 6114 6322
f 6114 5853 5854
f 6325 5609 5606
f 5606 6111 6325
f 5606 5849 6111
f 5608 5851 6113
f 6116 5857 5610
f 5610 6320 6116
f 5611 6328 6320
f 5604 6331 5110
f 6330 6324 5854
f 6325 6326 5609
f 5607 5855 6115
f 5856 5851 6119
f 5608 6550 5851
f 5851 5856 5608
f 6550 5608 5857
f 5117 5110 6331
f 5858 6118 5854
f 6118 6330 5854
f 6119 6336 5360
f 6785 5885 4473
f 5860 6332 6118
f 6121 5619 5861
f 6125 5360 6336
f 6121 5861 5866
f 6121 6340 5619
f 5366 6333 6335
f 6333 5366 5863
f 5859 5864 5868
f 5868 6123 5859
f 5859 6124 5616
f 6124 6127 5616
f 5878 6125 6336
f 5878 6336 5870
f 6126 6121 5866
f 5871 5619 6340
f 5889 5625 6127
f 5890 6128 5875
f 5875 6344 5886
f 5886 6344 5876
f 5879 6129 5880
f 6126 5882 6131
f 6340 5884 5871
f 5875 5642 5890
f 5870 5633 5878
f 5879 5633 5870
f 5888 5880 6130
f 5888 6130 5881
f 5882 5881 6131
f 5628 5884 6133
f 6556 4681 7066
f 6134 6132 5874
f 6133 6135 5892
f 4878 4875 6159
f 6140 5896 5892
f 5892 6135 6140
f 6137 6138 6139
f 5905 5895 6145
f 6148 5896 6140
f 6149 6801 6553
f 5897 6364 6141
f 6364 5897 5904
f 5899 6366 5911
f 6366 5899 6144
f 5655 5900 5913
f 5900 6146 5913
f 6146 5900 5901
f 6146 5901 5907
f 5907 6147 6146
f 6154 5908 5903
f 6148 6140 5903
f 6348 5661 6831
f 5904 6150 6364
f 5656 6151 6155
f 5917 5664 5905
f 6368 6145 5906
f 5912 6368 5906
f 5666 5913 6153
f 6147 5907 5914
f 6158 6147 5914
f 5659 5908 6154
f 6154 6158 5659
f 5650 6162 5404
f 5919 6160 5909
f 5909 5915 5919
f 5910 5909 6160
f 5911 6371 5399
f 5912 6156 6368
f 5921 5666 6153
f 5666 5921 6157
f 5402 6588 6160
f 5402 6371 6588
f 6152 5916 5920
f 5920 6597 6152
f 6156 6153 6373
f 6153 6156 5921
f 6162 4695 5404
f 6377 5920 5928
f 5925 6166 5929
f 6161 6163 6376
f 6162 5687 4695
f 4878 6842 6628
f 6163 5931 6376
f 6163 6165 5931
f 5928 5937 6377
f 5932 6377 5937
f 5929 6166 5933
f 5935 6167 6164
f 5935 6164 6168
f 5931 6172 6376
f 6169 5941 6165
f 5932 5938 6848
f 5939 5684 6166
f 6167 5935 5940
f 5947 5935 6168
f 6383 6376 6172
f 6172 5941 6383
f 6172 5931 5941
f 6172 6171 6169
f 6169 6171 5941
f 5930 7367 6831
f 6602 5424 6176
f 5940 5946 6167
f 6177 6167 5956
f 5946 5956 6167
f 5941 5957 6383
f 6172 5977 6171
f 5948 5941 6171
f 5959 6612 6173
f 5959 5949 6612
f 5959 6173 6178
f 5939 5962 5146
f 6175 5954 6174
f 6175 6182 5954
f 5958 5948 6171
f 6171 5977 5958
f 6612 5949 6179
f 6178 5966 5959
f 5700 5944 5952
f 5952 6388 5700
f 6388 6185 5700
f 5938 7112 6848
f 5693 5963 6180
f 5970 5953 5695
f 5953 5970 5971
f 6174 5954 6181
f 6182 5707 5954
f 6177 5956 5965
f 5965 7368 6177
f 5441 5440 6183
f 5441 6183 5705
f 6179 5705 6183
f 5949 5705 6179
f 5967 5950 5960
f 6184 6390 5961
f 5961 5973 6184
f 5961 6390 6391
f 5952 5961 6391
f 5968 5700 6185
f 6186 6392 5963
f 5963 5701 6186
f 5964 6180 6393
f 6393 6187 5964
f 6187 5969 5964
f 5707 6182 6188
f 6188 5445 5707
f 6176 5445 6188
f 6190 6184 5973
f 6391 6190 5973
f 6395 6391 5979
f 6186 5701 5974
f 6189 6393 5969
f 6189 6187 6393
f 5969 6187 6189
f 7368 5965 5975
f 5979 6191 6395
f 5442 6192 6191
f 5442 5968 6192
f 6193 6186 5974
f 6398 6193 5974
f 6398 5974 6194
f 6203 4898 6628
f 5985 6199 6617
f 7117 7112 4890
f 6195 5980 5983
f 5716 6631 5975
f 5984 6202 5720
f 6401 6197 5987
f 5981 6200 6201
f 6201 5723 5981
f 5983 6637 6632
f 5723 6201 6205
f 6637 5983 5990
f 5986 5999 5469
f 5987 6205 6204
f 6210 5463 5989
f 5990 6403 6637
f 6403 5990 6206
f 5991 6411 6206
f 5996 6208 6639
f 6418 6408 5997
f 6418 5997 5727
f 5727 6414 6418
f 5727 6646 6414
f 5999 5477 5469
f 6420 6208 5997
f 5997 6408 6420
f 6213 6646 5727
f 5727 6212 6213
f 5727 6214 6212
f 6214 5998 6210
f 6217 6208 6420
f 6214 6218 6212
f 5477 5999 6422
f 5477 6422 5191
f 6425 6886 6215
f 6422 5742 5191
f 6431 7419 6216
f 6004 6656 6655
f 5740 6005 6220
f 6220 6656 5740
f 5486 6221 6222
f 6656 6004 5740
f 6008 6657 4946
f 5507 6889 6426
f 6009 7158 7638
f 6223 6662 6431
f 6889 5507 6011
f 5257 5252 6434
f 7429 6012 6433
f 5746 6440 6228
f 6438 5514 6224
f 6902 5249 5515
f 5263 5258 6226
f 5515 5517 6439
f 6232 6230 6011
f 6015 6441 6229
f 6448 5752 6016
f 6017 5752 6448
f 6449 6231 6019
f 6014 5754 6234
f 6234 6446 6014
f 6020 5766 6017
f 6017 6233 6020
f 6236 6021 6018
f 6018 6460 6236
f 6450 6449 6019
f 6019 6451 6450
f 6451 6019 6240
f 6238 6025 6024
f 6021 6236 6030
f 6457 6451 6240
f 5528 6466 6234
f 6023 6235 6237
f 6237 6235 6242
f 6026 6239 6238
f 5527 6020 6032
f 6232 6029 6927
f 6246 6030 6236
f 5767 6023 6241
f 6241 6244 5767
f 6242 6027 6244
f 6028 5764 6025
f 6025 6238 6028
f 6028 6238 6239
f 6029 6245 6927
f 5017 6944 5267
f 6243 5266 5263
f 5774 5267 6944
f 6466 5528 6248
f 6476 6240 6031
f 6031 5771 6476
f 5265 6249 5775
f 5772 6246 6033
f 6250 5266 6243
f 6477 6476 5531
f 5271 6713 6247
f 6252 6477 6251
f 5271 6036 6717
f 6717 6713 5271
f 5777 5533 6716
f 6715 5020 6037
f 5020 6715 6251
f 5777 6716 6040
f 6039 6253 4568
f 5536 6253 6037
f 6041 6950 6953
f 7730 6952 6254
f 6484 6257 5781
f 6042 7731 6255
f 6042 6258 7731
f 6259 5785 6043
f 5786 5784 6487
f 6259 6260 5785
f 5785 6260 6488
f 6488 5025 5785
f 5786 6722 4786
f 6044 6490 6957
f 5794 5280 6263
f 5546 6046 6726
f 6726 6491 5546
f 6047 5546 6491
f 6270 6490 6045
f 6045 6049 6270
f 6264 6270 5798
f 5794 6263 6266
f 6266 5800 5794
f 5547 6267 5548
f 6262 6502 5281
f 6047 6498 5550
f 6269 5552 6273
f 6269 6049 5552
f 6269 5797 6049
f 6266 6265 5800
f 6724 6054 6734
f 5818 5281 6502
f 6268 6048 6055
f 6055 6271 6268
f 5795 6048 6272
f 6728 6046 6498
f 6498 6056 5550
f 5807 6278 6273
f 6050 6274 6057
f 6057 6275 6063
f 6058 6982 6276
f 6982 6058 5801
f 6053 6501 6059
f 6059 6501 6065
f 6055 6272 6271
f 6061 6278 6062
f 6063 6275 6274
f 6059 6501 6280
f 6501 6059 6281
f 6067 6504 6066
f 5562 6064 6070
f 6064 6069 6070
f 6067 6071 6504
f 6068 6504 6071
f 6282 6076 6073
f 6076 6282 6287
f 6283 6284 6079
f 6285 6286 6072
f 6073 6072 6286
f 6291 5572 6076
f 6286 6282 6073
f 6076 6287 6291
f 6079 6080 6283
f 6080 6284 6283
f 6284 6080 6288
f 6289 6284 6288
f 5820 5572 6291
f 6291 6511 5820
f 6292 6288 6080
f 6082 5821 6289
f 6083 6748 6285
f 6293 6083 5820
f 6511 6293 5820
f 6748 6083 6293
f 6294 6751 6292
f 5825 6087 5322
f 6510 6297 6514
f 6296 6513 6992
f 6996 6290 5822
f 5826 6085 6295
f 5822 6300 6996
f 5328 5826 6299
f 6516 6303 6302
f 6526 6996 6300
f 6757 6518 6090
f 6301 6093 6092
f 6104 6302 6303
f 6104 5830 6302
f 6306 6088 6094
f 6094 6088 6304
f 6304 6309 6094
f 6531 6096 6089
f 6089 6095 6531
f 6528 6531 6096
f 6529 6757 6090
f 6301 6097 6527
f 6097 6301 6092
f 6098 6093 6308
f 6094 5839 6306
f 5833 6094 6309
f 6311 6310 6095
f 6095 6310 6531
f 6100 6096 6531
f 6091 6765 6105
f 6527 6097 6098
f 6098 6308 6527
f 5593 6104 6312
f 6306 5100 6107
f 5100 6306 5839
f 6309 6536 5833
f 6100 6311 6101
f 6312 5600 5593
f 5846 5833 6536
f 6105 6314 5102
f 6108 6537 6533
f 6785 4842 5597
f 6543 6313 6110
f 5604 5102 6314
f 6109 6768 6535
f 5594 6538 6106
f 6315 6112 6106
f 6315 6317 6112
f 6110 5603 6543
f 5105 5847 7023
f 6538 5848 6545
f 6319 5850 6112
f 6113 6550 6316
f 7023 6552 5105
f 6543 5603 6329
f 7026 6322 6114
f 6544 6771 6114
f 5854 6323 6114
f 6323 6544 6114
f 6323 5854 6324
f 6324 6111 6323
f 6324 6325 6111
f 6325 6324 6547
f 6545 5848 6326
f 5855 6319 6327
f 6319 5855 5850
f 6115 6550 5851
f 6550 6113 5851
f 5857 6116 6550
f 6108 5862 6781
f 6117 5862 6108
f 5105 6552 5852
f 6327 6115 5855
f 6119 5851 6550
f 6120 6776 6329
f 6330 6118 6551
f 6784 6776 6120
f 6122 6784 6120
f 6118 6332 6551
f 5873 5117 6557
f 5117 6331 6557
f 6333 5863 5852
f 5867 6786 6122
f 6336 6334 6338
f 6123 6124 5859
f 6337 6559 5631
f 5869 5631 6559
f 6332 5869 6559
f 6338 5870 6336
f 6129 5879 6793
f 6126 6340 6121
f 6123 6341 6124
f 6123 5868 6341
f 6124 6342 6127
f 5889 6127 6342
f 6342 6343 5889
f 5890 5889 6343
f 6343 6128 5890
f 5875 6128 6792
f 6344 6337 5876
f 5631 5876 6337
f 5870 6339 5879
f 6339 6793 5879
f 6129 6130 5880
f 5881 6130 6345
f 6131 5881 6345
f 6345 6346 6131
f 6126 6346 6340
f 6126 6131 6346
f 6347 5884 6340
f 6348 6791 6786
f 6341 5868 6132
f 6133 5884 6350
f 6554 6563 5660
f 6352 6349 6353
f 6353 6132 6134
f 6134 6358 6353
f 6135 6133 6350
f 6350 6354 6135
f 6354 6350 6351
f 6351 6137 6354
f 6137 6351 6138
f 6572 6352 6356
f 6352 6136 6356
f 6357 6136 6352
f 6357 6352 6353
f 6357 6353 6358
f 6360 6140 6135
f 6135 6359 6360
f 6359 6135 6354
f 6137 6359 6354
f 6139 6138 6355
f 6358 6134 6578
f 6141 6578 6134
f 6137 6361 6359
f 6361 6137 6139
f 7326 6348 6831
f 6578 6141 6364
f 6583 6365 6151
f 6583 6151 6142
f 6142 6362 6583
f 6362 6142 6143
f 6584 5913 6146
f 6146 6585 6584
f 6585 6146 6147
f 6147 6363 6585
f 6579 6154 5903
f 6579 5903 6140
f 6140 6360 6579
f 6150 6365 6364
f 6155 6365 6150
f 6365 6155 6151
f 6362 5910 6588
f 5910 6362 6143
f 6144 6367 6366
f 6836 6367 6152
f 5917 5905 6594
f 5905 6589 6594
f 6589 5905 6145
f 6145 6368 6589
f 6584 6373 6153
f 6153 5913 6584
f 6158 6363 6147
f 6363 6158 6154
f 6154 6579 6363
f 5910 6160 6588
f 6366 6371 5911
f 6832 6368 6156
f 6801 6149 6369
f 6152 6597 6836
f 6372 5925 5917
f 6832 6156 6373
f 6159 6842 4878
f 6378 5925 6372
f 6374 6163 6161
f 6597 5920 6377
f 6378 6166 5925
f 6599 6379 6375
f 6374 6161 6376
f 6374 6381 6163
f 6378 6380 6166
f 6164 6599 6168
f 6164 6379 6599
f 6163 6381 6165
f 6380 5939 6166
f 6379 6164 6167
f 6167 7106 6379
f 6381 6614 6169
f 6614 6172 6169
f 6381 6169 6165
f 7113 4912 5681
f 5947 6168 5976
f 6170 6173 6612
f 6173 6608 6178
f 6604 6382 6175
f 6382 6182 6175
f 6167 6177 7106
f 6177 7368 7106
f 5977 6172 6614
f 6179 6183 6612
f 6384 6385 6387
f 6174 6387 6385
f 5957 6617 6383
f 6178 6386 5966
f 6180 5963 6392
f 6174 6181 6387
f 6391 6388 5952
f 6180 6392 6393
f 6181 6394 6387
f 7113 5714 4912
f 6190 6390 6184
f 6390 6190 6391
f 6395 6388 6391
f 6185 6396 5968
f 6393 6392 6194
f 6394 6181 6399
f 6192 5968 6396
f 4916 5962 5982
f 6397 6626 6186
f 6193 6397 6186
f 6398 6397 6193
f 5975 7371 7368
f 6196 5717 5977
f 6402 5980 6195
f 6400 6198 6197
f 6198 6200 5981
f 5984 5980 6402
f 6402 6195 6859
f 7371 5975 6631
f 6199 6873 6617
f 6196 5986 5717
f 6401 6400 6197
f 6632 6859 6195
f 6195 5983 6632
f 6202 5984 6402
f 6401 6204 6636
f 6401 5987 6204
f 5988 6404 5994
f 6209 6210 5989
f 6411 5991 6202
f 6204 6641 6405
f 6204 6205 6406
f 6406 6641 6204
f 6208 6871 6639
f 6403 6206 6409
f 6410 6409 6206
f 6410 6206 6411
f 6412 6410 6411
f 6207 6415 5180
f 5993 8097 6631
f 5190 3936 6203
f 6407 6413 6408
f 6644 6414 6646
f 5993 6416 8097
f 6208 6217 6871
f 6413 6417 6408
f 6420 6408 6418
f 6417 6420 6418
f 6418 6414 6213
f 6213 6876 6646
f 6209 6218 6210
f 6218 6214 6210
f 5476 5180 6415
f 6417 6419 6420
f 6419 6417 6418
f 6419 6418 6213
f 6651 6419 6213
f 6213 6212 6651
f 6216 7419 6873
f 6211 7138 7397
f 5730 6221 5201
f 5994 6427 6007
f 5486 5201 6221
f 6421 6008 5476
f 6211 6219 7138
f 6004 6655 6423
f 6005 6004 6423
f 6423 6424 6005
f 6220 6005 6424
f 7138 6219 7645
f 6007 6427 5744
f 6657 6008 7150
f 6427 6659 5744
f 6430 5258 4983
f 6428 6010 7422
f 6222 6434 5252
f 6432 5746 5744
f 6432 5744 6659
f 5514 5745 6895
f 6660 7422 6010
f 6435 6440 5746
f 6435 5746 6432
f 5748 5747 6664
f 6662 6223 6436
f 6227 6436 6223
f 5523 5257 6434
f 6436 6227 6686
f 6439 5517 6438
f 6444 6228 6440
f 6675 6686 6227
f 6681 6013 6229
f 6229 6441 6681
f 6016 6013 6681
f 6228 6443 6018
f 6443 6228 6444
f 6226 6694 5263
f 6675 6227 6445
f 6676 6437 6451
f 6014 6447 6015
f 6015 6447 6441
f 6016 6681 6448
f 6683 6454 6671
f 6677 6018 6443
f 6445 6227 6231
f 6231 6455 6445
f 6449 6455 6231
f 6670 6456 6449
f 6437 6670 6449
f 6449 6450 6437
f 6451 6437 6450
f 6014 6446 6447
f 6017 6448 6452
f 6452 6233 6017
f 6232 6927 6230
f 6453 6459 6683
f 6454 6236 6671
f 6442 6671 6236
f 6236 6460 6442
f 6460 6462 6442
f 6018 6462 6460
f 6462 6018 6677
f 6465 6455 6449
f 6465 6449 6450
f 6450 6449 6456
f 6456 6464 6450
f 6676 6451 6457
f 6457 6458 6676
f 6692 6676 6458
f 6467 6020 6233
f 6459 6454 6683
f 6461 6462 6460
f 6455 6465 6463
f 6465 6450 6464
f 6465 6464 6463
f 6446 6234 6466
f 6241 6023 6237
f 6237 6242 6241
f 6032 6020 6467
f 6454 6459 6468
f 6468 6246 6454
f 6236 6454 6246
f 6460 6473 6461
f 6473 6460 6462
f 6240 6701 6457
f 6244 6241 6242
f 6467 6474 6032
f 6468 6469 6246
f 6469 6472 6246
f 6471 6463 6701
f 6240 6471 6701
f 6470 6475 6472
f 6475 6470 6473
f 6240 6476 6471
f 6248 6710 6466
f 5265 6474 6249
f 6033 6246 6472
f 6033 6472 6475
f 6471 6476 6705
f 5774 6710 5530
f 5775 6249 6711
f 6711 5773 5775
f 6475 6034 6033
f 6712 6476 6477
f 6478 5533 6035
f 5535 5534 6479
f 6479 6480 5535
f 6039 5535 6480
f 6038 6040 6481
f 6950 6041 6720
f 6254 6952 6954
f 7219 6483 6256
f 6043 6257 6484
f 6255 7731 7730
f 7733 7731 6258
f 6486 6721 7734
f 7487 6258 6956
f 7222 6721 6261
f 6261 6957 7222
f 5025 6723 5541
f 7223 6956 6489
f 5790 6722 6262
f 6263 5541 6723
f 6491 6725 6047
f 6270 6495 6490
f 6495 6270 6264
f 6264 6492 6495
f 6493 6267 5547
f 6726 6046 6728
f 6498 6047 6725
f 6269 6273 6730
f 6730 5797 6269
f 6265 6266 6492
f 6276 7248 6493
f 5801 5548 6494
f 6494 6982 5801
f 6268 6271 6497
f 6048 6268 6497
f 6497 6272 6048
f 6273 5797 6730
f 6057 6274 6732
f 6732 6275 6057
f 7248 6276 6982
f 6280 6053 6052
f 6280 6496 6053
f 6501 6053 6496
f 6497 6271 6272
f 6062 5807 6277
f 6062 6278 5807
f 6275 6732 6274
f 6275 6737 6732
f 6275 6503 6279
f 6279 6737 6275
f 6280 6501 6496
f 6281 6065 6501
f 6502 6506 5818
f 6066 6504 6739
f 6066 6739 6277
f 6277 6739 6068
f 6279 6503 6737
f 6739 6504 6068
f 6506 6507 5818
f 5825 5818 6507
f 6286 6285 6742
f 6291 6287 6743
f 6282 6286 6743
f 6287 6282 6743
f 6508 6745 6288
f 6289 6288 6745
f 6745 6747 6289
f 7505 6505 6290
f 6291 6743 6515
f 6292 6508 6288
f 6747 6082 6289
f 6748 6742 6285
f 6751 6508 6292
f 6082 6509 6084
f 6087 5825 6993
f 6748 6293 6510
f 6510 6293 6511
f 6512 6751 6294
f 6294 6084 6509
f 6509 6512 6294
f 6520 6297 6510
f 6511 6515 6520
f 6520 6510 6511
f 6296 6754 6517
f 6753 6514 6297
f 6290 6996 6749
f 6086 7265 6752
f 6753 6297 6516
f 6753 6516 6520
f 6518 7265 6086
f 6520 6516 6297
f 6520 6516 6519
f 6755 6512 6524
f 6512 6522 6524
f 6102 5328 6299
f 7525 5587 6517
f 6516 6520 6303
f 6519 6303 6520
f 6520 6521 6303
f 6088 6524 6304
f 6516 6302 6519
f 6306 6761 6755
f 6306 6755 6524
f 6524 6088 6306
f 6525 6528 6096
f 6301 6759 6523
f 6093 6301 6523
f 6523 6760 6093
f 6760 6527 6093
f 6530 6104 6303
f 6524 6309 6304
f 6096 6531 6762
f 6762 6525 6096
f 6997 6756 6307
f 7530 5597 5587
f 6527 6759 6301
f 6093 6527 6308
f 6305 7001 6302
f 6104 6530 6312
f 6306 6107 6761
f 6531 6310 6100
f 6305 6099 7001
f 6311 6100 6310
f 6102 6534 5847
f 6529 6313 7006
f 6314 6105 6765
f 7001 6099 6535
f 6313 6543 7006
f 5600 6312 7010
f 6767 6317 6106
f 6317 6315 6106
f 6107 6316 6766
f 7010 5849 5600
f 7010 6541 5849
f 6767 6106 6538
f 6539 6321 5846
f 5846 6536 6539
f 5597 8212 6785
f 6317 7011 6112
f 6768 6109 6318
f 7026 6318 6322
f 6114 6771 7026
f 6323 6541 6544
f 5849 6541 6778
f 6111 5849 6778
f 6323 6777 6541
f 6111 6778 7020
f 7011 6319 6112
f 6316 6550 6542
f 6116 6770 6549
f 6320 6775 6116
f 6328 6775 6320
f 6775 6328 6321
f 6108 6781 6537
f 6323 6111 6777
f 6546 6111 7020
f 6777 6111 6546
f 6547 6324 6546
f 6547 6546 7020
f 6547 6545 6326
f 6327 6548 6115
f 6548 6550 6115
f 6779 6542 6548
f 6550 6548 6542
f 6550 6549 6548
f 6549 6550 6116
f 6543 6329 6776
f 6324 6330 6546
f 6551 6547 6330
f 6547 6546 6330
f 6547 6326 6325
f 6548 6119 6550
f 6788 6119 6548
f 6552 6333 5852
f 6784 6122 6786
f 6557 6331 6789
f 6551 6332 6787
f 6788 6334 6119
f 6334 6336 6119
f 6781 5862 6553
f 6335 7035 6554
f 7035 6335 6333
f 7069 5885 6785
f 6332 6559 6787
f 7038 6558 6792
f 5875 6792 6558
f 6344 5875 6558
f 5870 6338 6560
f 6339 5870 6560
f 6793 6555 6129
f 6555 6561 6129
f 6561 6130 6129
f 6130 6561 6562
f 6342 6795 6343
f 6795 6128 6343
f 6345 6130 6562
f 6159 5885 7069
f 6341 6132 6797
f 6341 6564 6124
f 6342 6124 6564
f 6345 6799 6346
f 6340 6346 6799
f 6799 6347 6340
f 6565 5884 6347
f 6348 7326 6791
f 6802 6803 6349
f 6797 6132 6353
f 6353 6349 6797
f 6349 6803 6797
f 6350 5884 6565
f 6350 6807 6351
f 6351 6807 6568
f 5873 6581 5650
f 6566 6571 6570
f 6566 6572 6571
f 6572 6566 6567
f 6352 6572 6567
f 6567 6802 6352
f 6349 6352 6802
f 6568 6138 6351
f 6355 6138 6568
f 6355 6568 6569
f 6569 6573 6355
f 6571 6572 6818
f 6819 6818 6572
f 6356 6819 6572
f 6575 6357 6358
f 6358 6804 6575
f 6576 6360 6359
f 6814 6139 6355
f 6355 6577 6814
f 6577 6355 6573
f 6820 6819 6356
f 6356 6136 6820
f 6820 6136 6357
f 6357 6575 6820
f 6578 6804 6358
f 6811 6804 6578
f 6586 6579 6360
f 6360 6576 6586
f 6359 6361 6813
f 6813 6576 6359
f 6813 6361 6139
f 6139 6814 6813
f 6162 5650 6581
f 6811 6578 6364
f 6811 6364 6365
f 6365 6582 6811
f 6582 6365 6583
f 6363 6826 6585
f 6363 6586 6826
f 6586 6363 6579
f 6588 6592 6362
f 6593 6366 6367
f 6367 6836 6593
f 6368 7086 6589
f 6832 6373 6584
f 6595 6838 6580
f 6835 6590 6591
f 6591 6370 6835
f 6835 6587 6590
f 6371 6592 6588
f 6371 6593 6592
f 6593 6371 6366
f 6372 5917 6594
f 7086 6368 6832
f 6833 6801 6369
f 6375 6838 6595
f 6835 6370 7093
f 6835 6596 6590
f 6370 6591 6590
f 6590 6596 6370
f 6838 6375 6598
f 6375 6595 6599
f 7093 6370 6374
f 6596 6374 6370
f 6374 6376 7093
f 6596 6381 6374
f 6375 6379 6598
f 6379 7090 6598
f 7098 7093 6376
f 6377 7100 6597
f 6369 6602 6833
f 6382 6604 6600
f 6382 6601 6610
f 6382 6600 6601
f 7090 6379 7106
f 7098 6376 6383
f 6614 6381 6605
f 5687 6606 5440
f 6170 6612 6603
f 6607 6170 6603
f 6377 5932 6848
f 6610 6182 6382
f 5976 6168 7110
f 6606 6611 5440
f 6607 6173 6170
f 6173 6607 6608
f 6608 6609 6178
f 6386 6178 6609
f 6613 6174 6385
f 6175 6174 6613
f 6613 6604 6175
f 6610 6188 6182
f 6176 6615 6602
f 7120 5976 7110
f 5440 6611 6183
f 6849 6384 6387
f 6176 6188 6615
f 5966 6386 6616
f 6387 7109 6849
f 6618 5977 6614
f 6616 6624 5966
f 6619 6390 6389
f 6619 6620 6390
f 7109 6387 6394
f 6394 6852 7109
f 5988 5976 7120
f 5978 5966 6624
f 6389 6390 7111
f 7111 6619 6389
f 6620 7111 6390
f 6185 6388 6395
f 6395 6621 6185
f 6185 6621 6396
f 6398 6194 6392
f 6191 6621 6395
f 6621 6854 6396
f 6186 6626 6623
f 6623 6397 6186
f 6392 6186 6397
f 6398 6392 6397
f 6399 7623 6852
f 6852 6394 6399
f 5718 5978 6624
f 6191 6192 6621
f 6396 6625 6192
f 6396 6857 6625
f 7118 6622 6623
f 6626 7118 6623
f 6397 6623 6627
f 6627 6626 6397
f 6860 5718 6624
f 6629 6198 6400
f 6400 6858 6629
f 6200 6198 6629
f 6629 6858 6200
f 6402 6859 6630
f 6399 5992 6634
f 6858 6400 6401
f 6401 7127 6858
f 6862 6200 6858
f 6862 6201 6200
f 6865 5989 5982
f 6202 6402 6633
f 6635 7126 7115
f 5165 6860 5730
f 6643 6205 6201
f 6201 6862 6643
f 6632 6637 6863
f 5999 5986 6196
f 6405 6642 6204
f 6636 6642 6638
f 6636 6204 6642
f 6643 6406 6205
f 6639 7399 7117
f 6403 6870 6637
f 6866 6409 6640
f 6202 6640 6409
f 6411 6202 6409
f 6641 6406 6642
f 6642 6405 6641
f 6642 6406 6638
f 6638 6406 6643
f 6407 6408 6868
f 6403 6409 6866
f 6870 6403 6866
f 6410 6866 6409
f 6411 6409 6412
f 5995 8313 7372
f 6635 6211 7397
f 6868 6408 6645
f 6644 6645 6414
f 6410 6412 6866
f 6649 6647 6413
f 6647 6417 6413
f 6647 6875 6645
f 6408 6417 6647
f 6647 6645 6408
f 6645 6875 6648
f 6648 6213 6414
f 6414 6645 6648
f 6876 6213 6648
f 7876 6864 6215
f 6650 6651 6648
f 6651 6876 6648
f 6874 6422 5999
f 6221 5730 6652
f 6653 6217 6420
f 6420 6419 6654
f 6653 6420 6654
f 6884 6654 6419
f 6884 6419 6651
f 6885 6884 6651
f 6212 6882 6651
f 6882 6212 6218
f 6416 7634 8097
f 6416 6888 7634
f 6425 6426 6886
f 7150 6008 6421
f 6656 6220 6887
f 7645 6428 7149
f 6891 7419 6431
f 6895 5745 6658
f 7429 7905 6429
f 6891 6431 6662
f 6661 6664 5747
f 6433 7670 7429
f 6668 6911 6662
f 6662 6436 6668
f 6663 6892 6669
f 6011 6230 6889
f 6667 6440 6435
f 7163 6663 6670
f 5750 5748 6664
f 6666 6904 6671
f 6896 6666 6672
f 6667 6679 6673
f 6673 6440 6667
f 6679 6667 6435
f 6911 6668 6674
f 6668 6436 6674
f 6663 6669 6675
f 6675 6670 6663
f 6670 6437 7163
f 6676 7163 6437
f 6901 7163 6676
f 6676 7177 6901
f 6439 7187 5515
f 6902 5515 7187
f 6672 6666 6677
f 6672 6444 6896
f 6444 6678 6896
f 6689 6444 6440
f 6440 6673 6689
f 6674 6436 6907
f 6907 6436 6686
f 6917 6686 6669
f 6907 6917 6669
f 6675 6669 6686
f 7177 6676 7179
f 6914 6682 6683
f 6914 6683 6904
f 6904 6683 6671
f 6671 6442 6666
f 6677 6666 6442
f 6677 6443 6672
f 6678 6672 6443
f 6678 6444 6672
f 6684 6444 6689
f 6919 6673 6679
f 6924 6907 6686
f 6686 6685 6924
f 6686 6691 6685
f 6691 6686 6917
f 6670 6675 6445
f 6687 7179 6676
f 7179 6687 6918
f 6922 6681 6441
f 6681 6922 6448
f 6444 6684 6443
f 6688 6678 6443
f 7944 7158 6690
f 6691 6917 6925
f 6695 6691 6925
f 6670 6445 6456
f 6676 6692 6687
f 6918 6687 6692
f 6692 6921 6918
f 6926 6441 6447
f 6926 6922 6441
f 6922 6930 6448
f 6930 6452 6448
f 6697 6453 6682
f 6682 6453 6683
f 6677 6442 6462
f 6443 6698 6693
f 6684 6688 6698
f 6443 6684 6698
f 6693 6688 6443
f 6688 6684 6689
f 6695 6685 6691
f 6456 6445 6455
f 6921 6692 7463
f 6446 6696 6447
f 6696 6926 6447
f 6452 6467 6233
f 6453 6697 6459
f 6694 6243 5263
f 6463 6456 6455
f 6456 6463 6464
f 6692 6458 6929
f 6696 6446 6466
f 6462 6461 6473
f 6693 6698 6688
f 6701 6929 6457
f 6458 6457 6929
f 5017 6022 6702
f 6706 6467 6452
f 6467 6706 6474
f 6468 6459 6703
f 6703 6469 6468
f 6699 6700 6704
f 6463 6471 6705
f 6701 6463 6705
f 5017 6702 6944
f 6469 6707 6472
f 6470 6472 6707
f 6473 6470 6707
f 6475 6473 6707
f 6710 7208 6466
f 6708 6946 6475
f 6708 6709 6946
f 7702 6690 6247
f 6704 6705 6712
f 6034 6475 6946
f 6243 7212 6250
f 6712 6705 6476
f 6946 6714 6034
f 6477 7211 6712
f 6034 6714 6035
f 6713 7477 6247
f 7212 6479 6250
f 6477 6252 7211
f 6714 6478 6035
f 5534 6250 6479
f 6478 6948 5533
f 6716 5533 6948
f 6037 7217 6715
f 6040 6716 6719
f 6480 6718 6039
f 6037 6253 7217
f 6481 6040 6719
f 6253 6039 6718
f 6482 6953 5538
f 6955 5781 6954
f 6955 6484 5781
f 7219 6256 6485
f 6486 7734 6485
f 5786 6958 6722
f 5025 6488 6723
f 7489 7223 6489
f 6723 6981 6263
f 6968 6491 6726
f 6961 6490 6495
f 6266 6263 6981
f 6267 6494 5548
f 6495 6730 6961
f 6979 6495 6492
f 6492 7246 6979
f 6266 6731 7246
f 7246 6492 6266
f 6731 6266 6981
f 6267 6493 7248
f 6976 6728 6498
f 6729 6730 6499
f 6731 6732 6980
f 6731 6500 6732
f 6500 6733 6732
f 6735 6736 6729
f 6729 6738 6735
f 6732 6733 6985
f 6985 6275 6732
f 6733 6732 6737
f 6503 6275 6740
f 6275 6985 6740
f 6735 6738 6739
f 6737 6503 6740
f 6741 6986 6740
f 6734 6505 7505
f 6742 6988 6286
f 6743 6286 6988
f 6744 6745 6508
f 6515 6511 6291
f 6743 6989 6515
f 6746 6744 6508
f 6290 7761 7505
f 6507 6993 5825
f 6751 6746 6508
f 6747 6509 6082
f 6748 6510 6750
f 6754 6296 6992
f 6513 7765 6992
f 7765 6513 6752
f 6514 6753 6750
f 6510 6514 6750
f 6512 6755 6751
f 5826 7264 6299
f 7264 5826 6295
f 8005 6295 6298
f 6752 8007 7765
f 6752 7265 8007
f 6515 6521 6520
f 6995 6751 6755
f 6509 6522 6512
f 7266 6753 6520
f 7266 6520 6303
f 6303 7267 7266
f 6522 6763 6524
f 7525 7530 5587
f 6518 6757 7265
f 6519 7000 7267
f 7267 6303 6519
f 6303 6521 6530
f 6761 6995 6755
f 6087 6758 7003
f 7003 6091 6087
f 6523 6759 6760
f 7000 6519 6302
f 6524 6763 6309
f 6531 6764 6762
f 6762 6764 6525
f 6764 6528 6525
f 6526 7269 6996
f 6759 6527 6760
f 7000 6302 7001
f 6536 6309 6763
f 6764 6531 6528
f 6307 6532 6997
f 6757 6529 6999
f 6529 7006 6999
f 7007 7010 6312
f 6526 6533 7269
f 6535 7279 7001
f 7005 5847 6534
f 7282 7006 6543
f 6767 7011 6317
f 6533 6537 7269
f 7005 7023 5847
f 7279 6535 6768
f 6772 6541 7010
f 6767 6538 6769
f 6774 7012 6770
f 7012 6766 6770
f 6766 6316 6770
f 6539 6536 7018
f 7287 7269 6537
f 6540 8025 6532
f 5604 6314 7031
f 6772 6771 6544
f 6538 6545 6769
f 6774 6770 6316
f 6774 6316 6542
f 7022 6770 6116
f 7022 6116 6775
f 6539 7028 6321
f 5604 7031 6331
f 6768 7025 7009
f 6318 7026 6768
f 6541 6772 6544
f 6778 6541 6773
f 6541 6777 6773
f 6778 6773 7013
f 6778 7013 7020
f 6773 6777 6782
f 6327 6319 7021
f 6774 6779 7021
f 6779 6774 6542
f 6779 6549 6780
f 6780 6549 6770
f 6321 7028 6775
f 7287 6537 6781
f 7307 6785 8212
f 6777 6546 6782
f 6546 6547 6782
f 6545 6547 7020
f 6783 6548 6327
f 6783 6327 7021
f 6783 7021 6779
f 6779 6548 6549
f 6782 6547 6551
f 6551 7291 6782
f 6548 6783 6788
f 6552 7034 7035
f 6551 6787 7291
f 7035 6333 6552
f 8025 6540 6556
f 6334 6788 6790
f 7296 6781 6553
f 6338 6334 6790
f 6553 7300 7296
f 6559 7043 6787
f 6338 6790 6560
f 6793 7298 6555
f 6128 6794 6792
f 6344 6558 7041
f 6337 6344 7041
f 6559 6337 7043
f 6560 7044 6339
f 6793 6339 7045
f 6795 6794 6128
f 6561 6798 6562
f 6345 6562 6798
f 6553 6801 7300
f 5873 6557 6581
f 6564 6795 6342
f 6798 6799 6345
f 7054 7330 6566
f 7330 6796 6566
f 6567 6566 6796
f 6567 6796 7055
f 6802 6567 7055
f 7055 6810 6802
f 6803 6804 6797
f 6341 6797 6804
f 6804 6805 6341
f 6564 6341 6805
f 7056 6564 6805
f 6795 6564 7056
f 6798 6812 6799
f 6347 6799 6806
f 7059 6568 6807
f 6569 6568 6800
f 6568 7059 6800
f 6573 6569 7060
f 6573 7060 6808
f 7054 6570 6809
f 6566 6570 7054
f 6803 6802 6810
f 6810 6575 6803
f 6804 6803 6575
f 6805 6804 6811
f 6806 6799 6812
f 6347 6806 6586
f 6565 6347 6586
f 6586 6576 6565
f 6350 6565 6576
f 6807 6350 6576
f 6576 6813 6807
f 6807 6813 6814
f 6814 7059 6807
f 6821 7059 6814
f 6808 6574 6573
f 6574 6808 6815
f 5918 5660 6563
f 6809 6817 7080
f 6809 6570 6817
f 6817 6570 6571
f 6571 6818 6817
f 6819 6820 6810
f 6575 6810 6820
f 6812 6826 6806
f 6821 6814 6577
f 6577 6573 6574
f 6574 7084 6577
f 6574 6822 7084
f 6822 6574 6815
f 6822 6815 7063
f 6834 6823 6816
f 6811 6582 6805
f 6582 7056 6805
f 6582 7057 7056
f 7057 6582 6583
f 7057 6583 7072
f 6584 7058 7083
f 7058 6584 6585
f 6585 6826 7058
f 6826 6586 6806
f 6801 6833 7076
f 6828 6827 6823
f 6828 6823 6834
f 6829 6830 6587
f 6587 6835 6829
f 6829 6824 6825
f 6829 6825 6830
f 6362 7072 6583
f 6362 7082 7072
f 6592 7082 6362
f 7339 6832 6584
f 6584 7083 7339
f 6835 6824 6829
f 6593 7349 6592
f 6837 6594 6589
f 6589 7086 6837
f 7338 7086 6832
f 6828 6580 6838
f 6595 6580 6828
f 6595 6828 6834
f 7093 6824 6835
f 6830 6839 6590
f 6839 6835 6590
f 6830 6590 6587
f 6581 6840 6162
f 6837 6372 6594
f 7615 5681 5918
f 6839 6596 6835
f 6597 7088 6836
f 6378 6372 6837
f 6598 7090 6838
f 6599 6595 6841
f 6842 6159 7092
f 6381 6596 6839
f 6162 6840 6606
f 7100 7088 6597
f 6168 6599 6841
f 6841 7110 6168
f 6839 6605 6381
f 6606 5687 6162
f 6843 7095 6603
f 6833 6602 7102
f 6843 6612 6611
f 6603 6612 6843
f 7095 6607 6603
f 7095 6844 6607
f 6604 6845 7105
f 6600 6604 7105
f 6602 6615 6846
f 6183 6611 6612
f 6607 6844 6608
f 6608 6844 6609
f 6377 6848 7100
f 6850 5939 6380
f 6384 6845 6385
f 6845 6613 6385
f 6604 6613 6845
f 6383 7846 7098
f 6614 6605 6847
f 7350 6831 7367
f 6386 6609 7107
f 6610 6615 6188
f 6616 7107 7366
f 7107 6616 6386
f 5962 5939 6850
f 7851 7091 6853
f 7846 6383 6617
f 6616 6851 6624
f 5982 5962 7381
f 6196 5977 6618
f 6854 6856 6396
f 6855 6623 6622
f 6625 6621 6192
f 6625 6854 6621
f 6856 6857 6396
f 6622 7118 7374
f 6855 6627 6623
f 6617 7624 7846
f 6860 6624 7378
f 6857 7375 6625
f 6857 6856 7116
f 7119 7118 6626
f 6626 6627 7119
f 6399 6634 7623
f 7120 6404 5988
f 7624 6617 6873
f 6861 6862 6858
f 6632 7129 6859
f 6633 6402 6630
f 7399 7128 7117
f 7129 6632 6863
f 7127 6401 6636
f 6640 6202 6633
f 6633 7134 6640
f 6864 6634 5992
f 6631 8097 7371
f 6873 7882 7624
f 6636 6638 6867
f 6867 7127 6636
f 6862 7135 6643
f 6637 7133 6863
f 6870 6640 7134
f 6640 6870 6866
f 6880 5190 6203
f 6196 6874 5999
f 6635 7397 7126
f 6643 6867 6638
f 6877 6209 5989
f 5989 6865 6877
f 7133 6637 6869
f 6870 6869 6637
f 7134 6869 6870
f 6866 6412 6409
f 6639 6871 7399
f 7140 6871 6413
f 7140 6413 6868
f 6407 6868 6413
f 6868 6872 7140
f 6868 6645 6872
f 7137 6872 6644
f 6872 6645 6644
f 6644 6646 7137
f 6217 7136 6871
f 6649 6413 6871
f 6875 7140 6872
f 7137 6646 6876
f 6209 6877 6218
f 6415 6421 5476
f 6217 6881 7136
f 6879 6875 6647
f 6647 6649 6879
f 6875 6879 6650
f 6648 6875 6650
f 6876 6651 7143
f 6882 6218 6877
f 7145 6878 6653
f 6881 6217 6653
f 6878 6881 6653
f 6878 6879 6649
f 6885 6651 6650
f 7143 6651 6885
f 6882 6885 6651
f 5190 6880 6430
f 7882 6873 7419
f 7145 6653 6654
f 6654 6883 7145
f 6883 6654 6884
f 6423 6883 6884
f 6424 6423 6884
f 6424 6884 6885
f 6883 6423 6655
f 6655 6887 6883
f 6424 6887 6220
f 6655 6656 6887
f 7647 6886 6426
f 6888 6429 7413
f 5745 5742 7153
f 6428 7422 7149
f 7647 6426 6889
f 6222 6890 6434
f 6897 5258 6430
f 6657 6661 5747
f 6893 7437 6900
f 6900 6659 6893
f 6896 7164 7155
f 7418 7155 7164
f 6900 6432 6659
f 7162 7176 6891
f 6662 7162 6891
f 6894 7162 7174
f 6894 6898 6892
f 6660 7674 7422
f 7155 7160 6666
f 6666 6896 7155
f 7157 6432 6900
f 6897 6226 5258
f 6898 6894 7174
f 7152 6892 6663
f 6663 7159 7152
f 6663 7163 7159
f 6224 5514 6899
f 6660 6902 7674
f 6904 6666 7436
f 7160 7436 6666
f 6903 6435 6432
f 7157 6906 6903
f 6903 6432 7157
f 6906 7157 6900
f 7176 7162 7168
f 6662 7168 7162
f 6668 6898 7174
f 8372 5523 6434
f 7670 6433 6665
f 6909 6667 6896
f 7164 6896 6667
f 6667 6905 7164
f 6903 6906 6910
f 6910 6435 6903
f 7168 6662 6911
f 6668 7174 6916
f 6892 6898 6668
f 6907 6669 6892
f 6438 6224 7689
f 6438 7689 6908
f 6664 7448 5750
f 6909 6673 6667
f 6673 7182 6667
f 6679 6435 6910
f 6674 6668 6916
f 6892 6668 6674
f 6907 6892 6674
f 7178 7177 7179
f 6908 6439 6438
f 6439 6908 7187
f 6912 6913 5750
f 6225 5750 6913
f 7449 6665 6225
f 6225 6913 7449
f 6904 7181 6914
f 6909 6896 6678
f 6678 6689 6909
f 6689 6673 6909
f 7189 6679 6910
f 7168 6911 6915
f 6920 6915 6911
f 6920 6911 6674
f 6920 6674 6680
f 6680 6674 6916
f 6916 7193 6680
f 7186 7179 6918
f 7182 6673 6919
f 6679 7189 6919
f 6920 6680 6924
f 6920 6924 6915
f 6924 6680 7193
f 6917 6907 6924
f 6924 6685 6917
f 7188 6923 6682
f 6689 6678 6688
f 6917 6685 6925
f 6926 6930 6922
f 7946 6230 6927
f 6697 6682 6923
f 6690 7702 7944
f 6925 6685 6695
f 6692 6929 7463
f 6697 7200 6459
f 6931 6928 6932
f 6930 6706 6452
f 7200 6703 6459
f 6709 6708 6933
f 6942 6934 7197
f 6931 6932 6935
f 6699 6704 6936
f 6936 6935 6932
f 6936 6932 6699
f 6700 6699 6936
f 6936 6937 6700
f 6937 6704 6700
f 6705 6704 6937
f 6937 6938 6705
f 6701 6705 6938
f 6929 6701 6938
f 7208 6696 6466
f 6707 6469 6939
f 6475 6707 6939
f 6708 6475 6939
f 6939 6940 6708
f 6940 6933 6708
f 6933 6940 6941
f 6709 6933 6941
f 6933 6942 6941
f 6942 6933 6934
f 6936 6943 6935
f 6936 6704 6943
f 7208 6710 7476
f 6706 6249 6474
f 6941 6947 6946
f 6946 6709 6941
f 6947 6941 6942
f 6943 6704 6712
f 6944 7478 5774
f 6710 5774 7478
f 6945 5773 6711
f 6245 5773 6945
f 7702 6247 7477
f 6943 6712 7211
f 6714 6946 6947
f 6714 6947 7213
f 6713 7725 7477
f 6252 7216 7211
f 7213 6478 6714
f 6478 7213 6948
f 6251 6715 7216
f 6252 6251 7216
f 7217 7215 6715
f 6717 7214 6713
f 6718 7217 6253
f 6481 6949 6038
f 6717 6038 6949
f 6950 6951 6953
f 7218 6952 7730
f 6483 7485 6720
f 7976 6954 6952
f 7485 6483 7219
f 5538 7977 6487
f 7220 6043 6484
f 7220 6259 6043
f 5786 6487 7977
f 7487 7733 6258
f 6721 7222 7734
f 7223 7979 6956
f 7226 6723 6488
f 6958 6262 6722
f 6963 6262 6958
f 6490 7490 6957
f 6959 7225 6964
f 6502 6262 6963
f 6727 6725 6960
f 6727 6960 6964
f 6962 6965 7228
f 7228 6965 7242
f 6968 6726 6967
f 6725 6491 6960
f 6491 6969 6960
f 6965 6267 7242
f 6267 6966 6970
f 6267 6965 6966
f 6494 6267 6970
f 6970 6971 6494
f 6971 7235 6494
f 6494 7235 6973
f 6972 6967 6726
f 6972 6974 6967
f 6972 6726 6728
f 6968 6967 6972
f 6498 6725 7240
f 7240 6725 6727
f 6973 6982 6494
f 6975 6974 6972
f 6972 6728 6975
f 6976 6975 6728
f 6977 6730 6729
f 6977 6499 6730
f 6977 6961 6978
f 6730 6495 6978
f 6961 6730 6978
f 6495 6979 6978
f 7246 6731 6980
f 6984 6733 6500
f 6500 6731 6984
f 6731 6981 6984
f 7252 6982 6973
f 6973 7253 7252
f 7253 6973 7249
f 6724 6734 7498
f 6977 6729 6736
f 6738 6729 6977
f 6729 6499 6977
f 6983 6738 6977
f 6980 6732 6984
f 6732 6733 6984
f 6984 6733 6985
f 6733 6737 6985
f 6734 7505 7498
f 6736 6735 6739
f 6739 7254 6736
f 6740 6985 6737
f 6740 6986 6985
f 6987 6741 6740
f 7254 6739 6738
f 6986 6741 6987
f 6988 6989 6743
f 6988 6742 7259
f 6988 7259 6989
f 6744 6746 7258
f 7516 6744 7258
f 6745 6744 7516
f 7516 6747 6745
f 6990 6742 6748
f 6990 7259 6742
f 6989 6994 6515
f 6746 6751 7258
f 6747 6991 6509
f 7761 6290 6749
f 6748 6750 7519
f 7519 6990 6748
f 6994 6521 6515
f 6295 8005 7264
f 6298 8006 8005
f 6087 6993 6758
f 6750 6753 7266
f 6522 6509 6991
f 6754 7525 6517
f 6298 6756 7768
f 6530 6521 7270
f 6997 7768 6756
f 7526 7265 6757
f 7002 6102 6998
f 7526 6757 6999
f 6530 7007 6312
f 6761 7271 6995
f 7271 6761 6107
f 7003 6765 6091
f 6107 6766 7271
f 6763 7004 6536
f 6534 6102 7002
f 7002 7005 6534
f 8212 5597 7530
f 7004 7008 6536
f 7272 7001 7279
f 8214 7006 7282
f 7009 7279 6768
f 6772 7284 6771
f 7013 6772 7010
f 6769 7015 6767
f 7011 6767 7015
f 7011 7016 6319
f 7285 7012 6774
f 6543 7019 7282
f 7283 7026 7782
f 7782 7026 6771
f 7013 6773 6772
f 7020 7013 7014
f 6545 7020 7014
f 6769 6545 7014
f 7021 6319 7016
f 7017 6774 7021
f 6774 7017 7285
f 7027 6780 7285
f 7285 6780 7286
f 7286 6780 6770
f 7286 6770 7022
f 6775 7537 7022
f 7289 7537 6775
f 6539 7018 7028
f 7019 6543 6776
f 7025 6768 7026
f 6772 6773 7544
f 6773 6782 7544
f 6779 6780 7027
f 7289 6775 7028
f 7033 7032 7029
f 7029 7030 7033
f 7023 7034 6552
f 7023 7292 7034
f 7019 6776 6784
f 7019 6784 7790
f 7027 6783 6779
f 6781 7296 7287
f 6789 6331 7031
f 6783 7036 6788
f 6786 7790 6784
f 7036 6790 6788
f 6787 7560 7291
f 7036 7037 6790
f 7790 6786 7556
f 7038 7039 6558
f 6558 7039 7304
f 6787 7568 7560
f 7069 6785 7307
f 6786 6791 7556
f 6792 7040 7038
f 7304 7046 6558
f 7041 6558 7046
f 6337 7041 7042
f 7042 7047 6337
f 6787 7043 7568
f 6560 6790 7048
f 6793 7045 7302
f 6793 7302 7298
f 6555 7574 6561
f 7046 7042 7041
f 7043 6337 7047
f 6560 7048 7044
f 7045 6339 7044
f 6561 7574 7049
f 7316 6792 6794
f 7040 6792 7316
f 7049 7332 6561
f 6798 6561 7332
f 7068 6557 7315
f 6581 6557 7068
f 7052 7053 7054
f 7330 7071 6796
f 7071 7055 6796
f 6794 6795 7057
f 7316 6794 7057
f 7058 6798 7332
f 6800 7059 7333
f 7333 6569 6800
f 6569 7333 7060
f 7067 7051 7325
f 7068 7085 6581
f 7328 7070 7347
f 7070 7328 7052
f 7052 6809 7070
f 7054 6809 7052
f 7053 7337 7054
f 7330 7054 7337
f 7071 6819 7055
f 6819 6810 7055
f 7057 6795 7056
f 7332 7083 7058
f 7058 6812 6798
f 6821 7333 7059
f 7073 7340 7060
f 6808 7060 7340
f 7340 7061 6808
f 6808 7062 6815
f 7063 6815 7062
f 7076 7064 6801
f 7592 7051 7067
f 7067 6825 7592
f 6825 6824 7592
f 7079 6825 7067
f 7085 7068 7347
f 7351 7347 7070
f 7070 6809 7080
f 7337 7081 6817
f 7337 6817 6818
f 6818 7071 7337
f 7071 6818 6819
f 7058 6826 6812
f 6577 7073 6821
f 7073 7333 6821
f 6577 7340 7073
f 7340 6577 7084
f 7074 6822 7063
f 7076 7075 7064
f 7342 6816 6823
f 6834 6816 7342
f 6834 7342 7078
f 7069 7092 6159
f 7595 7592 6824
f 7351 7070 7080
f 6817 7081 7080
f 6822 7341 7084
f 7074 7341 6822
f 7074 7063 7075
f 6823 6827 7342
f 7077 7342 6827
f 6827 6828 7077
f 7079 7346 6830
f 7346 6829 6830
f 7079 6830 6825
f 6831 7350 7326
f 7082 6592 7349
f 7338 6832 7339
f 7076 7102 7355
f 6833 7102 7076
f 6828 7087 7345
f 7345 7077 6828
f 7357 6829 7346
f 7357 6830 6829
f 6581 7085 6840
f 6593 6836 7353
f 7353 7349 6593
f 7093 7356 6824
f 6839 6830 7357
f 7088 7353 6836
f 7087 6828 6838
f 6378 6837 7096
f 7089 7097 7094
f 7087 6838 7090
f 7103 7351 6843
f 7098 7356 7093
f 7101 6378 7096
f 7101 6380 6378
f 6601 6600 7094
f 7094 7097 6601
f 7097 6846 6601
f 6605 6839 6847
f 7095 7099 6844
f 7363 6844 7099
f 7094 7105 7364
f 7094 6600 7105
f 6601 6846 6610
f 6602 6846 7102
f 6606 7103 6611
f 6611 7103 6843
f 7104 6844 7363
f 7363 6609 7104
f 6609 6844 7104
f 6845 6384 7364
f 6845 7364 7105
f 6610 6846 6615
f 7107 6609 7363
f 7364 6384 6849
f 7108 7364 6849
f 7109 7108 6849
f 7108 7109 7616
f 6847 6618 6614
f 6851 6616 7366
f 7109 7617 7616
f 6850 7381 5962
f 7109 6852 7617
f 6624 6851 7114
f 6619 7111 6620
f 7849 7368 7371
f 6852 7623 7617
f 6853 7372 7851
f 7114 7378 6624
f 7117 7370 7112
f 6856 6854 7116
f 5982 7381 7124
f 6855 6622 7374
f 6854 6625 7375
f 7374 7118 7377
f 6855 7119 6627
f 6857 7121 7375
f 7121 6857 7116
f 7116 7380 7121
f 6861 6858 7122
f 7122 7123 6861
f 6865 5982 7124
f 6630 6859 7382
f 7118 7383 7377
f 7118 7125 7383
f 7125 7118 7119
f 6415 6207 5714
f 7122 6858 7127
f 7376 7117 7128
f 7382 6859 7129
f 7128 7391 7130
f 7399 7391 7128
f 5730 6860 7131
f 6861 7132 6862
f 7388 7129 6863
f 6863 7133 7388
f 7135 6867 6643
f 7135 6862 7132
f 7132 7398 7135
f 7633 7388 7133
f 7131 6652 5730
f 6865 7400 6877
f 7133 6869 7134
f 6634 6864 7876
f 7136 7399 6871
f 5994 6404 7146
f 7140 7139 6871
f 7139 6649 6871
f 6875 7141 7140
f 7141 6875 6872
f 6872 7137 7141
f 6876 7404 7137
f 6415 7405 6421
f 7139 7136 6881
f 6881 7401 7139
f 6878 6649 7139
f 6879 7142 6650
f 6879 7406 7142
f 7143 7404 6876
f 6882 6877 7404
f 5995 7638 8313
f 7144 7401 6881
f 6878 7144 6881
f 7142 7143 6650
f 6215 8583 7876
f 7145 7144 6878
f 6885 6650 7143
f 6885 6882 7412
f 8583 6215 6886
f 6427 5994 7146
f 6430 6880 7416
f 6883 7411 7145
f 7412 6424 6885
f 6883 6887 7411
f 7412 7147 6424
f 7147 6887 6424
f 7148 5742 6422
f 6887 7147 7411
f 6886 7647 8583
f 6427 7154 6659
f 6889 7659 7647
f 7413 6429 7905
f 7423 7419 7428
f 6891 7428 7419
f 7414 7151 6894
f 6658 5745 7153
f 7155 7651 7656
f 7420 7651 7155
f 7418 7420 7155
f 7151 7156 6894
f 7414 6894 6892
f 6892 7152 7414
f 7157 7435 7418
f 7435 7426 7418
f 7638 7158 8122
f 7432 6894 7156
f 6889 7434 7659
f 7160 7155 7656
f 7165 7161 7428
f 7428 6891 7165
f 7162 6894 7432
f 7433 7159 7163
f 6895 6899 5514
f 7157 7418 7164
f 7176 7165 6891
f 7432 7441 7162
f 7433 7163 6901
f 7157 7166 7435
f 6900 7437 7167
f 7161 7165 7440
f 7176 7440 7165
f 7162 7168 7174
f 6901 7169 7433
f 6904 7436 8140
f 7157 7164 6903
f 6903 7171 7157
f 7167 7172 6906
f 6906 6900 7167
f 7440 7176 7173
f 7446 7168 7441
f 7168 7162 7441
f 7169 6901 7177
f 6230 7434 6889
f 7941 7670 6665
f 6665 7444 7941
f 8140 7181 6904
f 6903 7164 6905
f 6905 6910 6903
f 7171 6903 6910
f 7175 6906 7172
f 7176 7168 7191
f 7176 7191 7173
f 7448 6912 5750
f 7449 7180 6665
f 6665 7180 7444
f 7451 6914 7181
f 6905 6667 7182
f 6910 6905 7182
f 6906 7183 6910
f 6910 7184 7171
f 6906 7175 7183
f 7173 7191 7185
f 6916 7174 7168
f 7454 7447 7186
f 7450 7449 6913
f 6914 7456 7188
f 7189 6910 7182
f 7183 7189 6910
f 6910 7189 7184
f 7184 7183 7175
f 7168 7446 7190
f 7168 6915 6916
f 7191 7168 6915
f 6915 7168 7190
f 6916 6915 7193
f 7454 7186 6918
f 6022 5523 8372
f 6682 6914 7188
f 7189 7182 6919
f 7462 7184 7189
f 7462 7183 7184
f 6915 7190 7192
f 7454 6918 6921
f 6921 7459 7454
f 7194 6923 7188
f 7183 7462 7189
f 6915 7464 7191
f 6924 7193 6915
f 6921 7463 7459
f 6930 6926 7466
f 7946 6927 8378
f 7195 6928 6931
f 6929 7710 7463
f 6926 6696 7469
f 6927 8380 8378
f 7197 6934 7196
f 7472 7195 7198
f 7198 7195 6931
f 6928 7195 7198
f 7199 6932 6928
f 6932 7199 6699
f 7200 7205 6703
f 6934 6933 7201
f 7201 7202 7196
f 7201 7196 6934
f 6942 7197 7202
f 7197 7196 7202
f 7470 7207 7202
f 7198 6931 6935
f 6699 7199 7203
f 7203 6936 6699
f 6937 6936 7203
f 6929 6938 7710
f 8380 6927 6245
f 6469 6703 7205
f 6939 6469 7205
f 7206 6940 6939
f 6941 6940 7206
f 6933 7206 7201
f 6933 6941 7206
f 7210 6942 7202
f 7210 7202 7207
f 7476 6710 7204
f 6249 6706 7718
f 7209 6711 6249
f 6947 6942 7210
f 6935 7211 7720
f 6935 6943 7211
f 7211 7216 7480
f 7725 6713 7214
f 6479 7212 6480
f 7217 6718 7215
f 6949 7214 6717
f 6950 7729 6951
f 7976 6952 7218
f 7486 5538 6953
f 7729 6950 6720
f 6720 7485 7729
f 6955 6954 7976
f 7977 5538 7486
f 7220 6484 6955
f 7732 7219 6485
f 6485 7734 7732
f 7220 7221 6259
f 6260 6259 7221
f 7977 7488 5786
f 7488 6958 5786
f 6956 7979 7487
f 7222 6957 8183
f 7489 6489 7737
f 7493 7224 6964
f 6964 6960 7493
f 6964 7224 6959
f 7225 7224 6964
f 7490 6490 6961
f 7226 6981 6723
f 7492 6965 6962
f 7492 7229 6965
f 6489 6724 7737
f 7224 7233 6964
f 7247 6981 7226
f 7229 6966 6965
f 7231 7230 7227
f 6969 6491 6968
f 7493 6960 6969
f 6727 6964 7233
f 7234 7228 7242
f 6973 7235 7236
f 6724 7498 7737
f 7230 7231 7232
f 7232 6974 7230
f 6967 6974 7232
f 6967 7238 6972
f 7238 7239 6972
f 6968 6972 7239
f 7239 6969 6968
f 7240 7241 6498
f 6727 7233 7240
f 7235 6971 7243
f 7236 7249 6973
f 7249 7236 7237
f 6502 6963 7256
f 6974 7244 7230
f 7239 7245 6976
f 7245 6975 6976
f 6498 7241 6976
f 7502 6961 6977
f 7247 7251 6981
f 6981 7251 6984
f 6982 7243 7248
f 7243 6982 7252
f 7256 6506 6502
f 7244 6974 6975
f 6975 7751 7244
f 6975 7245 7751
f 7502 6977 6736
f 6983 6977 6978
f 6978 7754 6983
f 7754 6978 6979
f 7246 7754 6979
f 7755 7246 6980
f 6984 7251 7755
f 6980 6984 7755
f 7251 7250 7755
f 6733 6984 7251
f 6984 7250 7251
f 6985 6733 7251
f 7251 7255 6985
f 6984 6985 7250
f 7255 6740 6985
f 6985 6986 7250
f 6987 6740 7255
f 6983 7254 6738
f 6986 7255 7250
f 7255 6986 6987
f 6507 6506 7256
f 7259 7260 6989
f 7258 7262 7516
f 6994 6989 7260
f 7260 7522 6994
f 7516 7263 6747
f 7523 7261 7262
f 7258 6751 7262
f 7263 6991 6747
f 6751 7523 7262
f 6994 7270 6521
f 7270 6994 7522
f 7523 6995 7766
f 7523 6751 6995
f 7266 7519 6750
f 6749 6996 7764
f 6998 6102 6299
f 8209 7530 7525
f 6995 7271 7766
f 7268 6522 6991
f 6763 6522 7268
f 6999 7527 7526
f 6530 7270 7007
f 6999 7532 7527
f 7000 7001 7777
f 7271 6766 7275
f 7277 7005 7002
f 7532 6999 7006
f 7006 8214 7532
f 7278 6765 7003
f 7777 7001 7272
f 6766 7012 7275
f 7004 7273 7008
f 6314 6765 7278
f 7273 7276 7008
f 7023 7005 7277
f 8214 7282 7785
f 7010 7007 7013
f 7013 7007 7014
f 7014 7280 6769
f 7280 7015 6769
f 7274 7021 7016
f 7274 7017 7021
f 7017 7274 7275
f 7275 7281 7017
f 7275 7012 7281
f 7018 6536 7008
f 7269 7287 8019
f 7023 7277 7549
f 6314 7278 7031
f 7009 7543 7279
f 7015 7545 7011
f 7017 7281 7285
f 7012 7285 7281
f 7281 7285 7286
f 7022 8213 7286
f 7022 7537 8213
f 7019 7550 7282
f 7544 7284 6772
f 7537 7289 7539
f 7288 7023 7549
f 7554 7009 7025
f 7554 7543 7009
f 7025 7026 7283
f 7283 7554 7025
f 7028 7555 7289
f 7034 7548 7035
f 7548 7034 7292
f 7023 7288 7292
f 7292 7290 7548
f 7288 7290 7292
f 7544 6782 7291
f 6783 7027 7036
f 7031 7293 6789
f 7295 7032 7033
f 7295 7029 7032
f 7033 7030 7295
f 7296 7797 7287
f 7303 6789 7293
f 7298 7299 6555
f 8469 8025 6556
f 7301 7566 7297
f 7038 7301 7297
f 7039 7038 7297
f 7037 7311 6790
f 7299 7574 6555
f 6557 6789 7303
f 7303 7315 6557
f 7301 7038 7040
f 7570 7301 7040
f 7043 7823 7568
f 6790 7311 7048
f 7575 6563 6554
f 7308 7570 7040
f 7304 7305 7308
f 7046 7304 7308
f 7309 7042 7046
f 7043 7047 7310
f 7310 7823 7043
f 7311 7312 7048
f 7312 7578 7048
f 7044 7048 7578
f 7045 7044 7306
f 7306 7319 7045
f 7319 7313 7045
f 7302 7045 7313
f 7573 7049 7574
f 7300 7580 7813
f 7040 7317 7308
f 7317 7318 7308
f 7046 7308 7318
f 7309 7046 7318
f 7319 7320 7313
f 7573 7313 7320
f 7320 7049 7573
f 7300 6801 7580
f 8469 6556 8741
f 7314 7050 7051
f 7040 7316 7317
f 7318 7317 7322
f 7320 7319 7331
f 7320 7323 7049
f 7064 7580 6801
f 7325 7051 7050
f 7052 7328 7329
f 7332 7049 7323
f 7590 7063 7062
f 7063 7590 7334
f 7334 7580 7064
f 7324 7335 7065
f 8741 6556 7066
f 7343 7067 7325
f 7068 7327 7347
f 7327 7328 7347
f 7329 7336 7052
f 7336 7053 7052
f 7053 7336 7337
f 7337 7071 7330
f 7316 7057 7072
f 7317 7316 7072
f 7072 7322 7317
f 7322 7082 7318
f 7318 7082 7589
f 7331 7338 7339
f 7339 7323 7331
f 7323 7083 7332
f 7073 7060 7333
f 7340 7341 7061
f 7062 6808 7061
f 7061 7594 7062
f 7594 7590 7062
f 7334 7075 7063
f 7064 7075 7334
f 7065 7342 7324
f 7342 7065 7335
f 7335 7324 7342
f 7342 7335 7078
f 7079 7067 7343
f 7348 7081 7336
f 7337 7336 7081
f 7072 7082 7322
f 7339 7083 7323
f 7084 7341 7340
f 7079 7343 7346
f 7351 7080 7348
f 7348 7352 7351
f 7348 7080 7081
f 7589 7082 7349
f 7353 7589 7349
f 7596 7086 7331
f 7086 7338 7331
f 7341 7074 7344
f 7354 7344 7074
f 7075 7355 7074
f 7355 7075 7076
f 7085 7361 6840
f 7361 7085 7347
f 7361 7347 7351
f 7596 7828 6837
f 7596 6837 7086
f 7074 7089 7354
f 7074 7355 7089
f 6834 7078 6841
f 7356 7595 6824
f 7357 7346 7360
f 7358 7351 7352
f 7353 7088 7831
f 6837 7828 7096
f 7359 7354 7089
f 7355 7097 7089
f 6595 6834 6841
f 6606 6840 7361
f 7095 6843 7351
f 7095 7351 7358
f 7609 7066 7091
f 6839 7357 7360
f 7359 7094 7843
f 7094 7359 7089
f 6847 6839 7360
f 7361 7103 6606
f 7103 7361 7351
f 7358 7099 7095
f 6846 7097 7355
f 7355 7102 6846
f 7098 7846 7356
f 7088 7100 7613
f 7614 7843 7094
f 7090 7849 7087
f 7362 7363 7099
f 6850 6380 7101
f 7094 7364 7614
f 7104 7362 7365
f 7362 7104 7363
f 7105 7614 7364
f 7614 7105 7616
f 7106 7849 7090
f 7104 7365 7366
f 7363 7104 7366
f 7366 7107 7363
f 7105 7364 7108
f 7616 7105 7108
f 7366 7365 6851
f 8075 7100 6848
f 7849 7106 7368
f 7369 7114 6851
f 7112 8075 6848
f 7120 7110 7864
f 7112 7370 8075
f 6196 6618 7373
f 7115 8533 7367
f 7380 6854 7375
f 6854 7380 7116
f 7117 7376 7370
f 7374 7377 7125
f 6855 7374 7125
f 7125 7119 6855
f 7379 7380 7121
f 7380 7375 7121
f 7380 7123 7122
f 7122 7121 7380
f 6630 7627 7383
f 6630 7382 7627
f 7383 7627 7377
f 7383 7125 7628
f 7378 7131 6860
f 7121 7384 7379
f 7384 7121 7122
f 7122 7127 7384
f 7123 7385 6861
f 7129 7386 7382
f 6630 7383 7628
f 7628 7389 6630
f 7389 6633 6630
f 7127 7872 7384
f 7390 6861 7385
f 7130 7387 7376
f 7128 7130 7376
f 7124 7393 7392
f 7392 6865 7124
f 7386 7129 7388
f 6874 6196 7871
f 7127 6867 7872
f 7132 6861 7390
f 7395 7390 7387
f 7395 7387 7130
f 7395 7130 7391
f 6865 7392 7400
f 7388 7393 8096
f 7389 7394 6633
f 6867 7135 7872
f 7398 7872 7135
f 7632 7398 7132
f 7132 7390 7632
f 7632 7390 7395
f 7393 7633 7392
f 7393 7388 7633
f 7394 7396 7134
f 7134 6633 7394
f 7133 7396 7633
f 7396 7133 7134
f 7399 7136 8101
f 6877 7400 7881
f 7136 7401 8101
f 7136 7139 7401
f 7139 7140 7402
f 7402 7401 7139
f 7140 7141 7402
f 7403 7141 7137
f 7403 7137 7404
f 7881 7404 6877
f 6878 7139 7401
f 7402 7141 7406
f 7142 7406 7141
f 7403 7409 7142
f 7142 7141 7403
f 7144 7639 7401
f 7401 7407 6878
f 6879 7636 7406
f 7143 7142 7409
f 7408 7404 7143
f 7404 7410 6882
f 6652 7417 6221
f 7407 7636 6878
f 6879 6878 7636
f 7143 7409 7408
f 7410 7412 6882
f 9324 7138 7645
f 7646 7144 7145
f 7646 7145 7411
f 6222 6221 7417
f 7648 7411 7147
f 7413 7634 6888
f 7146 7649 6427
f 7887 7882 7650
f 7642 7151 7643
f 7644 7420 7641
f 7641 7418 7637
f 7650 7882 7419
f 7149 9076 7645
f 7641 7420 7418
f 7418 7652 7637
f 7151 7414 7643
f 6890 6222 7417
f 7150 7921 6657
f 7420 7644 7651
f 7418 7421 7652
f 7650 7419 7904
f 7423 7904 7419
f 7152 7899 7414
f 9076 7149 7422
f 7638 8122 7880
f 7151 7663 7156
f 7152 7658 7899
f 7421 7424 7652
f 7425 6659 7154
f 7154 7431 7425
f 7663 7661 7423
f 7428 7663 7423
f 7159 7658 7152
f 6434 6890 7678
f 7656 7671 7160
f 7421 7418 7426
f 7424 7421 7426
f 6893 6659 7425
f 6893 7425 7431
f 7661 7663 7427
f 7428 7427 7663
f 7433 8125 7159
f 7905 7429 8127
f 7426 7430 7424
f 7161 7427 7428
f 7156 7676 7165
f 7432 7156 7165
f 7671 7436 7160
f 7430 7426 7435
f 6893 7439 7437
f 7439 6893 7431
f 7676 7427 7161
f 7165 7441 7432
f 6661 7685 6664
f 7166 7167 7435
f 7438 7430 7435
f 7167 7438 7435
f 7440 7677 7676
f 7676 7161 7440
f 7676 7445 7165
f 7445 7441 7165
f 7935 7170 6224
f 6224 6899 7935
f 8372 6434 7678
f 7166 7157 7171
f 7438 7167 7166
f 7172 7167 7437
f 7439 7452 7172
f 7172 7437 7439
f 7453 7677 7440
f 7173 7453 7440
f 7441 7445 7173
f 7173 7446 7441
f 7169 7177 7178
f 7178 7442 7169
f 6224 7170 7443
f 7444 7451 7941
f 7166 7171 7175
f 7166 7175 7452
f 7438 7166 7452
f 7677 7453 7687
f 7445 7688 7173
f 7179 7683 7178
f 7683 7442 7178
f 7683 7179 7186
f 7186 7443 7683
f 7447 7443 7186
f 7689 6224 7443
f 7689 7455 6908
f 6902 7187 7691
f 7674 6902 7691
f 6230 7946 7434
f 7180 7449 7692
f 6914 7451 7456
f 7680 7451 7181
f 7175 7171 7184
f 7175 7172 7452
f 7457 7175 7693
f 7687 7453 7698
f 7453 7173 7458
f 7453 7458 7698
f 7173 7185 7446
f 7458 7173 7185
f 7185 7173 7688
f 7187 6908 7455
f 7455 7447 7454
f 6913 6912 7450
f 6912 6913 7695
f 6913 7188 7692
f 6913 7692 7695
f 7188 7456 7692
f 7457 7184 7175
f 7175 7184 7696
f 7185 7688 7458
f 7446 7185 7190
f 7459 7455 7454
f 7194 6913 6912
f 6913 7194 7188
f 7696 7184 7457
f 7706 7696 7457
f 7185 7461 7460
f 7185 7460 7458
f 7185 7458 7461
f 7191 7461 7185
f 7185 7461 7190
f 7706 7705 7462
f 7696 7706 7462
f 7705 7696 7462
f 7461 7191 7464
f 7461 7192 7190
f 7194 7200 6923
f 7464 7192 7461
f 6915 7465 7464
f 7192 7464 7465
f 7465 6915 7192
f 6697 6923 7200
f 7472 7464 7465
f 7195 7472 7473
f 6926 7469 7466
f 7470 7467 7207
f 7467 7468 7471
f 7473 7198 7195
f 6928 7198 7475
f 7198 7473 7475
f 6928 7475 7199
f 7969 7207 7467
f 7969 7467 7471
f 7203 7199 7475
f 7475 7717 7203
f 7717 6937 7203
f 6937 7958 6938
f 7710 6938 7958
f 7469 6696 7208
f 7208 7479 7469
f 6249 7718 8169
f 7209 6249 8169
f 7474 7722 7209
f 6939 7205 7719
f 6939 7719 7206
f 7201 7206 7715
f 7715 7202 7201
f 7969 7210 7207
f 7472 7198 7720
f 7198 6935 7720
f 7478 7204 6710
f 7479 7208 7476
f 7209 7722 6711
f 6245 6945 8380
f 7213 6947 7210
f 7480 7720 7211
f 7213 7210 7481
f 7216 6715 7727
f 7481 6948 7213
f 6716 6948 7481
f 7481 7728 6716
f 6719 6716 7728
f 6718 7484 7482
f 7215 7727 6715
f 6719 7483 6481
f 6481 7483 6949
f 7484 6718 6480
f 7482 7215 6718
f 6953 6951 7486
f 7220 6955 8399
f 7219 7732 8398
f 7978 7731 7733
f 7980 6260 7221
f 7222 7981 7734
f 7980 6488 6260
f 7736 6488 7980
f 8183 7981 7222
f 6488 7736 7226
f 7489 7979 7223
f 6958 7982 6963
f 8183 6957 7490
f 7224 7225 6959
f 7491 7231 7227
f 7224 7493 7742
f 7742 7233 7224
f 7492 7234 7494
f 6962 7228 7234
f 7234 7492 6962
f 7229 7492 7494
f 7741 7227 7230
f 7230 7745 7741
f 7231 7496 7232
f 6967 7232 7496
f 7241 7742 7493
f 7493 6969 7241
f 7494 7234 7242
f 7229 7743 6966
f 7744 7236 7235
f 7236 7738 7237
f 7237 7495 7497
f 7237 7738 7495
f 7496 7747 6967
f 7747 7238 6967
f 6969 7239 7499
f 7499 7241 6969
f 7240 7742 7241
f 7742 7240 7233
f 7490 6961 7502
f 7743 7242 6267
f 7743 7494 7242
f 6966 7500 6970
f 6971 6970 7500
f 7500 7501 6971
f 7501 7243 6971
f 7501 7750 7243
f 7235 7243 7750
f 7750 7744 7235
f 7497 7249 7237
f 7745 7230 7244
f 7244 7749 7745
f 7244 7751 7749
f 6976 7499 7239
f 7499 6976 7241
f 7743 6267 7248
f 7248 7500 7743
f 7500 7248 7243
f 7752 7500 7243
f 7748 7503 7253
f 7748 7253 7249
f 7249 7497 7748
f 7246 7755 7754
f 7504 7255 7251
f 7251 7247 7504
f 7752 7243 7252
f 7752 7252 7253
f 7253 7503 7752
f 7498 7505 8185
f 6736 7254 7753
f 7753 7502 6736
f 7756 7755 7250
f 7254 6983 7506
f 7753 7254 7506
f 7507 7756 7250
f 7250 7255 7507
f 7256 7509 6507
f 7259 7510 7260
f 7508 7517 7512
f 7513 7758 7257
f 7257 7261 7513
f 7262 7261 7257
f 8192 7505 7761
f 6993 6507 7509
f 7510 7259 7514
f 7260 7510 7511
f 7522 7260 7511
f 7512 7517 7522
f 7515 8000 7513
f 7758 7515 7513
f 7513 7261 7758
f 7262 7257 7758
f 7758 7263 7262
f 7516 7262 7263
f 7259 6990 7514
f 7758 7523 7515
f 7758 7261 7523
f 7522 7517 7762
f 7761 6749 7764
f 7515 7523 7766
f 7520 6299 7264
f 7768 8006 6298
f 8007 7265 8009
f 7518 6758 6993
f 7520 6998 6299
f 7265 7526 8009
f 7521 7519 7266
f 7266 8010 7521
f 7268 6991 7524
f 8010 7266 7267
f 7530 8209 8015
f 8010 7267 7000
f 8207 7526 7527
f 7775 7766 7271
f 7528 6763 7268
f 7002 6998 7529
f 7533 7007 7270
f 7528 7531 6763
f 6996 7269 7764
f 7275 7775 7271
f 7004 6763 7531
f 7269 8019 7764
f 8014 7000 7777
f 7531 7273 7004
f 7780 7277 7002
f 7274 7775 7275
f 7535 7536 7272
f 7272 7536 7777
f 7777 7536 7782
f 7007 7533 7014
f 7014 7533 7280
f 7276 7538 7008
f 7534 7549 7277
f 7535 7272 7279
f 7279 8219 7535
f 8018 7782 6771
f 7284 8441 6771
f 7011 7545 7016
f 7281 8020 7546
f 7281 7286 8020
f 7286 8213 8020
f 7539 7779 7537
f 7273 7779 7539
f 7539 7540 7273
f 7541 7008 7538
f 7541 7018 7008
f 7282 7542 7785
f 8219 7279 7543
f 7283 7782 7536
f 7536 8023 7283
f 7544 7784 7284
f 7546 7285 7281
f 7541 7547 7018
f 8019 7287 8217
f 7542 7282 7550
f 7546 7027 7285
f 7289 8029 7540
f 7540 7539 7289
f 7547 7028 7018
f 7549 7552 7288
f 7550 7789 7542
f 7019 8026 7789
f 7789 7550 7019
f 7794 7792 7543
f 7794 7543 7554
f 7036 7027 7546
f 7289 7555 8029
f 7555 7028 7551
f 7547 7551 7028
f 7548 8228 7035
f 7288 7552 7290
f 7294 7024 7553
f 8034 7544 7291
f 7808 7553 7024
f 7808 7024 7294
f 7557 7553 7808
f 7294 7553 7557
f 7291 7560 8034
f 8028 7037 7036
f 7030 7295 7800
f 7295 7030 7029
f 7295 7030 7558
f 7030 7800 7558
f 7303 7293 7807
f 7294 7557 7808
f 7558 7812 7800
f 7800 7295 7558
f 7806 6554 7035
f 7297 7566 7802
f 7039 7297 7802
f 7802 7562 7039
f 7299 7298 7561
f 7298 7564 7561
f 7797 7296 7300
f 7300 7813 7797
f 7304 7039 7562
f 7562 7567 7304
f 7804 7560 7568
f 7037 7563 7311
f 7564 7298 7302
f 7569 7574 7299
f 7806 7575 6554
f 7565 7315 7303
f 7305 7567 7570
f 7305 7304 7567
f 7571 7576 7042
f 7047 7042 7576
f 7044 7815 7306
f 7572 7573 7574
f 7574 7809 7572
f 7574 7569 7809
f 7308 7305 7570
f 7571 7042 7309
f 7309 7584 7571
f 7576 7584 7047
f 7047 7584 7310
f 7577 7312 7311
f 7044 7578 7579
f 7579 7815 7044
f 7816 7579 7319
f 7319 7306 7816
f 7302 7313 7572
f 7572 7313 7573
f 7575 8056 6563
f 7583 7314 7582
f 6791 8277 7556
f 7584 7309 7318
f 7822 7310 7584
f 7823 7310 7822
f 7312 7585 7578
f 7585 7579 7578
f 7586 7321 7581
f 7582 7314 7051
f 7582 7587 7583
f 7050 7314 7583
f 7583 7587 7050
f 7821 7068 7315
f 7579 7331 7319
f 7335 7588 7321
f 7335 7321 7586
f 7335 7586 7078
f 7587 7325 7050
f 6791 7326 8277
f 7327 7068 7821
f 7821 7593 7327
f 7328 7327 7593
f 7329 7328 7593
f 7584 7318 7589
f 7822 7584 7589
f 7585 7596 7579
f 7320 7331 7323
f 7590 7824 7334
f 7580 7334 7824
f 8056 7599 5918
f 5918 6563 8056
f 7591 7588 7335
f 7092 7069 8058
f 7051 7592 7820
f 7587 7343 7325
f 7589 7829 7822
f 7591 7335 7342
f 7593 7597 7329
f 7597 7348 7329
f 7348 7336 7329
f 7331 7579 7596
f 7061 7341 7344
f 7344 7594 7061
f 7344 7598 7594
f 7342 7077 7591
f 7345 7591 7077
f 7326 8286 8277
f 7597 7352 7348
f 7353 7829 7589
f 7598 7344 7354
f 7346 7830 7360
f 8286 7326 7350
f 7829 7353 7831
f 7602 7598 7359
f 7354 7359 7598
f 5918 7599 7615
f 8514 7345 7087
f 7611 6841 7078
f 7066 7609 8741
f 7358 7352 7603
f 7604 7096 7828
f 7358 7603 7840
f 7840 7600 7607
f 7088 7837 7831
f 7608 7605 7606
f 7606 7601 7608
f 7359 7843 7602
f 7840 7099 7358
f 7099 7840 7844
f 7088 7613 7837
f 7604 7610 7096
f 7110 6841 7611
f 6847 7360 7612
f 7610 7850 7101
f 7610 7101 7096
f 7362 7099 7844
f 7848 7843 7614
f 7362 7844 7847
f 6850 7101 7850
f 7091 7851 7609
f 8533 8286 7350
f 7365 7362 7847
f 7848 7614 7616
f 7615 7113 5681
f 8075 7613 7100
f 8533 7350 7367
f 6851 7365 7847
f 7847 7369 6851
f 7616 7617 7852
f 7114 7369 7620
f 7381 6850 7621
f 7617 7623 8551
f 8556 5714 7113
f 7371 8309 7849
f 7372 8557 7851
f 7846 7624 8547
f 7126 8533 7115
f 6404 7120 7864
f 7373 7871 6196
f 7376 7867 7370
f 5714 8311 6415
f 7625 7380 7379
f 7123 7380 7625
f 7627 7628 7125
f 7125 7377 7627
f 7379 7384 7625
f 7385 7123 7626
f 7124 7381 7630
f 7869 7382 7386
f 7627 7631 7628
f 7384 7872 7625
f 7387 7385 7867
f 7385 7387 7390
f 7867 7376 7387
f 7393 7124 7630
f 8096 7393 7630
f 8096 7386 7388
f 7631 7389 7628
f 7629 7623 6634
f 7372 8313 8557
f 7624 8565 8093
f 7631 7394 7389
f 8565 7624 7882
f 7872 7398 7873
f 7392 8102 7400
f 7397 8564 7126
f 7873 7398 7632
f 7391 8101 7395
f 7391 7399 8101
f 8102 7392 7633
f 7397 7138 8564
f 7401 8104 8101
f 7401 7402 8104
f 7402 7406 8104
f 7409 7403 7884
f 7884 7403 7404
f 7404 7635 7884
f 7881 7635 7404
f 7880 9584 8313
f 7148 6422 6874
f 7401 7639 7407
f 8104 7406 7636
f 7635 7404 7408
f 7410 7404 7635
f 7638 7880 8313
f 7878 7877 7642
f 7138 9324 8564
f 7417 6652 8110
f 7885 7636 7407
f 7408 7409 7640
f 7640 7635 7408
f 7635 7889 7410
f 7879 7876 8583
f 7642 7643 7878
f 7889 7412 7410
f 8103 7644 7641
f 7646 7639 7144
f 7649 7146 7886
f 7642 7877 7654
f 7892 7646 7411
f 7892 7411 7648
f 7147 7894 7648
f 7412 7895 7147
f 7412 7889 7895
f 7413 7415 7634
f 7414 7883 7643
f 7153 5742 7148
f 9331 7645 9076
f 7902 7921 7150
f 7891 7637 7652
f 7649 7653 6427
f 7654 7151 7642
f 7883 7414 7899
f 7416 6897 6430
f 7663 7151 7654
f 7658 8588 7899
f 7154 6427 7653
f 7653 7657 7154
f 7910 7661 7911
f 7661 7910 7904
f 7423 7661 7904
f 7663 7654 7919
f 6661 6657 7921
f 7424 7425 7652
f 7660 7652 7425
f 7431 7154 7657
f 7657 7660 7431
f 7911 7661 7918
f 7658 7159 8125
f 7669 7665 7662
f 8342 7671 7656
f 7424 7660 7425
f 8142 7918 7661
f 7427 8142 7661
f 7663 7919 7667
f 7663 7667 7156
f 8125 7433 8130
f 7675 7664 7665
f 7665 7930 7929
f 7930 7665 7669
f 7429 7670 8127
f 7430 6893 7424
f 7666 7424 6893
f 7672 7431 7660
f 8142 7427 7673
f 7933 7427 7667
f 7156 7667 7427
f 7427 7676 7156
f 7926 8130 7433
f 7668 6899 6895
f 8131 7422 7674
f 7928 7664 7675
f 7675 7665 7929
f 7930 7669 7937
f 7436 7671 8140
f 7931 7439 7431
f 7430 7666 6893
f 7431 7672 7931
f 7673 7427 7677
f 7677 7427 7676
f 7676 7427 7933
f 7926 7433 7169
f 7169 7934 7926
f 7438 7439 7430
f 7931 7943 7439
f 7681 6226 6897
f 7673 7677 7945
f 7935 8151 7170
f 7679 7680 7941
f 7181 8148 7942
f 8148 7181 8140
f 7439 7438 7452
f 7686 7439 7943
f 7158 7944 8122
f 7682 7445 7676
f 7169 7442 7934
f 7683 7170 7442
f 7947 7679 7444
f 7679 7941 7451
f 7451 7444 7679
f 7942 7680 7181
f 7681 6694 6226
f 7445 7682 7687
f 7445 7687 7688
f 7443 7684 7689
f 7949 7443 7447
f 7689 7949 7447
f 7689 7684 7949
f 7691 7455 7690
f 7448 6664 7685
f 7685 7950 7448
f 7448 7695 7450
f 7449 7450 7695
f 7692 7449 7695
f 7180 7947 7444
f 7947 7180 7456
f 7947 7456 7679
f 7679 7456 7451
f 7693 7452 7697
f 7452 7686 7697
f 7693 7686 7452
f 7698 7688 7687
f 7447 7455 7689
f 7694 7690 7455
f 7455 7691 7187
f 6912 7448 7450
f 6912 7695 7701
f 7456 7180 7692
f 7693 7175 7696
f 7693 7697 7457
f 7700 7698 7458
f 7688 7698 7700
f 7699 7688 7700
f 7699 7458 7688
f 7694 7455 7459
f 6912 7701 7194
f 7954 7706 7457
f 7457 7697 7954
f 7460 7700 7458
f 7699 7703 7458
f 7703 7461 7458
f 7459 7957 7694
f 7696 7705 7704
f 8161 7700 7460
f 7957 7459 7463
f 6702 6022 8372
f 7704 7705 7706
f 7461 7464 8161
f 7460 7461 8161
f 7703 7464 7461
f 7465 7464 7707
f 7957 7463 7710
f 7704 7713 7468
f 7713 7704 7706
f 7707 7709 7465
f 7709 7472 7465
f 7472 7709 7473
f 7960 7466 7469
f 7474 7209 7714
f 7712 7467 7470
f 7712 7468 7467
f 7468 7713 7471
f 6243 7708 7723
f 7708 6243 6694
f 7472 8161 7464
f 7475 7473 7716
f 7711 7204 7959
f 7204 7711 7476
f 6930 8386 7718
f 7718 6706 6930
f 7715 7712 7202
f 7470 7202 7712
f 7969 7471 7713
f 7717 7475 7716
f 7961 7959 7204
f 7209 8169 7714
f 7206 7719 8171
f 7715 7206 8171
f 7702 7477 8374
f 8161 7472 7720
f 7478 6944 7721
f 8167 7478 7721
f 8167 7961 7478
f 7204 7478 7961
f 7722 6945 6711
f 6243 7723 7212
f 7969 7481 7210
f 7969 7972 7481
f 7724 7720 7480
f 7482 7484 7971
f 7216 7727 7724
f 7216 7724 7480
f 7726 6949 7483
f 7725 7214 7973
f 7212 7974 6480
f 7484 6480 7974
f 7728 7975 6719
f 7975 7483 6719
f 7214 6949 7973
f 7485 8394 7729
f 8398 7485 7219
f 6955 8180 8399
f 9126 7733 7487
f 9126 7978 7733
f 7981 8401 7734
f 7979 9126 7487
f 7488 7735 6958
f 7490 7989 8183
f 7226 7736 7991
f 7491 7986 7231
f 7496 7231 7986
f 7247 7226 7991
f 7738 7236 7739
f 7496 7986 7746
f 7744 7739 7236
f 7497 7495 7740
f 7737 7498 8185
f 7995 7256 6963
f 7749 7746 7745
f 7496 7746 7747
f 7238 7499 7239
f 7743 7229 7494
f 7500 6966 7743
f 7747 7749 7751
f 7499 7245 7239
f 7490 7502 7989
f 7748 7750 7503
f 7245 7992 7751
f 7502 7996 7989
f 7504 7247 7991
f 7502 7753 7996
f 7507 7255 7504
f 7505 8414 8185
f 7754 7506 6983
f 7996 7753 7754
f 7507 7504 7756
f 7754 7753 7506
f 7755 7997 7754
f 7755 7999 7997
f 7999 7755 7756
f 8414 7505 8192
f 7760 7517 7508
f 7759 7522 7511
f 7511 7510 7759
f 8000 7515 7757
f 8000 7763 7513
f 7763 7758 7513
f 7759 7510 7514
f 7762 7517 7760
f 7757 7515 7767
f 7263 7758 7763
f 8674 6754 6992
f 7264 8005 7520
f 6990 7519 7514
f 7767 7515 7766
f 7525 8679 8209
f 8679 7525 6754
f 7521 7514 7519
f 6991 7263 7769
f 7524 6991 7769
f 7518 8016 6758
f 7270 7522 7762
f 7762 7771 7270
f 7770 7268 7524
f 7268 7770 7772
f 7520 7529 6998
f 7526 8207 8009
f 7771 7533 7270
f 8010 7000 8013
f 7772 7528 7268
f 8690 7768 6997
f 8207 7527 7773
f 7000 8014 8013
f 6532 8690 6997
f 8016 7003 6758
f 7002 7529 7774
f 7764 8019 8931
f 7002 7774 7780
f 8015 8212 7530
f 8697 7527 7532
f 8017 8014 7777
f 8447 8017 7777
f 7776 7779 7273
f 7273 7531 7776
f 7783 7277 7780
f 7532 8214 8697
f 7781 7278 7003
f 7777 7782 8447
f 8447 7782 8018
f 7778 7280 7533
f 7280 7778 8022
f 7534 7277 7783
f 8018 6771 8448
f 8448 6771 8441
f 7016 7545 8215
f 7274 7016 8215
f 7537 7779 8213
f 7284 7784 8441
f 7015 7280 8022
f 8022 7545 7015
f 7276 7540 8024
f 7276 7273 7540
f 8024 7538 7276
f 7542 7788 7785
f 7791 7031 7278
f 7784 7544 7786
f 7789 7788 7542
f 7019 8945 8026
f 7019 7790 8945
f 8219 7543 7792
f 7548 8947 8228
f 7548 7290 7552
f 7552 8222 7548
f 7787 8222 7552
f 7787 7552 7549
f 7791 7293 7031
f 7795 7554 7283
f 7546 8028 7036
f 7555 8227 8029
f 7796 7555 7551
f 7551 8231 7796
f 7554 8229 7794
f 7554 7795 8229
f 7035 8228 7806
f 8705 7790 7556
f 7798 7799 7808
f 7557 7808 7799
f 7800 7801 7558
f 7803 7802 7559
f 7561 7805 7299
f 7558 7801 7812
f 7565 7303 7807
f 7566 8046 7802
f 7802 7803 7562
f 7804 7563 8038
f 7563 7037 8038
f 8042 7561 7564
f 7805 7810 7299
f 7811 7800 7812
f 7797 7813 8242
f 8046 7566 7301
f 7804 7568 7819
f 7563 7804 7819
f 7564 7572 7809
f 7564 7302 7572
f 7569 7299 7810
f 8046 7301 7570
f 7570 7567 8046
f 7816 7306 7815
f 7556 8257 8482
f 7315 7565 7821
f 7571 7584 7576
f 7577 7311 7563
f 7815 7579 7816
f 7814 7813 7580
f 7307 8058 7069
f 7820 7817 7818
f 7818 7582 7820
f 7582 7051 7820
f 8256 7582 7818
f 8257 7556 8277
f 7823 8053 7568
f 8053 7819 7568
f 7580 7824 7814
f 7581 7321 8050
f 7826 7582 8256
f 7826 7587 7582
f 7822 8053 7823
f 7825 7312 7577
f 7825 7585 7312
f 7321 7588 8050
f 7591 8050 7588
f 8051 7078 7586
f 7826 7343 7587
f 7593 7821 7827
f 7825 7828 7585
f 7828 7596 7585
f 7590 8273 7824
f 7592 7595 7820
f 7830 7346 7343
f 7593 8061 7597
f 7829 8053 7822
f 7598 8062 7594
f 7590 7594 8062
f 7597 8061 7833
f 7829 7831 8053
f 7831 8059 8053
f 7838 7604 7825
f 7828 7825 7604
f 7598 7832 8062
f 7833 7352 7597
f 8064 7835 7605
f 7606 7605 7835
f 7836 7598 7602
f 7836 7832 7598
f 7612 7360 7830
f 7603 7352 7833
f 7833 7839 7603
f 7600 7840 8066
f 7607 7600 7834
f 7834 7841 7607
f 8059 7831 7837
f 7835 7842 7606
f 7601 7606 7842
f 7839 8065 7603
f 7607 8066 7840
f 8066 7607 7841
f 7838 7610 7604
f 8064 7608 7842
f 7608 8064 7605
f 7842 7608 7601
f 7602 7843 8067
f 8067 7836 7602
f 7603 7844 7840
f 8065 7844 7603
f 7843 7845 8067
f 8065 8069 7847
f 7847 7844 8065
f 7848 7845 7843
f 7850 7621 6850
f 7615 8294 7113
f 6628 6842 8078
f 7848 7616 7852
f 7853 8083 8290
f 7617 8080 7852
f 7854 7618 7619
f 7619 7853 7854
f 7619 7855 7853
f 8083 7853 7855
f 7617 8551 8080
f 8077 7856 7857
f 7622 7857 7856
f 7622 7860 7857
f 7618 7854 7858
f 7114 7620 7861
f 7856 7859 7622
f 7860 8088 7857
f 7619 7618 7858
f 7619 7858 7855
f 7378 7114 7861
f 7859 8088 7622
f 7860 7622 8088
f 7370 8298 8075
f 7621 7868 7381
f 5714 8556 8311
f 7861 7866 7378
f 6203 6628 7865
f 7624 8093 8547
f 8298 7370 7867
f 7629 8551 7623
f 7865 6880 6203
f 7131 7378 7866
f 7630 7381 7868
f 8316 7123 7625
f 7626 7123 8316
f 7869 7386 8096
f 7627 7382 7869
f 7869 7870 7627
f 7870 7631 7627
f 8309 7371 8097
f 8316 7625 7872
f 7867 7385 7626
f 7626 8094 7867
f 7870 7874 7631
f 7394 7631 7874
f 7871 8099 6874
f 7396 7394 7874
f 7874 7875 7396
f 6874 8099 7148
f 8571 7632 7395
f 8571 7873 7632
f 8102 7633 7875
f 7875 7633 7396
f 7395 8101 8571
f 7881 7400 8102
f 8319 8322 7641
f 8098 7878 7643
f 8101 8104 8576
f 8105 7635 7881
f 8319 7641 7637
f 7883 8098 7643
f 7884 7635 8105
f 8104 7636 7885
f 7640 7409 7884
f 7640 7889 7635
f 7415 8570 7634
f 7637 8567 8319
f 7877 8107 7901
f 7407 7639 7885
f 7887 8106 7882
f 7639 7646 7888
f 7888 7892 7639
f 7885 7639 7892
f 7894 7889 7640
f 6421 7890 7150
f 7637 7891 8567
f 7901 7654 7877
f 7645 9331 9324
f 7646 7892 7888
f 7648 7893 8332
f 8332 7892 7648
f 7894 7893 7648
f 7147 7895 7894
f 7894 7895 7889
f 7890 7902 7150
f 7886 7897 7649
f 7899 8575 7883
f 8335 7153 7148
f 9077 8583 7647
f 7896 7651 7644
f 7897 8113 7649
f 8115 7887 7898
f 7650 7898 7887
f 7653 7649 8113
f 8115 7898 7900
f 7650 7900 7898
f 8333 7415 7413
f 7651 8342 7656
f 7891 7652 7655
f 7655 7653 7891
f 7653 7907 7891
f 7653 7903 7657
f 7900 7650 7910
f 7904 7910 7650
f 7901 8116 7904
f 7654 7901 7904
f 8588 7658 8592
f 8117 6658 7153
f 7413 7905 8333
f 7652 7906 7655
f 7906 7907 7655
f 7655 7907 7653
f 7908 7657 7903
f 7900 7910 7909
f 7911 7654 7904
f 7654 7911 7919
f 9077 7647 7659
f 7659 7434 9077
f 7906 7652 7660
f 7913 7657 7908
f 7918 8123 7909
f 7909 7910 7918
f 7911 7918 7910
f 7912 6895 6658
f 7422 8131 9076
f 7665 8119 7914
f 7662 7665 7914
f 7657 7913 7660
f 7660 7916 7906
f 8123 7918 7917
f 7911 8124 7919
f 7920 8126 7664
f 8126 8119 7664
f 7665 7664 8119
f 7669 7915 7922
f 7669 7662 7915
f 7660 7424 7666
f 7672 7660 7913
f 8141 7672 7913
f 8135 7916 7660
f 8141 7913 7916
f 7917 8142 8617
f 8142 7917 7918
f 8617 8142 7919
f 7919 8142 7667
f 6895 8346 7668
f 7670 8139 8127
f 7924 7660 7666
f 7924 8135 7660
f 7924 7672 8141
f 8142 8617 7925
f 7925 7933 8142
f 7933 7667 8142
f 6899 7668 7927
f 7920 7664 7928
f 7937 7669 7922
f 7922 7938 7937
f 7923 8140 7671
f 7430 7931 7666
f 7672 7924 7931
f 7924 7666 7931
f 8149 8142 7673
f 7935 6899 7927
f 7675 8147 7928
f 7929 7936 7675
f 7936 7929 7930
f 7670 7941 8139
f 7941 7939 8139
f 7931 7430 7439
f 7931 7924 7943
f 7943 7924 7932
f 7945 8149 7673
f 7933 7945 7676
f 7442 8145 7934
f 7442 7935 8145
f 7170 8151 7940
f 7941 7680 7939
f 7939 7680 7942
f 7948 7931 7439
f 7676 7945 7682
f 7442 7170 8150
f 8150 7935 7442
f 7940 8150 7170
f 7683 7443 7170
f 7949 7684 7443
f 7680 7679 7451
f 7686 7948 7439
f 7686 7943 7948
f 8152 7945 7952
f 7945 7677 7687
f 7695 7448 7950
f 8157 7951 7686
f 7686 7693 8157
f 7951 7697 7686
f 7951 7948 7955
f 7952 7945 7687
f 7945 7952 7682
f 7952 7687 7682
f 8156 7690 7694
f 7701 7695 7950
f 7693 7696 8157
f 7951 7955 7954
f 7954 7697 7951
f 8370 7944 7702
f 7700 7956 7699
f 7194 7701 7953
f 7696 7704 8160
f 8160 8157 7696
f 7703 7699 7956
f 7200 7194 7953
f 7703 7707 7464
f 7957 7710 8162
f 8163 8373 7468
f 7468 8373 7704
f 7954 7713 7706
f 7702 8374 8370
f 7958 8162 7710
f 8386 6930 7466
f 7714 7963 7474
f 8163 7468 7712
f 7716 7473 7709
f 7711 7962 7476
f 7960 8386 7466
f 8171 7712 7715
f 7716 7964 7717
f 7717 7958 6937
f 7479 7476 7962
f 7469 7479 7960
f 7718 8386 7965
f 8169 7718 7965
f 7963 7722 7474
f 7477 7967 8374
f 7722 7966 6945
f 8380 6945 7966
f 8175 8161 7968
f 7968 8161 7720
f 7720 7724 7968
f 7477 7725 7967
f 7723 7974 7212
f 7973 7967 7725
f 7974 7970 7971
f 7972 7728 7481
f 8176 7726 7483
f 8179 7973 7726
f 7484 7974 7971
f 7482 8392 7727
f 7215 7482 7727
f 7724 7727 7968
f 7726 7973 6949
f 8393 7486 6951
f 6951 8875 8393
f 6951 7729 8876
f 7729 8394 8876
f 7730 8641 7218
f 8641 7730 7731
f 8395 7977 7486
f 7485 8398 8394
f 8180 6955 7976
f 8878 7731 7978
f 8181 7220 8399
f 8400 7488 7977
f 8647 7732 7734
f 7221 7220 8181
f 7734 8401 8647
f 8181 7980 7221
f 8182 7736 7980
f 8650 6958 7735
f 7491 7227 7983
f 7983 7985 7491
f 7984 7495 7738
f 7983 7227 7741
f 7741 8186 7983
f 7986 7491 7985
f 7984 7738 7739
f 7739 7987 7984
f 7740 7495 7984
f 8186 7741 7745
f 7745 7988 8186
f 7746 7986 7985
f 7985 7988 7746
f 7987 7739 7748
f 7739 7744 7748
f 7987 7748 7497
f 7987 7497 7740
f 7988 7745 7746
f 7746 7749 7747
f 7744 7750 7748
f 7238 7751 7992
f 7751 7238 7747
f 7499 7238 7992
f 7992 7990 7499
f 7501 7500 7993
f 7750 7501 7993
f 7993 7994 7750
f 7750 7994 7503
f 7245 7990 7992
f 7245 7499 7990
f 7993 7500 7752
f 7752 7994 7993
f 7994 7752 7503
f 7991 7998 7504
f 7754 7997 7996
f 7756 7504 7998
f 7999 7756 7998
f 7509 7256 8194
f 8195 7997 7999
f 7999 8419 8195
f 7512 7522 7759
f 7760 7512 7759
f 7760 7508 7512
f 8001 7762 7760
f 7767 8000 7757
f 7763 8000 7767
f 7761 8669 8192
f 7761 7764 8669
f 6754 8674 8679
f 8674 6992 7765
f 7765 8196 8674
f 7509 7518 6993
f 7514 8002 7759
f 8003 7759 8002
f 8003 7760 7759
f 8008 7762 8001
f 8008 7771 7762
f 7767 8432 7763
f 7765 8007 8196
f 7766 8208 8004
f 8004 7767 7766
f 7763 8012 7263
f 7263 8012 7769
f 7521 8010 8422
f 8011 7514 7521
f 7521 8422 8011
f 7524 7769 8426
f 8206 8010 8013
f 7775 8208 7766
f 7771 7778 7533
f 7528 7776 7531
f 7780 7774 7783
f 8449 7775 7274
f 7274 8215 8449
f 8213 8443 8020
f 8021 7536 7535
f 8441 7784 8451
f 8022 8215 7545
f 8452 7546 8020
f 8453 8214 7785
f 7785 8218 8453
f 8021 7535 8219
f 8451 7784 7786
f 8452 8028 7546
f 7541 7538 8027
f 8223 7307 8212
f 8218 7785 7788
f 7788 8226 8218
f 8027 7547 7541
f 8947 7548 8222
f 7787 7549 7534
f 7534 8030 7787
f 8026 8226 7788
f 8026 7788 7789
f 7795 7283 8023
f 8024 7540 8029
f 8027 8036 7547
f 8222 7787 8030
f 7793 7787 8030
f 7787 8031 8030
f 7793 8030 8031
f 7794 8229 8033
f 7786 7544 8034
f 8467 7555 7796
f 8231 8467 7796
f 8036 7551 7547
f 7787 7793 8031
f 8465 8219 7792
f 7792 8035 8465
f 7794 8033 8035
f 8035 7792 7794
f 8467 8227 7555
f 8231 7551 8234
f 8234 7551 8036
f 8232 8465 8035
f 8035 8041 8232
f 8034 7560 7804
f 8034 7804 8037
f 8028 8038 7037
f 8237 8234 8036
f 7797 8235 7287
f 7293 8045 7807
f 8040 8244 7798
f 7799 7798 8244
f 8041 7559 8232
f 7559 7802 8232
f 8041 7803 7559
f 8037 7804 8038
f 7561 8042 8237
f 8237 7805 7561
f 8043 7800 7811
f 8043 7801 7800
f 8043 8246 7801
f 8246 7812 7801
f 7797 8242 8235
f 8247 8040 7798
f 8247 7798 7808
f 7808 8248 8247
f 7799 8248 7557
f 7808 7557 8248
f 7802 8046 8232
f 8046 7567 8041
f 7567 7562 7803
f 7803 8041 7567
f 8042 7809 8047
f 8042 7564 7809
f 7812 8249 7811
f 7812 8246 8249
f 7806 8056 7575
f 8705 7556 8482
f 7807 8045 8049
f 8049 7565 7807
f 7569 8047 7809
f 8047 7569 7810
f 8242 7813 7814
f 7814 8250 8242
f 8255 7586 7581
f 7817 8048 7818
f 8256 7818 8048
f 8052 7565 8049
f 7565 8052 7821
f 7814 8274 8250
f 7581 8050 8255
f 8051 7586 8255
f 8050 8263 8255
f 7817 7820 9223
f 7563 7819 8054
f 7563 8054 7577
f 7824 8274 7814
f 7821 8052 8055
f 8055 7827 7821
f 8271 7819 8053
f 8054 7825 7577
f 8050 7591 8263
f 7591 8503 8263
f 8057 7078 8051
f 7825 8054 8070
f 7824 8273 8274
f 7591 7345 8503
f 7343 7826 7830
f 7593 7827 8060
f 8514 8503 7345
f 8057 7611 7078
f 7820 7595 9223
f 7593 8060 8061
f 7838 7825 8070
f 8062 8281 7590
f 8281 8273 7590
f 7595 7356 9223
f 7833 8061 8063
f 7356 8287 9223
f 7833 8063 8065
f 7833 8065 7839
f 7834 7600 8066
f 8066 7841 7834
f 7835 8064 7842
f 7836 8067 7832
f 8062 7832 8067
f 8067 8068 8062
f 6842 7092 8522
f 7610 7838 8070
f 8065 8063 8069
f 8070 8071 7610
f 8071 7850 7610
f 7845 8068 8067
f 7110 7611 8073
f 7356 7846 8287
f 8520 7837 7613
f 7613 9016 8520
f 8526 8068 7845
f 9785 7087 7849
f 7612 6618 6847
f 8069 8072 7847
f 8291 8526 7845
f 7845 7848 8291
f 7846 8528 8287
f 7847 8072 8079
f 9016 7613 8075
f 8074 8290 8292
f 7369 7847 8079
f 7848 7852 8291
f 8076 8077 8535
f 7851 9541 7609
f 7852 8080 8291
f 8547 8528 7846
f 7853 8290 8082
f 8083 8302 8292
f 8292 8290 8083
f 8079 7620 7369
f 8075 8298 8776
f 8084 8077 8076
f 7373 6618 8539
f 7855 8300 8083
f 8084 7856 8077
f 8081 8077 7857
f 7857 8299 8081
f 7857 8307 8299
f 8294 8556 7113
f 7855 8085 8300
f 8307 7857 8088
f 8085 7855 7858
f 8308 8086 7862
f 8089 7862 8304
f 8086 8304 7862
f 7863 8091 8087
f 7863 8087 8090
f 9541 7851 8557
f 7126 9857 8533
f 7862 8089 8308
f 8090 8092 7863
f 7867 8094 8298
f 7863 8092 8091
f 6880 7865 8314
f 7131 7866 8559
f 7868 8317 7630
f 8311 8321 6415
f 8316 8095 7626
f 8316 7872 8320
f 8094 7626 8095
f 7405 6415 8321
f 8816 7872 7873
f 8816 8320 7872
f 8566 7875 7874
f 6634 7876 7629
f 7877 8554 8315
f 8554 7878 8098
f 8571 8816 7873
f 8107 7877 8315
f 8554 7877 7878
f 6652 7131 8110
f 7146 6404 8100
f 8100 7886 7146
f 8325 7416 6880
f 7641 8322 8103
f 8570 8097 7634
f 8574 8565 7882
f 8098 7883 8575
f 8574 7882 8106
f 8108 7640 7884
f 8108 7884 8105
f 7885 8581 8104
f 8108 8112 7640
f 8103 7896 7644
f 7886 8329 7897
f 7901 8107 8111
f 8581 7885 7892
f 8112 7894 7640
f 7891 8109 8567
f 8326 7897 8329
f 7887 8327 8106
f 8581 7892 8332
f 8113 7897 8326
f 8327 7887 8115
f 8115 8331 8327
f 8588 8575 7899
f 7893 7894 8332
f 8829 7651 7896
f 7891 7649 8109
f 7649 8114 8109
f 7901 8111 7898
f 7891 8114 7649
f 7898 8111 8116
f 8116 7901 7898
f 8114 7891 7907
f 7907 7908 8114
f 7903 7653 8113
f 7903 8113 8336
f 7900 8339 8115
f 8598 8592 7658
f 8340 8333 7905
f 7903 8118 7908
f 8339 8123 8344
f 8123 8339 7900
f 7909 8123 7900
f 8344 7909 8116
f 8341 8344 8116
f 8116 7909 7911
f 7911 7904 8116
f 8125 8598 7658
f 6658 8117 7912
f 7905 8127 8340
f 8121 7907 7906
f 8121 7908 7907
f 8128 7913 7908
f 8128 7908 8118
f 9078 7880 8122
f 8124 7911 7909
f 8130 8598 8125
f 8119 8132 7914
f 7662 7914 8120
f 8120 7915 7662
f 8121 7906 7916
f 7916 7913 8128
f 8123 7917 8129
f 8129 7917 8124
f 8124 7917 7919
f 8350 8349 8130
f 6895 7912 8346
f 7920 8351 8126
f 8133 8120 7914
f 7922 7915 8134
f 8141 7916 8128
f 8347 7681 6897
f 8129 8617 8355
f 8617 7919 7917
f 8350 8130 7926
f 7926 8136 8350
f 8346 8136 7668
f 8136 8137 7668
f 7920 8855 8351
f 6661 7921 8138
f 8135 7924 8141
f 8356 8136 7926
f 7927 7668 8137
f 8137 8357 7927
f 8357 8360 7927
f 7920 7928 8855
f 8363 8855 7928
f 7922 8620 7938
f 7685 6661 8138
f 8143 8144 8139
f 7924 8141 7932
f 8149 8617 8142
f 7926 7934 8356
f 8357 8356 7934
f 8357 7934 8145
f 8145 8360 8357
f 7927 8360 8146
f 7935 7927 8146
f 8363 7928 8147
f 7936 8147 7675
f 8364 7936 7930
f 7930 7937 8364
f 8364 7937 7938
f 7938 8620 8364
f 8139 7939 8143
f 8144 7942 8148
f 7933 7925 7945
f 8146 8145 7935
f 7935 8150 8151
f 8151 8146 7940
f 8150 8146 8151
f 8367 8147 7936
f 8364 8367 7936
f 7939 7942 8143
f 7931 7948 8368
f 8368 7924 7931
f 7943 7932 8376
f 8621 8122 7944
f 8365 8149 8152
f 8152 8149 7945
f 8153 7925 8149
f 7945 7925 8153
f 9091 7434 7946
f 8376 7948 7943
f 8621 7944 8370
f 7681 8158 6694
f 8153 8155 7945
f 7691 7690 8156
f 7685 8154 7950
f 8368 7948 7951
f 7951 8369 8368
f 7955 7948 8376
f 8365 8152 7952
f 7952 7945 8155
f 7950 7953 7701
f 8369 7951 8157
f 7700 7952 8155
f 8155 8159 7700
f 8156 7694 8371
f 8157 8160 8369
f 8159 7956 7700
f 8371 7694 7957
f 8378 9374 7946
f 7708 6694 8158
f 7700 8629 7952
f 7957 8162 8371
f 8372 8165 6702
f 8160 7704 8373
f 8164 7954 7955
f 8629 7700 8161
f 7707 7703 7956
f 8164 7713 7954
f 8629 8161 8633
f 7711 7959 8168
f 7963 7714 8170
f 7205 7200 8166
f 8633 8161 8389
f 7709 7964 7716
f 6944 6702 8165
f 8168 7959 7961
f 7961 8167 8168
f 7962 7711 8168
f 7714 8169 8170
f 7205 8166 7719
f 8171 7719 8383
f 7712 8171 8866
f 8175 8389 8161
f 6944 8172 7721
f 7479 7962 8173
f 8173 7960 7479
f 7722 7963 8170
f 7966 9115 8380
f 7713 8388 7972
f 7972 7969 7713
f 7723 8174 7974
f 8174 7970 7974
f 7967 7973 8179
f 7971 8177 7482
f 8176 8179 7726
f 8392 7482 8177
f 8392 8175 7727
f 8175 7968 7727
f 7972 8178 7728
f 7975 7728 8178
f 7218 8642 7976
f 8180 7976 8396
f 7731 8878 8641
f 8398 8397 8394
f 8398 7732 8647
f 8181 8182 7980
f 8884 9126 7979
f 7735 7488 8649
f 8401 7981 8885
f 7981 8183 8885
f 6958 8650 7982
f 7737 9132 7489
f 8885 8183 8410
f 7989 8410 8183
f 7984 8404 8184
f 7984 7987 8404
f 8184 7740 7984
f 9132 7737 8185
f 8409 8404 7987
f 7987 7740 8184
f 8184 8409 7987
f 7995 6963 8408
f 8415 8188 7992
f 7992 7990 8187
f 7990 7992 8188
f 8188 8187 7990
f 8415 7992 8187
f 8187 8188 8415
f 7996 8410 7989
f 8410 7996 8191
f 7997 8191 7996
f 8193 7999 7998
f 8195 8191 7997
f 8193 8419 7999
f 8003 8001 7760
f 8008 8001 8197
f 8205 8008 8197
f 8199 8208 8198
f 8199 8200 8004
f 7767 8200 8202
f 7767 8004 8200
f 8005 8201 7520
f 8006 8676 8005
f 8007 8680 8196
f 8004 8208 8199
f 7767 8202 8432
f 8433 7763 8432
f 8012 7763 8433
f 8426 8203 7524
f 7524 8203 7770
f 7520 8201 8429
f 8006 7768 8677
f 8680 8007 8009
f 7518 8688 8016
f 8206 8422 8010
f 8011 8430 7514
f 8430 8002 7514
f 8002 8204 8003
f 7771 8008 8205
f 7764 8687 8669
f 8211 7771 8205
f 7529 7520 8429
f 8429 8446 7529
f 8013 8434 8206
f 8687 7764 8931
f 8013 8014 8434
f 8208 7775 8449
f 8210 8207 7773
f 8014 8437 8434
f 8211 7778 7771
f 7774 7529 8446
f 8440 8690 6532
f 8437 8014 8017
f 8017 8695 8437
f 8438 7776 7528
f 8015 8943 8212
f 7773 7527 8697
f 8697 8210 7773
f 7003 8016 8454
f 8695 8017 8447
f 7781 7003 8454
f 8448 8447 8018
f 8020 8443 8452
f 8937 8213 7779
f 8937 7779 7776
f 7778 8215 8022
f 8019 9191 8931
f 6532 8025 8440
f 8019 8217 9191
f 7791 7278 7781
f 8220 8023 8021
f 8023 7536 8021
f 8216 8028 8452
f 8024 8458 7538
f 7538 8221 8027
f 8218 8226 8224
f 8026 8457 8226
f 8216 8703 8028
f 8225 8032 8030
f 7534 8225 8030
f 8024 8029 8227
f 8705 8945 7790
f 7791 8464 7293
f 8462 7786 8034
f 8703 8038 8028
f 8233 8035 8033
f 8230 8229 7795
f 8462 8034 8037
f 8038 8703 8037
f 7287 8235 8217
f 8233 8240 8035
f 8240 8041 8035
f 8238 8237 8036
f 8045 7293 8236
f 8237 8042 8479
f 8238 7805 8237
f 8238 8241 7805
f 8044 8039 8471
f 8244 8248 7799
f 8726 8232 8046
f 8046 8245 8726
f 8041 8240 8245
f 8245 8046 8041
f 8479 8042 8047
f 7810 7805 8241
f 8241 8479 7810
f 8058 7307 8239
f 8049 8045 8243
f 8047 7810 8479
f 8490 8043 7811
f 8490 7811 8249
f 8709 8469 8741
f 7817 8478 8048
f 8256 8048 8478
f 8260 8489 8253
f 8255 8251 8051
f 8252 8258 8259
f 8265 8260 8253
f 8265 8253 8266
f 8274 8493 8250
f 8262 8497 8254
f 8264 8259 8258
f 8261 8272 8267
f 8268 8272 8261
f 8276 7826 8256
f 8277 8746 8257
f 8259 8264 8278
f 8278 8495 8259
f 8265 8266 8270
f 8274 8275 8493
f 8276 7830 7826
f 8279 8055 8052
f 8502 8506 7827
f 7827 8055 8502
f 8271 8054 7819
f 8501 8280 8279
f 8279 8512 8055
f 8060 7827 8506
f 8271 8053 8059
f 8275 8274 8284
f 8282 8283 8280
f 8279 8280 8283
f 8275 8285 8508
f 8521 7615 7599
f 9508 8277 8286
f 8063 8061 8060
f 8062 8519 8281
f 8059 7837 8520
f 8519 8062 8068
f 7830 8288 7612
f 8524 8519 8068
f 9785 8514 7087
f 8063 8289 8069
f 8072 8069 8289
f 8524 8068 8526
f 6842 9558 8078
f 9009 8286 8533
f 8074 8771 8290
f 8075 8776 9016
f 8296 7621 7850
f 8074 8292 8775
f 8072 8295 8079
f 8076 8527 8293
f 8527 8076 8535
f 7110 8073 7864
f 8082 8290 8780
f 8534 8291 8080
f 8077 8081 8535
f 8081 8537 8535
f 7865 6628 8078
f 8082 8297 7853
f 8292 8302 8536
f 8295 7620 8079
f 8295 7861 7620
f 8296 8312 7621
f 8076 8303 8084
f 8081 8299 8537
f 7854 7853 8297
f 8297 7858 7854
f 8300 8301 8083
f 8083 8301 8302
f 7856 8084 8542
f 8542 8545 7856
f 7858 8543 8085
f 8085 8543 8300
f 7859 7856 8545
f 8088 7859 8545
f 8545 8307 8088
f 8800 7849 8309
f 8305 8306 8087
f 8087 8306 8090
f 8089 8304 8310
f 8310 8797 8089
f 7868 7621 8312
f 8799 8305 8087
f 8091 8799 8087
f 8089 8553 8308
f 8092 8555 8091
f 8555 8799 8091
f 8555 8092 8090
f 6404 7864 8802
f 8798 8298 8094
f 8312 8317 7868
f 7126 9579 9857
f 8095 8798 8094
f 8317 8318 8096
f 8096 7630 8317
f 7869 8096 8318
f 7870 7869 8318
f 9031 9030 8322
f 8322 8319 9031
f 8802 8100 6404
f 8314 8325 6880
f 9036 8554 8098
f 7126 8564 9579
f 7870 8566 7874
f 8801 8309 8097
f 8562 9031 8319
f 8816 9057 8320
f 8561 7629 7876
f 8315 8558 8563
f 8097 8570 8801
f 9044 8572 8103
f 9044 8103 8322
f 8319 8567 8562
f 8315 8563 8107
f 8102 7875 8569
f 7881 8102 8821
f 8569 8821 8102
f 8098 8575 8811
f 7148 8323 8818
f 8101 8576 8571
f 6421 7405 8324
f 8568 8567 8326
f 8822 8327 8107
f 7896 8103 8572
f 8326 8567 8109
f 8326 8578 8568
f 8327 8111 8107
f 7148 8818 8328
f 8104 8581 8826
f 8582 8112 8108
f 8106 8579 8574
f 7148 8328 8335
f 8110 6890 7417
f 8579 8331 8327
f 8331 8579 8106
f 8327 8331 8106
f 8112 8832 7894
f 8330 8326 8109
f 8334 8113 8326
f 8329 8334 8326
f 8330 8578 8326
f 8334 8329 8578
f 8331 8587 8327
f 8591 8111 8327
f 7894 8832 8332
f 8333 8584 7415
f 8829 8594 7651
f 8330 8109 8114
f 8115 8587 8331
f 8336 8337 8114
f 8337 8336 8334
f 8113 8334 8336
f 8338 8587 8115
f 8339 8338 8115
f 8591 8338 8339
f 8111 8591 8339
f 8111 8339 8116
f 7153 8335 8117
f 8594 8342 7651
f 8600 8114 7908
f 8600 8336 8114
f 8600 8337 8336
f 7416 8347 6897
f 8339 8338 8341
f 8341 8116 8339
f 7921 7902 8606
f 8118 7903 8336
f 8344 8338 8339
f 8117 8345 7912
f 8127 8602 8340
f 8603 8353 7671
f 8603 7671 8342
f 8121 8128 7908
f 8600 7908 8128
f 8344 8123 8610
f 8343 8124 8344
f 8124 7909 8344
f 8598 8130 8605
f 8349 8605 8130
f 7912 8345 8346
f 8126 8132 8119
f 8127 8615 8602
f 8609 8121 7916
f 8609 8128 8121
f 8122 8843 9078
f 8348 8610 8123
f 8123 8129 8348
f 8124 8343 8129
f 8132 8126 8351
f 7914 8132 8133
f 8352 7915 8120
f 8120 8133 8352
f 8134 7915 8352
f 9077 7434 9091
f 8127 8614 8615
f 8353 7923 7671
f 7916 8135 8354
f 8361 8141 8128
f 8354 8609 7916
f 8355 8348 8129
f 8362 8343 8348
f 8362 7925 8343
f 7925 8617 8129
f 8129 8343 7925
f 8356 8137 8136
f 7922 8134 8352
f 8352 8358 7922
f 8127 8139 8614
f 8139 8359 8614
f 8614 8148 8140
f 8614 8140 7923
f 8141 8618 8135
f 8618 8361 8354
f 8135 8618 8354
f 9357 8131 7674
f 8358 8620 7922
f 7685 8138 8860
f 8359 8139 8144
f 8141 7924 8618
f 8361 7932 8141
f 8149 8365 8617
f 8146 8360 8145
f 8619 8363 8147
f 8367 8619 8147
f 8144 8143 7942
f 8359 8144 8148
f 7932 8361 8376
f 8362 8366 7925
f 8366 8149 7925
f 8146 8150 7940
f 8860 8154 7685
f 8368 8618 7924
f 8153 8149 8366
f 8622 7674 7691
f 9091 7946 8624
f 8368 8369 8858
f 8858 8618 8368
f 7691 8156 8622
f 7953 7950 8154
f 8629 8870 8365
f 7952 8629 8365
f 8159 8628 7956
f 8625 8369 8160
f 8160 8373 8625
f 8628 8379 7956
f 8166 7200 7953
f 8164 7955 8376
f 7707 7956 8379
f 8373 8163 8375
f 7708 8377 7723
f 7723 8377 8174
f 7709 7707 8379
f 7709 8379 7964
f 8166 8383 7719
f 8866 8375 7712
f 8163 7712 8375
f 8388 7713 8164
f 8374 7967 8385
f 7964 8630 7717
f 7958 7717 8630
f 6944 8165 8172
f 7962 8168 8382
f 8170 8169 8632
f 8383 8866 8171
f 8174 8381 7970
f 8382 8173 7962
f 7965 8387 8169
f 8169 8387 8632
f 8635 7722 8170
f 8635 7966 7722
f 7971 7970 8638
f 8167 7721 8639
f 8179 8384 7967
f 7971 8638 8177
f 8388 8178 7972
f 8177 8391 8392
f 8389 8392 8391
f 8389 8175 8392
f 8178 8390 7975
f 7483 7975 8390
f 8176 7483 8390
f 8876 8875 6951
f 7218 8877 8642
f 7218 8641 8877
f 8642 8396 7976
f 7486 8393 8395
f 8644 7977 8395
f 8643 8394 8397
f 8180 8645 8399
f 8180 8396 8645
f 8644 8400 7977
f 8398 8881 8397
f 9128 8881 8398
f 9128 8398 8647
f 8649 7488 8400
f 8647 8401 9131
f 9131 8401 8885
f 8182 8402 7736
f 7489 9132 7979
f 7982 8408 6963
f 7991 7736 8402
f 7991 8402 8655
f 7985 7983 8403
f 8885 8410 8651
f 8404 8405 8184
f 8185 9134 9132
f 8186 8406 7983
f 7988 7985 8403
f 8407 8409 8184
f 8184 8657 8407
f 7988 8403 8406
f 8406 8186 7988
f 8408 8893 7995
f 8188 8415 8411
f 8411 8412 8188
f 7991 8417 7998
f 8413 8190 8189
f 8413 8658 8190
f 8185 8414 9134
f 8188 8416 8415
f 8188 8412 8416
f 9145 8410 9150
f 8667 7998 8417
f 8418 8413 8189
f 8189 8190 8665
f 8418 8189 8665
f 8190 8658 8665
f 7995 8194 7256
f 8193 7998 8667
f 9150 8410 8191
f 9141 8414 8192
f 8666 8191 8197
f 8195 8197 8191
f 8667 8199 8193
f 8194 8675 7509
f 8197 8195 8419
f 8193 8198 8419
f 8193 8199 8198
f 8197 8420 8666
f 8419 8198 8197
f 9421 8674 8196
f 7518 7509 8675
f 8420 8197 8001
f 8197 8198 8205
f 8682 8202 8200
f 8005 8676 8201
f 8006 8677 8676
f 8196 8680 9421
f 8011 8422 8423
f 8011 8423 8424
f 8001 8003 8425
f 8425 8420 8001
f 7770 8203 8421
f 7770 8421 8428
f 8681 8430 8011
f 8011 8424 8681
f 8202 8427 8432
f 8919 8012 8433
f 7769 8012 8919
f 7769 8919 8426
f 8428 7772 7770
f 9425 8677 7768
f 8002 8430 8204
f 8204 8431 8003
f 8425 8003 8431
f 8211 8205 8198
f 9425 7768 8690
f 8207 8680 8009
f 8911 8206 8434
f 8208 8211 8198
f 8432 8435 8433
f 8919 8433 8435
f 8680 8207 8210
f 8210 8436 8680
f 8208 8449 8211
f 8435 8432 8444
f 8438 7528 7772
f 8015 8209 8943
f 8454 8016 8694
f 8448 8441 8204
f 8431 8204 8441
f 8442 8431 8441
f 8452 8443 8444
f 8696 8444 8443
f 8439 8937 7776
f 8439 7776 8438
f 7774 8445 7783
f 8445 7774 8446
f 8943 8223 8212
f 8211 8449 7778
f 8213 8696 8443
f 8213 8937 8696
f 8442 8441 8451
f 8215 7778 8449
f 8214 8453 8697
f 8451 8944 8442
f 8455 7534 7783
f 8217 8951 9191
f 8025 8942 8440
f 8699 8698 8218
f 8453 8218 8698
f 8026 8945 8457
f 7781 8464 7791
f 8456 8021 8219
f 8456 8219 8706
f 8021 8456 8220
f 8458 8221 7538
f 8224 8699 8218
f 8699 8224 8226
f 8461 8023 8220
f 8451 7786 8944
f 8462 8944 7786
f 8027 8221 8459
f 8222 8030 8700
f 8239 7307 8223
f 8705 10044 8945
f 8461 7795 8023
f 8024 8227 8708
f 8708 8458 8024
f 8036 8027 8459
f 8459 8463 8036
f 8030 8032 8700
f 8700 8032 8225
f 8225 8460 8700
f 8025 8709 8942
f 8706 8219 8465
f 8465 8956 8706
f 8466 8233 8033
f 8229 8466 8033
f 8230 7795 8461
f 8037 8703 8462
f 8227 8710 8708
f 8217 8959 8951
f 8466 8229 8230
f 8227 8467 8710
f 8467 8231 8713
f 8713 8231 8234
f 8036 8463 8238
f 8959 8217 8235
f 8709 8025 8469
f 8236 7293 8464
f 8473 8240 8466
f 8233 8466 8240
f 8234 8721 8713
f 8234 8237 8721
f 8471 8039 8468
f 8718 8472 8045
f 8045 8236 8718
f 8465 8232 8726
f 8721 8237 8479
f 8479 8727 8721
f 8474 8470 8242
f 8235 8242 8470
f 8039 8044 8468
f 8468 8044 8471
f 8472 8243 8045
f 8472 8483 8243
f 8244 8040 8725
f 8245 8473 8726
f 8245 8240 8473
f 8727 8479 8241
f 8246 8043 8480
f 8480 8733 8246
f 8968 8474 8250
f 8474 8242 8250
f 8481 8475 8476
f 8478 7817 8477
f 8718 8259 8049
f 8049 8483 8718
f 8483 8049 8243
f 8731 8725 8040
f 8247 8731 8040
f 8244 8484 8248
f 8480 8043 8490
f 8246 8733 8249
f 8486 8968 8250
f 8481 8251 8735
f 8251 8481 8967
f 8967 8051 8251
f 8730 8256 8478
f 8488 8252 8724
f 8488 8258 8252
f 8247 8484 8731
f 8484 8247 8248
f 8491 8485 8261
f 8491 8492 8485
f 8261 8485 8492
f 8486 8250 8493
f 8486 8493 8269
f 8269 8728 8486
f 8728 8269 8729
f 8487 8729 8254
f 8254 8498 8487
f 8251 8255 8735
f 9223 8477 7817
f 8256 8730 8276
f 8494 8482 8257
f 8488 8494 8258
f 8049 8259 8495
f 8261 8742 8491
f 8492 8268 8261
f 8269 8262 8729
f 8729 8262 8254
f 8254 8497 8744
f 8744 8498 8254
f 8255 8263 8735
f 8500 8057 8051
f 8505 8264 8494
f 8258 8494 8264
f 8052 8049 8495
f 8496 8260 8265
f 8496 8489 8260
f 8742 8261 8267
f 8492 8499 8268
f 8509 8056 8498
f 8263 8503 8735
f 8264 8505 8278
f 8495 8501 8052
f 8052 8501 8279
f 8496 8265 8270
f 8272 8507 8267
f 8272 8268 8499
f 8499 8507 8272
f 8751 8262 8269
f 8497 8262 8751
f 8500 7611 8057
f 8277 8504 8746
f 8278 8510 8495
f 8510 8501 8495
f 8502 8055 8506
f 8493 8275 8508
f 8269 8493 8508
f 8751 8269 8508
f 7599 8056 8509
f 8510 8280 8501
f 8506 8055 8512
f 8512 8753 8513
f 8513 8506 8512
f 8506 8513 8060
f 8754 8273 8281
f 8273 8754 8284
f 8284 8274 8273
f 8509 8521 7599
f 8504 8277 9508
f 8282 8280 8510
f 8282 8510 8511
f 8279 8283 8515
f 8512 8279 8515
f 8275 8284 8758
f 8285 8755 8508
f 8283 8282 8515
f 8513 8517 8060
f 9260 8271 8059
f 8054 8518 8070
f 8758 8285 8275
f 8517 8063 8060
f 8059 8520 9260
f 8516 8073 7611
f 9523 9223 8287
f 8517 8523 8063
f 8518 8071 8070
f 8286 9009 9508
f 8522 9558 6842
f 8288 8539 7612
f 8289 8063 8523
f 8523 8525 8289
f 8529 8769 8526
f 8526 8769 8524
f 9528 8287 8528
f 6618 7612 8539
f 8074 8775 8774
f 8771 8074 8774
f 8525 8072 8289
f 8072 8525 8778
f 8526 8291 8529
f 8532 8531 8527
f 8771 8780 8290
f 8534 8530 8529
f 8534 8529 8291
f 8527 8531 8293
f 8775 8292 8536
f 8295 8072 8778
f 8293 8531 8779
f 7864 8073 8538
f 8080 8782 8534
f 8536 8302 8540
f 8295 8541 7861
f 8303 8076 8293
f 8785 8537 8299
f 7864 8538 8546
f 7858 8297 8543
f 8543 8784 8300
f 8301 8300 8784
f 8540 8302 8301
f 8541 8544 7861
f 8791 8782 8080
f 8542 8084 8303
f 8785 8545 8542
f 8299 8545 8785
f 8299 8307 8545
f 8556 8294 9306
f 8544 7866 7861
f 8086 8787 8304
f 8304 8787 8550
f 8548 8549 8305
f 8306 8305 8549
f 8080 8551 8791
f 8308 8793 8086
f 8550 8310 8304
f 8306 8555 8090
f 7871 7373 8552
f 8308 8553 8793
f 8548 8305 8799
f 9025 8554 9036
f 8552 9050 7871
f 8089 8797 8553
f 8554 9025 8315
f 8556 8321 8311
f 8093 8804 8547
f 7871 9050 8099
f 9044 8322 9030
f 8562 9039 9031
f 9586 9308 7629
f 9045 9039 8562
f 8313 9584 8557
f 9052 8804 8093
f 9036 8098 9043
f 8316 8320 8805
f 8095 8316 8805
f 8110 7131 8559
f 7870 8560 8566
f 9052 8093 8565
f 8563 8558 8809
f 8324 7405 8321
f 8811 9043 8098
f 7876 7879 8561
f 8567 8568 8562
f 8323 7148 8099
f 7875 8566 8569
f 8100 8573 7886
f 8107 8563 8822
f 8808 8574 8815
f 8574 8808 8565
f 8821 8580 7881
f 8576 9332 8571
f 7881 8580 8105
f 8573 8329 7886
f 8580 8108 8105
f 8577 8570 7415
f 9061 8568 8578
f 8325 8830 7416
f 8822 8823 8327
f 8576 8104 8826
f 7879 8583 9892
f 9320 8829 7896
f 9320 7896 8572
f 8823 8831 8327
f 8335 8328 8585
f 7415 8584 8577
f 8329 8586 8578
f 8575 8588 9322
f 8332 8832 8581
f 8832 8112 8582
f 8330 8334 8578
f 8585 8593 8335
f 8589 8584 8333
f 8590 8330 8114
f 8590 8334 8330
f 8586 8595 8334
f 8590 8586 8334
f 8340 8589 8333
f 8337 8590 8114
f 8337 8334 8595
f 8587 8338 8596
f 8597 8591 8596
f 8591 8597 8338
f 8598 8836 8592
f 8117 8335 8593
f 8599 8589 8340
f 8837 8342 8594
f 8838 8596 8338
f 8601 8341 8338
f 8338 8597 8601
f 8602 8599 8340
f 8342 8837 8603
f 8336 8337 8118
f 8838 8338 8604
f 8338 8344 8604
f 8601 8597 8604
f 8344 8341 8601
f 9076 8131 9341
f 8600 8128 8842
f 8838 8604 8610
f 8344 8610 8604
f 8607 8601 8604
f 8601 8343 8344
f 8349 8345 8605
f 8608 8345 8349
f 8346 8345 8608
f 7921 8606 8138
f 8609 8842 8128
f 8607 8348 8601
f 8343 8601 8348
f 8349 8350 8608
f 8608 8350 8346
f 8350 8136 8346
f 8132 8351 8611
f 8132 8611 8847
f 8132 8847 8133
f 8612 8352 8133
f 8612 8613 8352
f 8615 8614 7923
f 8615 7923 8353
f 8609 8354 9093
f 8128 8853 8361
f 8347 8616 7681
f 8610 8348 8355
f 8355 9355 8610
f 8357 8137 8356
f 9341 8131 9357
f 8351 8855 8611
f 8358 8352 8613
f 8359 8148 8614
f 8354 8361 9093
f 8617 9355 8355
f 8363 8856 8855
f 9093 8361 8618
f 8122 8621 8843
f 7681 8616 8158
f 8363 8619 8856
f 8364 8620 8619
f 8619 8367 8364
f 8361 8859 8376
f 8365 9355 8617
f 8622 9357 7674
f 8366 9101 8153
f 9368 8372 7678
f 8621 8370 8627
f 8158 8623 8862
f 8155 8153 9101
f 8156 8371 8622
f 8374 8627 8370
f 7953 8154 9103
f 8625 8858 8369
f 8862 7708 8158
f 8865 9355 8365
f 8870 8865 8365
f 8159 8155 8626
f 8624 7946 9374
f 8626 8628 8159
f 8861 8625 8373
f 7708 8862 8377
f 8371 8162 8863
f 8373 8375 8861
f 8385 8627 8374
f 8377 8381 8174
f 9105 7967 8384
f 8385 7967 9105
f 8870 8629 8631
f 8633 8631 8629
f 8630 8162 7958
f 8386 7960 8868
f 8378 8380 9115
f 8173 8868 7960
f 8168 8167 8634
f 8634 8382 8168
f 8387 7965 8386
f 8635 8170 8632
f 8164 8640 8388
f 8636 8637 8179
f 7970 8869 8638
f 8177 8638 8631
f 8633 8177 8631
f 8633 8391 8177
f 8633 8389 8391
f 8167 8639 8634
f 8640 8874 8390
f 8176 8390 8874
f 8874 8636 8176
f 8179 8176 8636
f 8178 8388 8640
f 8640 8390 8178
f 9123 8876 8394
f 9123 8394 8643
f 8878 7978 9125
f 8399 8645 8646
f 8643 8397 8879
f 8397 8881 8879
f 8646 8645 8880
f 9126 9125 7978
f 8399 8646 8181
f 8883 8181 8646
f 8647 9131 9128
f 8648 8182 8181
f 8402 8182 8648
f 8650 7735 8649
f 7979 9394 8884
f 9394 7979 9132
f 8886 8652 7983
f 8403 7983 8652
f 8405 8653 8184
f 8886 7983 8406
f 8406 8888 8886
f 8403 8652 8654
f 8654 8406 8403
f 8409 8656 8404
f 8405 8404 8656
f 8657 8184 8653
f 8888 8406 8891
f 8654 8891 8406
f 9145 8651 8410
f 8409 8407 8656
f 8417 7991 8655
f 8414 9141 9134
f 8411 8415 8892
f 8412 8411 8892
f 8659 8658 8413
f 8413 8418 8659
f 8659 8660 8658
f 8194 7995 8893
f 8663 8897 8892
f 8892 8415 8663
f 8663 8415 8416
f 8661 8663 8416
f 8418 8665 8662
f 8659 8418 8662
f 8661 8902 8663
f 8417 8664 8667
f 8905 8662 8665
f 9150 8191 8666
f 8667 8671 8199
f 9141 8192 8669
f 8675 8194 8668
f 8422 8907 8670
f 8670 8423 8422
f 8908 8666 8420
f 8671 8200 8199
f 9158 8672 8421
f 8671 8682 8200
f 8426 9158 8203
f 8421 8203 9158
f 8428 8421 8673
f 8688 7518 8675
f 8908 8420 8425
f 8425 9169 8908
f 8422 8206 8911
f 8427 8202 8682
f 8426 8919 8678
f 8920 8684 8691
f 8681 8927 8430
f 8431 9169 8425
f 7772 8428 8685
f 8923 8922 8683
f 8689 8923 8683
f 8429 8940 8446
f 8921 8911 8434
f 8927 8204 8430
f 8435 8936 8919
f 8438 7772 8685
f 8689 8686 9174
f 10030 8943 8209
f 8436 8928 8680
f 8688 8694 8016
f 8921 8434 8437
f 8927 8692 8204
f 8432 8427 8444
f 8695 8921 8437
f 8692 8448 8204
f 8431 8442 9169
f 8442 9184 9169
f 8435 8444 8696
f 8696 8936 8435
f 8436 8210 8932
f 8932 8928 8436
f 9179 8695 8447
f 9179 8447 8448
f 8448 8692 9179
f 8444 8427 8452
f 7783 8445 8450
f 8940 8445 8446
f 8932 8210 8697
f 8455 7783 8450
f 8697 8453 9186
f 8944 9184 8442
f 8946 8216 8452
f 9186 8453 8698
f 8454 8952 7781
f 8699 8457 8698
f 8699 8226 8457
f 8464 7781 8952
f 8456 8706 8220
f 8948 8222 8700
f 8455 8225 7534
f 8701 8702 8460
f 8460 8455 8701
f 8455 8460 8225
f 8461 8220 8707
f 8462 9198 8944
f 9198 8462 8703
f 8221 8458 8704
f 8459 8221 8704
f 10049 8228 8947
f 8700 8460 8702
f 8458 8708 8954
f 8463 8459 8704
f 10049 8714 8228
f 8953 8706 8956
f 8707 8962 8461
f 8962 8230 8461
f 7806 8228 8714
f 8465 9213 8956
f 8466 8230 8962
f 8711 8236 8464
f 8473 8466 8962
f 8710 8467 8713
f 8711 8969 8236
f 8472 8719 8712
f 8719 8472 8718
f 8472 8712 8720
f 8465 8726 9213
f 8722 8241 8238
f 8728 8959 8235
f 8734 7806 8714
f 8734 8056 7806
f 8715 8475 8723
f 8475 8715 8476
f 8477 8716 8478
f 8730 8478 8716
f 8717 8705 8482
f 8969 8252 8236
f 8483 8719 8718
f 8719 8483 8720
f 8472 8720 8483
f 8722 8727 8241
f 8470 8474 8968
f 8968 8486 8470
f 8235 8470 8486
f 8728 8235 8486
f 8723 8475 8481
f 9476 8723 8481
f 8481 8476 8967
f 8737 8488 8724
f 8969 8724 8252
f 8236 8252 8259
f 8718 8236 8259
f 8731 8484 8725
f 8484 8244 8725
f 8487 8974 8729
f 8734 8498 8056
f 9476 8481 8735
f 8051 8967 8736
f 8745 8276 8730
f 8717 8482 8494
f 8494 8737 8717
f 8494 8488 8737
f 8976 8253 8489
f 8253 8976 8738
f 8981 8732 8731
f 8731 8484 8981
f 8739 8490 8249
f 8739 8480 8490
f 8733 8740 8739
f 8739 8249 8733
f 8500 8051 8736
f 8489 8496 8979
f 8979 8976 8489
f 8266 8253 8738
f 8978 8491 8742
f 8743 8492 8491
f 8744 8487 8498
f 8735 8503 9483
f 8746 8975 8494
f 8494 8257 8746
f 8505 8494 8747
f 8496 8991 8979
f 8267 8987 8742
f 8499 8492 8743
f 8745 9507 8276
f 8991 8496 8270
f 8270 8750 8991
f 8748 8750 8266
f 8750 8270 8266
f 8507 8987 8267
f 8497 8751 8744
f 7830 8276 9507
f 8278 8505 8752
f 8507 8995 8987
f 8507 8499 8998
f 9507 8288 7830
f 8510 8278 8752
f 8510 8752 8511
f 8749 8753 9000
f 8998 8995 8507
f 8755 8997 8508
f 8751 8508 8997
f 10076 8503 8514
f 8514 9785 10076
f 8515 8282 8511
f 9000 8753 8512
f 8512 8756 9000
f 8753 8517 8513
f 8999 8754 8281
f 8754 8757 8284
f 8755 8285 8758
f 7609 10373 8741
f 8512 8515 8759
f 8759 8756 8512
f 8271 9260 9254
f 8054 8271 9254
f 9254 8518 8054
f 8999 8281 8762
f 8757 8758 8284
f 8281 8519 8762
f 8765 8523 8517
f 8764 8770 9011
f 8768 9014 8762
f 8762 8519 8768
f 9528 9523 8287
f 8772 8523 9012
f 9260 8520 9016
f 8769 9014 8768
f 8519 8524 8768
f 8766 8773 8767
f 9011 8770 8771
f 8525 8523 8772
f 7850 8071 9019
f 8524 8769 8768
f 9021 9015 8774
f 8525 8772 9021
f 8296 7850 9019
f 8767 8773 8527
f 9281 8294 7615
f 9021 8774 8775
f 8778 8525 9021
f 9016 8776 9018
f 8781 8296 9019
f 8530 8531 8532
f 8527 8773 8532
f 8527 9022 8767
f 9542 9528 8528
f 8771 9020 8780
f 8777 9021 8775
f 8778 9021 8777
f 8783 8779 8530
f 8779 8531 8530
f 8527 8535 9022
f 8777 8775 8536
f 8777 8295 8778
f 8534 8782 8530
f 9022 8535 8537
f 7849 9275 9785
f 9009 8533 9857
f 8082 8780 8784
f 8777 8786 8295
f 8781 9038 8312
f 8312 8296 8781
f 8783 8293 8779
f 9275 7849 8800
f 8543 8297 8082
f 8784 8543 8082
f 9023 8536 8540
f 8540 9026 9023
f 8541 8295 8786
f 8783 8303 8293
f 8542 9034 8785
f 7373 8539 8552
f 8301 9026 8540
f 8541 8786 8544
f 8776 8298 9294
f 8792 9034 8303
f 8542 8303 9034
f 9285 8528 8547
f 8793 9032 8086
f 8787 8086 9032
f 8787 8788 8550
f 8550 8788 8794
f 8548 8790 8549
f 8548 8789 8790
f 8546 8802 7864
f 9574 9285 8547
f 8310 8550 8795
f 8794 8795 8550
f 8548 9035 8789
f 8548 8799 9035
f 9305 8555 8306
f 8314 7865 8078
f 8796 8553 8797
f 8553 8796 8793
f 8310 8795 8797
f 8555 9305 8799
f 8791 8551 7629
f 7629 9575 8791
f 8547 8804 9574
f 7629 9308 9575
f 8315 9040 8558
f 8317 8312 8803
f 8800 8309 8801
f 9041 8798 8095
f 8095 8805 9041
f 8317 8803 8806
f 8317 8806 8318
f 9052 9047 8804
f 7629 8561 9586
f 8805 8320 9054
f 8318 8560 7870
f 9044 9315 8572
f 8562 8807 9045
f 9054 8320 9057
f 8808 9052 8565
f 8807 8562 8568
f 8568 8813 8807
f 8810 8819 8100
f 8563 8809 8815
f 8815 8822 8563
f 8569 8566 8812
f 8573 8100 8819
f 8809 8817 8815
f 8573 8813 8568
f 8808 8820 8817
f 8815 8820 8808
f 9317 8811 8575
f 8571 9332 8816
f 9061 8573 8568
f 9061 8813 8573
f 8815 8817 8820
f 8822 8815 8574
f 8329 8573 8819
f 8819 8824 8329
f 8574 8820 8823
f 8823 8822 8574
f 9322 9317 8575
f 7890 6421 8324
f 9060 8570 8577
f 8820 8574 8579
f 8579 9333 8820
f 9610 8576 8826
f 8580 8582 8108
f 9616 8582 8580
f 9066 9060 8577
f 8577 8827 9066
f 7880 9328 9584
f 8585 8328 8825
f 8828 9066 8827
f 8577 8584 8827
f 9061 8578 8586
f 8824 9075 8586
f 8586 8329 8824
f 8831 9333 8579
f 8327 8831 8579
f 9322 8588 9069
f 9070 9069 8588
f 8826 8581 8832
f 8826 8832 8582
f 9892 8583 9077
f 8827 8589 8828
f 8584 8589 8827
f 8347 7416 8830
f 9073 8327 8587
f 9073 8831 8327
f 8327 8831 8835
f 8835 8591 8327
f 8588 8592 9070
f 9070 8592 8833
f 8589 8834 8828
f 8586 8590 9336
f 8591 8835 8596
f 8833 8592 8836
f 7880 9078 9328
f 8596 9073 8587
f 8598 8593 8836
f 8598 8117 8593
f 8834 8589 8599
f 8834 8599 8603
f 8834 8603 8837
f 9081 8590 8337
f 9347 8337 8595
f 9081 9336 8590
f 9073 8596 8838
f 8605 8117 8598
f 8117 8605 8345
f 8337 8600 9081
f 8118 8337 9347
f 8596 8604 8597
f 8599 8602 8353
f 8603 8599 8353
f 8842 9081 8600
f 8853 8128 8118
f 8118 9347 8853
f 8847 8840 8848
f 8133 8847 8848
f 8133 8848 8841
f 8841 8612 8133
f 8353 8602 8615
f 8844 8616 8347
f 9088 8845 8851
f 8851 8846 8611
f 8611 8846 9090
f 8611 9090 8847
f 8613 8849 9094
f 8609 9093 8842
f 8852 8362 8348
f 8348 8607 8852
f 6890 8854 7678
f 8851 8611 8855
f 8855 9362 8851
f 9094 8358 8613
f 8358 8857 8620
f 8361 8853 8859
f 8843 8621 9092
f 8623 8158 8616
f 8852 8366 8362
f 8854 9368 7678
f 8619 9096 8856
f 8620 9097 8619
f 8620 8857 9097
f 8618 8858 9093
f 9092 8621 8627
f 8852 9101 8366
f 8155 9101 8626
f 8371 8863 8622
f 7953 9103 8166
f 8859 9108 8376
f 8377 8862 9100
f 8377 9100 8381
f 8372 9368 9114
f 8385 8864 8627
f 9114 8165 8372
f 8376 9111 8164
f 8864 8385 9105
f 7964 8379 9113
f 9110 8863 8162
f 9115 9374 8378
f 8866 9104 8375
f 8861 8375 9104
f 9376 7970 8381
f 8870 8873 8865
f 8630 7964 9113
f 9116 8383 8166
f 9925 8866 8383
f 7970 9376 8867
f 8868 9118 8386
f 7970 8867 8869
f 8870 8638 8873
f 8387 8386 9118
f 8164 8874 8640
f 8874 8164 8636
f 8637 8872 8179
f 8872 9112 8179
f 8384 8179 9112
f 8869 8873 8638
f 8870 8631 8638
f 7721 8172 8639
f 8382 8871 8173
f 8635 8632 9122
f 9122 7966 8635
f 8641 9383 8877
f 8641 8878 9383
f 9123 8643 9386
f 9387 8396 8642
f 8396 9387 8645
f 9124 8878 9125
f 9386 8643 8879
f 8646 9129 8883
f 9129 8646 8880
f 8880 8882 9129
f 9390 9127 8879
f 8879 8881 9390
f 8884 9391 9126
f 8649 8400 9393
f 8181 8883 8648
f 8649 9395 8650
f 9402 8402 8648
f 9131 8885 9133
f 7982 8650 9135
f 8655 8402 9402
f 9135 8408 7982
f 9133 8885 8651
f 8405 9137 8653
f 8653 9137 8887
f 8887 8657 8653
f 8889 8891 8654
f 8407 9399 8405
f 8405 8656 8407
f 8890 8893 8408
f 8891 9139 8888
f 9145 9142 8651
f 9143 8407 8657
f 9143 9399 8407
f 8892 8895 8412
f 8416 8412 8895
f 8892 8897 8894
f 8895 8892 8894
f 8895 8661 8416
f 8659 8662 8896
f 8660 8659 8896
f 8665 8658 8660
f 8668 8194 8893
f 8662 8905 8898
f 8898 8896 8662
f 8660 8899 8665
f 8897 8663 9154
f 9154 8663 8902
f 8903 8902 8661
f 8906 8667 8664
f 8905 8904 8898
f 8665 8899 8905
f 8907 8903 8670
f 9150 8666 9152
f 8672 8900 8901
f 8904 8672 8901
f 8909 8905 8899
f 8907 8902 8903
f 8906 8671 8667
f 8904 8673 8672
f 8904 8909 8673
f 8904 8905 8909
f 8669 9696 9141
f 8902 8907 9159
f 8666 8908 9152
f 8421 8672 8673
f 8907 8422 9159
f 8670 8910 8423
f 8673 8909 8912
f 9419 8679 8674
f 9419 8674 9421
f 9159 8422 8911
f 8910 8424 8423
f 8673 8912 8428
f 8201 8676 8915
f 8676 8913 8915
f 8913 8676 8677
f 9419 9162 8679
f 9159 8911 8914
f 8681 8424 8918
f 9156 8908 9169
f 8912 8685 8428
f 8429 8201 8915
f 8679 9162 8209
f 9421 8680 9715
f 8684 8916 8917
f 8683 8922 9165
f 9167 8669 8687
f 8940 8429 9452
f 8429 8915 9452
f 8684 8920 8916
f 9168 8926 8684
f 8684 8917 9168
f 8911 8921 8914
f 8927 8681 8918
f 8935 8682 9164
f 8935 8427 8682
f 8683 8924 8689
f 8686 8689 8924
f 8680 8928 9715
f 8925 9435 8920
f 8925 8920 8691
f 8691 8684 8926
f 9437 8919 8936
f 8685 9172 8438
f 8689 9174 8923
f 8693 9174 8686
f 9181 8693 8686
f 8924 9181 8686
f 8687 8931 9167
f 9444 9715 8928
f 8439 8438 9172
f 9456 9435 8925
f 8933 9456 8691
f 9456 8925 8691
f 8695 9179 8921
f 9179 9440 8921
f 8936 8696 8937
f 9185 9174 8693
f 8939 8445 8940
f 9722 8690 8440
f 9188 9193 9183
f 8452 8427 8935
f 9460 8938 8941
f 8931 9191 9176
f 8450 8445 8939
f 8932 8697 9186
f 8452 8935 8946
f 9195 9194 8941
f 8941 9190 9195
f 8944 9197 9184
f 8698 8949 9186
f 10041 8950 8457
f 8457 9743 10041
f 8457 8945 9743
f 8703 8946 9198
f 8946 8703 8216
f 8948 8947 8222
f 9202 8701 8455
f 8950 8949 8698
f 8950 8698 8457
f 9198 9197 8944
f 8700 8702 9200
f 8948 8700 9200
f 8701 9200 8702
f 8701 9203 9205
f 8701 9205 8702
f 8239 8223 9209
f 8220 8706 8953
f 8953 8707 8220
f 8704 8458 8954
f 8954 8955 8704
f 8955 8463 8704
f 8708 8710 8957
f 8957 8954 8708
f 8955 8958 8463
f 8961 8711 8464
f 8965 8238 8463
f 8463 8958 8965
f 8960 8964 8477
f 8961 8969 8711
f 8962 9214 8473
f 8710 8713 8957
f 8957 8713 8721
f 8721 8722 8957
f 8963 8715 9473
f 8715 8963 8476
f 8477 8964 8716
f 8717 9218 8705
f 8720 8712 8719
f 8726 9474 9213
f 8473 9214 9474
f 8727 8722 8721
f 8965 8722 8238
f 8970 8959 8728
f 8715 8723 9473
f 8476 8966 8967
f 9217 8730 8716
f 8971 8724 8969
f 9474 8726 8473
f 8970 8728 8729
f 8970 8729 8974
f 9476 9473 8723
f 8239 9488 8058
f 8730 9217 8745
f 8737 8724 8971
f 9221 9222 8731
f 8731 8732 9221
f 8484 8731 9222
f 9222 8977 8484
f 8972 8733 8480
f 8972 9480 8733
f 8973 8740 8733
f 8733 9480 8973
f 8735 9483 9476
f 8975 8717 8737
f 8975 9218 8717
f 8737 8971 8975
f 8976 9226 8738
f 8732 8980 9221
f 8981 8484 8977
f 8972 8480 8739
f 8973 8982 8740
f 8978 8982 8973
f 8487 8989 8974
f 8734 8993 8498
f 8500 8736 8985
f 8975 8747 8494
f 8748 8266 8738
f 8748 8738 9221
f 9221 8980 8748
f 9497 8980 8732
f 9497 8732 8981
f 9234 8972 8739
f 8739 8740 8982
f 8982 9234 8739
f 8978 8983 8982
f 8978 8742 8983
f 8984 8743 8491
f 8487 8744 8989
f 8746 9500 8975
f 8983 8742 8987
f 8988 8743 8984
f 8509 8498 8993
f 8503 10076 9483
f 7611 8500 8985
f 8505 8747 8752
f 8749 9232 8990
f 8499 8743 8988
f 8988 9240 8499
f 8989 8751 9493
f 8744 8751 8989
f 9500 8746 8504
f 8749 9509 9232
f 8990 8753 8749
f 8990 9001 8753
f 8750 8994 8991
f 9235 8987 8995
f 8998 9235 8995
f 9240 8998 8499
f 8751 8997 9493
f 8993 8521 8509
f 9250 8511 8752
f 8749 9000 9509
f 8994 9246 9251
f 8996 8754 8999
f 8996 8757 8754
f 8522 7092 8058
f 9223 9523 9499
f 9500 8504 9508
f 8515 8511 9250
f 9001 8517 8753
f 8758 9241 8755
f 8517 9001 8765
f 9259 9252 9002
f 8760 9259 9002
f 8761 9003 9262
f 8999 8762 9007
f 8758 8757 9004
f 9004 9249 8758
f 8759 9005 8756
f 9265 9259 8760
f 9005 8759 9010
f 8764 9269 9005
f 9012 8765 9006
f 8518 9524 9019
f 9267 9263 9007
f 9007 8762 9267
f 9264 8766 9004
f 9004 8766 9008
f 9249 9004 9008
f 8770 8764 9005
f 9005 9010 8770
f 8764 9011 9269
f 8523 8765 9012
f 9019 8071 8518
f 8762 9014 9267
f 9264 8773 8766
f 9008 8766 8767
f 8521 9281 7615
f 9015 9270 9011
f 8772 9013 9015
f 9013 8772 9012
f 9272 9260 9016
f 9017 9008 8767
f 9011 8771 8774
f 8774 9015 9011
f 8532 9014 8769
f 8773 9273 9014
f 9014 8532 8773
f 8771 8770 9020
f 9021 8772 9015
f 9016 9018 9272
f 8769 8529 8530
f 8532 8769 8530
f 8538 8073 9538
f 9017 8767 9022
f 9018 8776 9024
f 8528 9285 9542
f 8530 8782 8783
f 8537 8785 9022
f 8786 8777 9023
f 8536 9023 8777
f 9038 8781 9283
f 9534 9284 9031
f 9282 9040 8315
f 8315 9025 9282
f 9535 9282 9025
f 8784 9292 9026
f 8776 9294 9024
f 8783 8782 9570
f 9570 8792 8783
f 8792 8303 8783
f 9031 9284 9030
f 9534 9031 9822
f 9026 8301 8784
f 9032 9300 8787
f 8788 8787 9300
f 9027 9033 8788
f 9029 8789 9028
f 8789 9298 8790
f 8782 8791 9570
f 8793 8796 9032
f 9033 8794 8788
f 8789 9035 9028
f 9305 8306 8549
f 8549 8790 9305
f 9025 9036 9553
f 8797 9037 8796
f 9037 8797 8795
f 9037 8795 8794
f 8799 9305 9035
f 8314 8078 9314
f 9294 8298 8798
f 8803 8312 9038
f 8804 9856 9574
f 8798 9041 9294
f 9306 8321 8556
f 9042 8558 9040
f 9036 9043 9553
f 9850 8800 8801
f 8557 9584 9541
f 8804 9047 9856
f 8100 8802 9046
f 9046 9312 8100
f 8558 9042 9049
f 9048 9047 9052
f 9049 9048 8558
f 9048 8809 8558
f 8805 9054 9041
f 8806 8560 8318
f 9312 9055 8100
f 9053 8110 8559
f 9053 9056 8110
f 9310 9045 8807
f 8810 8100 9055
f 9312 9313 9055
f 8325 8314 9314
f 9314 8814 8325
f 9043 8811 9311
f 8560 8812 8566
f 8810 9310 8807
f 8810 9055 9313
f 9591 9051 8570
f 8801 8570 9051
f 9315 9059 8572
f 8810 8807 8813
f 8813 8819 8810
f 8561 7879 10179
f 9318 9591 8570
f 8817 8809 9327
f 8569 8812 9065
f 8814 8830 8325
f 9327 9594 8808
f 8817 9327 8808
f 9058 9071 8110
f 9600 9057 8816
f 9332 9600 8816
f 9065 8821 8569
f 9318 8570 9060
f 9059 9320 8572
f 9061 8819 8813
f 8328 8818 9064
f 7879 9892 10179
f 8824 8819 9062
f 8820 9063 8823
f 8328 9064 9330
f 8821 9335 8580
f 9335 8821 9065
f 9063 8820 9333
f 9330 8825 8328
f 8576 9613 9332
f 9613 8576 9610
f 8580 9611 9616
f 8580 9335 9611
f 9067 8823 9068
f 8823 9067 8831
f 9069 9330 9322
f 8585 8825 9070
f 6890 8110 9071
f 8582 9616 9072
f 9333 8831 9067
f 9070 8833 8585
f 9082 6890 9071
f 8826 9072 9610
f 9072 8826 8582
f 9074 7902 7890
f 8594 9066 8828
f 8594 8829 9066
f 9336 9061 8586
f 9336 9604 9061
f 8347 8830 8844
f 9333 9067 9073
f 9073 9067 8831
f 9079 8835 9067
f 8831 9067 8835
f 8585 8833 8593
f 8834 8594 8828
f 8595 8586 9075
f 8836 8593 8833
f 9334 9331 9076
f 8606 7902 9074
f 8594 8834 8837
f 9347 8595 9075
f 9075 9340 9347
f 9079 9080 8835
f 9080 8596 8835
f 8838 9620 9073
f 8604 8596 9080
f 9080 8607 8604
f 8840 9084 9085
f 9085 8848 8840
f 8841 8848 9085
f 9085 9086 8839
f 8839 8841 9085
f 9086 8841 8839
f 9077 9091 9337
f 8842 9893 9081
f 8610 9620 8838
f 6890 9082 8854
f 8845 9088 9083
f 8846 9089 9090
f 9084 8840 8847
f 8847 9090 9084
f 9345 8841 9086
f 9345 8612 8841
f 8850 9094 8849
f 9087 9346 8850
f 8843 9092 9338
f 8616 8844 9618
f 9362 9348 9088
f 9088 8851 9362
f 8845 9089 8851
f 9089 8846 8851
f 8613 8612 9345
f 8849 8613 9345
f 9893 8842 9093
f 9355 9620 8610
f 8607 9356 8852
f 9365 8860 8138
f 8852 9356 9101
f 8855 9095 9362
f 8619 9097 9096
f 9098 8857 8358
f 8358 9094 9098
f 8859 8853 9646
f 9095 8855 8856
f 8856 9367 9095
f 9096 9367 8856
f 9369 9097 8857
f 8857 9098 9369
f 9360 9093 8858
f 8623 9100 8862
f 9099 8154 8860
f 9099 9103 8154
f 8858 8625 9360
f 8627 8864 9092
f 8626 9101 9102
f 8861 9360 8625
f 9372 9355 8865
f 8626 9102 8628
f 8166 9103 9107
f 8628 9106 8379
f 9108 9111 8376
f 8379 9106 9113
f 8166 9107 9116
f 8866 9925 9104
f 8381 9109 9376
f 9117 9372 8865
f 8162 8630 9110
f 8383 9116 9375
f 9376 9377 8867
f 8865 8873 9117
f 8165 9114 9651
f 8637 9111 8872
f 9112 8872 9380
f 9105 8384 9112
f 8867 9117 8869
f 9651 8172 8165
f 8636 8164 9111
f 8636 9111 8637
f 8873 8869 9117
f 8871 9649 8173
f 9649 8868 8173
f 9118 9119 8387
f 8387 9119 8632
f 9122 8632 9120
f 9121 9115 7966
f 8634 8639 9382
f 8382 8634 9381
f 9122 9121 7966
f 9384 8393 8875
f 9384 8875 8876
f 8876 10482 9384
f 10482 8876 9123
f 8877 9383 8642
f 8393 9385 8395
f 9123 9386 10482
f 9387 8642 9654
f 8878 9124 9383
f 9385 8644 8395
f 9386 8879 9388
f 8645 9387 8880
f 9385 8400 8644
f 8879 9127 9388
f 8882 8880 9389
f 9389 9130 8882
f 9391 9125 9126
f 9392 8400 9385
f 9655 9390 8881
f 9129 9657 8883
f 8400 9392 9393
f 9128 9131 9660
f 9661 9391 8884
f 8649 9393 9395
f 9131 9397 9660
f 8648 9398 9402
f 8648 9396 9398
f 9395 9135 8650
f 9131 9133 9397
f 9136 8652 8886
f 8408 9135 8890
f 9136 8886 8888
f 9138 8889 8652
f 8889 8654 8652
f 9399 9137 8405
f 9136 8888 9139
f 9133 9142 9966
f 9142 9133 8651
f 9143 8657 8887
f 8887 9140 9143
f 8889 9139 8891
f 9405 8417 8655
f 8893 8890 8668
f 8894 9144 8895
f 8664 8417 9405
f 9405 9409 8664
f 8894 8897 9408
f 8661 8895 9144
f 9144 9146 8661
f 8898 9147 8896
f 9408 8897 9154
f 9146 8903 8661
f 9146 9148 8903
f 8670 8903 9148
f 9148 9149 8670
f 8906 8664 9409
f 9409 9412 8906
f 8901 9147 8904
f 9147 8898 8904
f 9149 8910 8670
f 9141 9696 10254
f 9414 9408 9154
f 8900 8672 9153
f 8899 9151 8909
f 9417 9154 8902
f 8902 9159 9417
f 8906 9157 8671
f 8672 9158 9153
f 9152 8908 9156
f 8426 9413 9158
f 8669 9167 9696
f 8424 8910 9155
f 9155 9160 8424
f 8682 8671 9157
f 8678 9413 8426
f 8912 8909 9713
f 10010 9419 9421
f 8914 9706 9159
f 8918 8424 9160
f 8685 8912 9713
f 8913 9433 8915
f 8913 8677 9425
f 10030 8209 9162
f 8917 8916 9163
f 9163 9422 8917
f 9161 9156 9169
f 9165 9166 8683
f 9163 8916 8920
f 8921 9427 8914
f 8678 8919 9437
f 9165 9719 9170
f 9165 8922 9719
f 9719 8922 8923
f 8923 9432 9719
f 8924 8683 9166
f 9163 8920 9435
f 8930 9424 9170
f 9170 9173 8930
f 8923 10017 9432
f 10017 8923 9174
f 8929 9178 9438
f 9171 9441 8692
f 8692 8927 9171
f 9437 8936 9442
f 9448 9442 8936
f 9173 9451 8938
f 8938 8930 9173
f 8931 9176 9167
f 9722 9425 8690
f 8928 9445 9444
f 8928 9446 9445
f 9446 8928 8932
f 9456 9731 9435
f 8933 8691 9175
f 9175 9177 8933
f 9178 8934 9183
f 9178 9447 8934
f 9179 9441 9440
f 9441 9179 8692
f 9429 9169 9184
f 9448 8936 8937
f 9449 8937 8439
f 8930 8938 9451
f 9451 9450 8930
f 8938 9453 9451
f 9451 9180 8938
f 9728 9174 9185
f 9185 9454 9728
f 9185 8693 9181
f 8940 9452 8939
f 8694 9192 8454
f 9183 9193 9182
f 9183 8934 9447
f 9183 9458 9188
f 9189 8946 8935
f 9180 9453 8938
f 9180 8938 9460
f 8941 8938 9180
f 9463 9182 9193
f 9188 9458 9187
f 9188 9187 9193
f 9189 9198 8946
f 8450 9202 8455
f 8223 8943 9196
f 9192 8952 8454
f 9196 9209 8223
f 9462 9186 9199
f 9186 8949 9199
f 8948 9744 8947
f 9200 9201 8948
f 9202 9203 8701
f 8950 9199 8949
f 9466 9191 8951
f 9200 8701 9748
f 8701 9203 9748
f 9203 8701 8702
f 8702 9205 9203
f 10601 10044 8705
f 8954 9207 8955
f 8714 10049 10054
f 8705 10326 10601
f 8464 8952 8961
f 9754 8953 9757
f 8953 8956 9757
f 9210 8962 8707
f 8957 9758 8954
f 9207 8958 8955
f 8951 8959 9756
f 9471 9212 8960
f 8960 8477 9471
f 9212 9472 8960
f 9211 8963 9473
f 8963 9211 8966
f 8966 8476 8963
f 8964 9472 9212
f 9212 9217 8964
f 9472 8964 8960
f 9475 8957 8722
f 8967 8966 9216
f 9217 8716 8964
f 10326 8705 9218
f 9218 10059 10326
f 8961 9219 8969
f 9475 8722 8965
f 8959 8970 9756
f 9220 8734 8714
f 9215 9473 9476
f 8967 9216 8736
f 9228 8745 9217
f 8971 8969 9219
f 10057 9756 8970
f 9219 9224 8971
f 9771 10057 8970
f 8970 8974 9771
f 8477 9223 10058
f 8971 9229 8975
f 9229 8971 9224
f 9226 8976 9225
f 8738 9226 9221
f 8491 8978 9227
f 9771 8974 8989
f 9231 8993 8734
f 8975 9774 9218
f 8747 8975 9229
f 8976 8979 9225
f 8748 8980 9496
f 8977 9233 8981
f 8982 8983 9230
f 9230 9779 8982
f 8984 8491 9227
f 8989 9493 9771
f 9507 8745 9228
f 9774 8975 9500
f 9229 8752 8747
f 8979 9501 9225
f 9496 9238 8748
f 9233 9497 8981
f 8986 9234 8982
f 8982 9779 8986
f 8983 9235 9230
f 8983 8987 9235
f 9236 9503 9492
f 8985 9245 7611
f 9499 9489 9223
f 9501 8979 8991
f 8750 8748 9238
f 9502 9234 8986
f 9503 9236 9512
f 8992 9512 9236
f 9239 8992 9236
f 8741 10373 10632
f 9001 8990 9237
f 9505 9501 8991
f 8994 9505 8991
f 8994 8750 9238
f 9238 9246 8994
f 9782 9235 8998
f 9512 8992 8996
f 9515 8996 8992
f 8992 9239 9515
f 8997 9241 9493
f 9505 8994 9251
f 9240 9257 8998
f 8996 8999 9512
f 9241 8997 8755
f 9242 9509 9000
f 9244 9520 9247
f 9248 9782 8998
f 9248 8998 9257
f 9257 9512 9007
f 8999 9007 9512
f 8996 9258 8757
f 8758 9249 9241
f 9245 8516 7611
f 8759 8515 9250
f 9242 9000 8756
f 8756 9516 9242
f 8765 9001 9251
f 9246 9006 9251
f 8760 9788 9253
f 9254 9524 8518
f 8761 8763 9255
f 9255 9256 8761
f 9256 9003 8761
f 9262 9003 9522
f 9526 9248 9257
f 9263 9257 9007
f 9010 8759 9250
f 9250 9268 9010
f 9516 8756 9005
f 9006 8765 9251
f 9265 8760 9253
f 9255 8763 9266
f 9261 8763 8761
f 9261 8761 9262
f 9257 9263 9526
f 9004 8757 9258
f 9258 9264 9004
f 9005 9269 9516
f 9013 9012 9006
f 9811 9259 9265
f 9261 9266 8763
f 9526 9263 9267
f 9269 9011 9270
f 9802 9260 9272
f 9014 9273 9267
f 9527 9273 9264
f 9273 8773 9264
f 9008 9533 9249
f 9010 9268 9020
f 9010 9020 8770
f 9271 9270 9015
f 9015 9013 9271
f 9008 9017 9274
f 9274 9533 9008
f 9276 9272 9018
f 9279 9276 9018
f 9280 8781 9019
f 9274 9017 9022
f 8780 9020 9277
f 8780 9277 9286
f 9024 9278 9279
f 9279 9018 9024
f 8781 9280 9283
f 9280 9288 9283
f 9306 8294 9281
f 9286 8784 8780
f 9278 9024 9555
f 8785 9837 9022
f 9282 9547 9040
f 9286 9292 8784
f 9287 9293 9290
f 9293 9287 9291
f 9556 9038 9283
f 8785 9034 9837
f 9821 9030 9284
f 9547 9560 9040
f 9025 9553 9535
f 9023 9026 9292
f 9292 8786 9023
f 9291 9841 9293
f 9555 9024 9294
f 9295 9289 9296
f 9570 10141 8792
f 8792 10141 9034
f 8800 9850 9275
f 9560 9304 9040
f 9300 9032 9562
f 9032 9299 9562
f 9027 8788 9300
f 9027 8794 9033
f 9290 9293 9301
f 9295 9296 9302
f 9028 9035 9029
f 9029 9035 9298
f 9298 8789 9029
f 8790 9297 9305
f 8790 9298 9297
f 9299 8796 9037
f 8796 9299 9032
f 9037 9300 9299
f 9300 9037 9027
f 9037 8794 9027
f 9035 9569 9298
f 9035 9305 9569
f 9030 9821 9044
f 9039 9822 9031
f 9822 9039 9571
f 8802 8546 9303
f 9040 9304 9042
f 9307 7866 8544
f 9821 9576 9044
f 9307 8559 7866
f 9576 9588 9044
f 9858 9847 9571
f 9863 8321 9306
f 9041 9583 9294
f 9045 9571 9039
f 9858 9571 9045
f 9309 9856 9047
f 9043 9311 9553
f 9859 9308 9586
f 9045 9310 9858
f 9046 9313 9312
f 9048 9589 9309
f 9048 9309 9047
f 9049 9589 9048
f 8801 9051 9850
f 9052 9589 9048
f 9041 9054 9583
f 9588 9315 9044
f 9312 9864 9310
f 9312 9313 9864
f 9052 10168 9589
f 8809 9048 9589
f 9050 8323 8099
f 9310 9313 9312
f 9589 9590 8809
f 8810 9313 9310
f 9590 9316 8809
f 9054 9057 9876
f 9876 9583 9054
f 10168 9052 8808
f 8808 9594 10168
f 9327 8809 9316
f 9311 8811 9317
f 9058 8110 9056
f 9587 8561 10179
f 9316 9599 9327
f 9593 8818 8323
f 8818 9593 9882
f 9321 9320 9059
f 9594 9327 9599
f 9329 9327 9599
f 8818 9882 9323
f 9318 9060 9325
f 8819 9061 9595
f 9062 8819 9595
f 9327 9063 9599
f 9329 9063 9327
f 9323 9064 8818
f 9326 9325 9060
f 9598 8829 9320
f 9329 8823 9063
f 9330 9323 9322
f 9324 9331 10443
f 9326 9066 8829
f 9066 9326 9060
f 9595 9061 9604
f 9599 9063 9333
f 9068 8823 9329
f 9330 9069 8825
f 9070 8825 9069
f 9332 9609 9607
f 9068 9079 9067
f 9609 9332 9613
f 9614 9613 9610
f 9340 9075 8824
f 9073 9620 9333
f 9072 9899 9610
f 9072 9616 9899
f 9334 9076 9896
f 9337 9892 9077
f 8606 9074 9339
f 9338 9328 9078
f 9076 9341 9896
f 8138 8606 9339
f 9893 9336 9081
f 9078 8843 9338
f 9080 9079 9624
f 9624 8607 9080
f 9342 9085 9084
f 9342 9344 9085
f 9086 9085 9344
f 9083 9089 8845
f 9352 8850 8849
f 8850 9352 9087
f 9346 9352 8850
f 9346 9087 9343
f 8616 9618 8623
f 9083 9088 9348
f 9362 9349 9348
f 9090 9089 9626
f 9090 9626 9350
f 9350 9084 9090
f 9342 9084 9350
f 9351 9086 9344
f 9627 9086 9351
f 9627 9345 9086
f 9627 9628 9345
f 8849 9345 9628
f 9628 9629 8849
f 9094 8850 9352
f 9091 9359 9337
f 9093 9353 9893
f 9347 9646 8853
f 9355 9644 9620
f 9352 9364 9094
f 9093 9360 9353
f 8623 9354 9361
f 9366 9349 9362
f 9358 9096 9097
f 9097 9351 9358
f 9097 9363 9351
f 9364 9098 9094
f 9091 8624 9359
f 9361 9100 8623
f 9366 9362 9095
f 9095 9637 9366
f 9367 9096 9358
f 9097 9369 9363
f 8860 9365 9099
f 9092 8864 9625
f 9645 9922 8622
f 9357 8622 9922
f 9367 9637 9095
f 9369 9098 9633
f 9364 9633 9098
f 9644 9355 9372
f 9645 8622 8863
f 9104 9640 8861
f 9640 9360 8861
f 8381 9100 9371
f 8628 9102 9370
f 9370 9106 8628
f 9108 8859 9646
f 8864 9105 9927
f 8381 9371 9109
f 9372 9373 9644
f 9640 9104 9925
f 9373 9372 9377
f 9925 8383 9375
f 9105 9112 9647
f 9109 9373 9376
f 9377 9376 9373
f 9113 10474 8630
f 9372 9117 9377
f 9115 9379 9374
f 9108 8872 9111
f 8872 9108 9380
f 8867 9377 9117
f 9648 9378 8868
f 9118 8868 9378
f 8871 8382 9381
f 8632 9119 9120
f 9381 8634 9382
f 9654 8642 9383
f 9384 9385 8393
f 9383 9124 10217
f 9387 9389 8880
f 9941 9386 9388
f 9941 9388 9127
f 9127 9390 9941
f 9389 9656 9130
f 9941 9390 10219
f 8882 9130 9129
f 9391 10220 9125
f 9390 9655 10219
f 8881 9659 9655
f 8881 9128 9659
f 9657 9129 9130
f 9128 9660 9659
f 9661 10774 9391
f 9658 9393 9392
f 8883 9396 8648
f 10488 9661 8884
f 10224 9395 9393
f 10488 8884 9394
f 9945 9660 9397
f 9135 9395 9663
f 9396 9664 9398
f 9132 9134 9394
f 9397 9673 9945
f 9397 9133 9669
f 9670 9398 9664
f 9668 9138 9136
f 9138 8652 9136
f 9397 9669 9673
f 9674 9402 9398
f 9400 9137 9399
f 9137 9400 8887
f 9139 9668 9136
f 8889 9138 9668
f 9133 9966 9669
f 9400 9399 9143
f 9143 9140 9400
f 9140 8887 9400
f 9403 9140 9400
f 9134 9141 9665
f 9404 9401 9668
f 9668 9139 9404
f 9668 9404 8889
f 9139 8889 9404
f 9691 9405 8655
f 8655 9402 9691
f 9684 9140 9403
f 9403 9685 9684
f 9141 10254 9665
f 9690 9680 8894
f 9144 8894 9680
f 9680 9146 9144
f 9147 9682 9683
f 8896 9147 9683
f 9683 9406 8896
f 8660 8896 9406
f 9406 9407 8660
f 9690 8894 9408
f 9145 9693 9142
f 9147 8901 9682
f 9410 8660 9407
f 9410 8899 8660
f 9145 9150 9693
f 9153 9682 8900
f 8901 8900 9682
f 9410 9151 8899
f 9149 9411 8910
f 9150 9152 9693
f 9411 9155 8910
f 8668 9420 8675
f 9152 9697 9693
f 9412 9698 8906
f 9698 9157 8906
f 9413 9153 9158
f 9415 8909 9151
f 9415 9151 9416
f 8688 8675 9420
f 9154 9417 9414
f 9697 9152 9156
f 9156 9418 9697
f 8909 9415 9713
f 9699 9413 8678
f 9706 9417 9159
f 9418 9156 9161
f 9164 8682 9157
f 8913 10294 9433
f 9714 8913 9425
f 9160 9428 8918
f 9418 9161 9423
f 9424 9166 9165
f 9421 9715 10010
f 9426 8926 9168
f 9168 9716 9426
f 9716 9168 8917
f 8917 9422 9716
f 8914 9427 9706
f 8927 8918 9428
f 9169 9429 9161
f 9718 9707 9430
f 9164 9707 9718
f 9727 9172 8685
f 9424 9165 9170
f 9431 9170 9719
f 8915 9433 9452
f 9426 9436 8926
f 9716 9717 8929
f 8929 9438 9716
f 9428 9171 8927
f 8935 9164 9718
f 9718 9726 8935
f 9173 9170 9431
f 9174 9728 10017
f 8924 9443 9181
f 10019 9715 9444
f 9434 8694 8688
f 8691 8926 9436
f 9436 9175 8691
f 9178 9734 9438
f 9440 9427 8921
f 9429 9724 9720
f 9726 9735 8935
f 9449 8439 9172
f 9447 9178 8929
f 9447 8929 9439
f 9735 9464 9189
f 9189 8935 9735
f 9448 8937 9449
f 9443 9455 9181
f 8933 9177 9457
f 9182 9732 9734
f 9734 9178 9183
f 9183 9182 9734
f 9458 9183 9447
f 9724 9429 9184
f 9453 9180 9460
f 10027 9740 8941
f 9180 9451 10027
f 10027 8941 9180
f 9740 10027 9461
f 9185 9181 9455
f 9446 8932 9186
f 9182 9463 9457
f 9457 9732 9182
f 9187 9458 9732
f 9732 9459 9187
f 9184 9739 9724
f 9460 8941 9740
f 9740 8941 9194
f 9461 9190 8941
f 9461 8941 9740
f 9465 9461 9740
f 9740 9194 9465
f 9461 9737 9190
f 9737 9741 9195
f 9737 9195 9190
f 9185 9455 9454
f 10036 9176 9191
f 9446 9186 9462
f 9193 9459 9463
f 9459 9193 9187
f 9197 9739 9184
f 9742 9739 9197
f 9464 9198 9189
f 9194 9195 9465
f 9195 9741 9465
f 9197 9198 9742
f 9198 9464 9742
f 10036 9191 9466
f 9462 9199 9467
f 10047 8950 10041
f 8945 10044 9743
f 8947 9744 10049
f 9201 9200 9748
f 9746 9749 9203
f 9203 9202 9746
f 9747 9467 9199
f 8950 9747 9199
f 9203 9749 9748
f 9204 9749 9468
f 9468 9751 9204
f 9749 9204 9751
f 8707 8953 9469
f 9207 8954 9470
f 8951 9756 9466
f 9208 9751 9468
f 9208 9468 9211
f 9472 9212 9206
f 9469 9210 8707
f 9758 9470 8954
f 9209 9488 8239
f 9212 9472 9217
f 8956 9767 9757
f 9210 9764 8962
f 8957 9762 9758
f 9768 8965 8958
f 9213 9767 8956
f 8962 9764 9214
f 8957 9765 9762
f 9765 8957 9475
f 9213 9474 9767
f 10338 9474 9214
f 9768 9475 8965
f 8736 9216 10062
f 10329 9476 9483
f 8736 10062 8985
f 9485 9477 9478
f 9222 9221 9772
f 9772 9479 9222
f 8973 9480 9481
f 9220 9231 8734
f 9477 9237 8990
f 9477 9484 9237
f 9484 9477 9485
f 9225 9484 9485
f 9226 9225 9485
f 9772 9221 9226
f 9479 9486 9222
f 9486 8977 9222
f 9481 8978 8973
f 8978 9481 9227
f 9482 9227 10069
f 9482 9491 9227
f 9482 9492 9491
f 9492 9482 9487
f 9223 9489 10058
f 9774 10059 9218
f 8990 9232 9775
f 9486 9233 8977
f 9490 9480 8972
f 8972 9234 9490
f 8984 9227 9491
f 9487 9236 9492
f 9236 9487 9239
f 8709 8741 10632
f 9494 8752 9229
f 9775 9232 9778
f 9501 9495 9484
f 9484 9225 9501
f 9496 9497 10086
f 9496 8980 9497
f 9233 9498 9497
f 9234 9502 9490
f 9780 9779 9230
f 8988 8984 9491
f 9491 9506 8988
f 9494 9250 8752
f 9504 9778 9232
f 9505 9237 9495
f 9501 9505 9495
f 9496 9781 9238
f 9502 8986 9779
f 9780 9230 9235
f 9235 9782 9780
f 9240 8988 9506
f 9506 9492 9503
f 9231 8521 8993
f 9504 9232 9509
f 9237 9505 9001
f 9246 9238 9781
f 9240 9506 9257
f 9503 9257 9506
f 9493 9241 10081
f 9774 9500 9508
f 9510 9504 9509
f 9505 9251 9001
f 9247 9511 9244
f 9503 9512 9257
f 9241 9513 10081
f 9507 10095 8288
f 9510 9509 9242
f 9244 9511 9514
f 9790 9782 9248
f 9258 8996 9515
f 9241 9249 9513
f 9510 9242 9516
f 9517 9006 9246
f 9517 9518 9529
f 9518 9519 9002
f 9002 9252 9518
f 8760 9002 9519
f 9788 8760 9519
f 9243 9795 9253
f 9524 9254 9796
f 9511 9247 9520
f 9520 9514 9797
f 9520 9244 9514
f 9256 9797 9514
f 9797 9256 9255
f 9256 9521 9003
f 9522 9003 9521
f 9790 9248 9525
f 9248 9526 9525
f 9515 9803 9258
f 9517 9529 9006
f 9529 9518 9805
f 9252 9805 9518
f 9796 9254 9260
f 9260 9802 9796
f 9255 10101 9797
f 9255 9266 10101
f 9522 9806 9262
f 9806 9522 9525
f 9264 9803 9527
f 9264 9258 9803
f 9801 9516 9269
f 9529 9013 9006
f 9252 9259 9811
f 9811 9805 9252
f 10390 10101 9266
f 9261 10390 9266
f 9806 9261 9262
f 9249 9533 9513
f 9281 8521 9530
f 8073 8516 9531
f 9009 10650 9508
f 9269 9270 9801
f 9270 9810 9801
f 9013 9529 9271
f 9265 9812 9811
f 9813 9526 9267
f 9273 9813 9267
f 9532 9273 9527
f 10936 9785 9275
f 9531 9538 8073
f 8539 8288 9539
f 9020 9268 9536
f 9810 9270 9271
f 9273 9532 9813
f 10094 10364 9282
f 9815 9282 10364
f 9282 9535 10094
f 9536 9277 9020
f 9019 9537 9280
f 9284 9534 9804
f 9817 9534 9822
f 10399 7609 9541
f 10140 8539 9539
f 9825 9550 9543
f 9550 9825 9279
f 9279 9278 9550
f 9540 9288 9280
f 9288 9540 9544
f 9022 9837 9274
f 9285 9546 9542
f 9547 9282 9815
f 10140 8552 8539
f 9554 9548 9543
f 9543 9549 9554
f 9549 9543 9550
f 9278 9555 9550
f 9556 9283 9288
f 9288 9831 9556
f 9831 9288 9544
f 9544 9835 9831
f 9544 9557 9835
f 9557 9544 9545
f 9551 9552 9289
f 9296 9289 9552
f 9285 9559 9546
f 10401 9535 9553
f 9290 9567 9287
f 9844 9557 9545
f 9552 9565 9296
f 8538 9303 8546
f 9562 9563 9300
f 9294 9843 9555
f 9551 9289 9564
f 9295 9564 9289
f 9565 9302 9296
f 9845 9297 9298
f 9838 9275 9850
f 9314 8078 9558
f 9563 9562 9299
f 9299 9300 9563
f 9290 9301 9567
f 9567 9301 9293
f 9567 9293 9841
f 9295 9568 9564
f 9302 9568 9295
f 9302 9565 9568
f 9845 9298 9569
f 9297 9566 9569
f 9569 9305 9297
f 9571 9847 9822
f 9574 9572 9559
f 9285 9574 9559
f 9573 8544 8786
f 9572 9042 9304
f 9307 8544 9573
f 9575 9570 8791
f 9303 9858 8802
f 9572 9578 9042
f 9858 9046 8802
f 9049 9042 9578
f 9859 9855 9308
f 9575 9308 9855
f 9580 8559 9307
f 9843 9294 9583
f 10152 9541 9584
f 9581 9856 9309
f 9581 9309 9578
f 9578 9309 9049
f 8559 9580 9053
f 9580 9582 9053
f 9310 9864 9858
f 9046 9874 9313
f 9049 9309 9589
f 9553 9311 10154
f 10168 9585 9589
f 10164 10154 9311
f 8561 9587 9586
f 9872 8323 9050
f 8806 9884 8560
f 10167 9059 9315
f 10167 9315 9588
f 9590 9589 9585
f 9592 10164 9311
f 8323 9872 10175
f 10722 9579 10443
f 9579 8564 10443
f 9864 9313 9319
f 9319 9881 9864
f 9874 9319 9313
f 9874 9864 9881
f 9317 9592 9311
f 8323 10175 9593
f 8812 8560 9884
f 9318 9877 9591
f 9318 9601 9877
f 9319 9595 9881
f 9874 9062 9319
f 9886 9316 9590
f 9322 9592 9317
f 9322 9596 9592
f 9596 9875 9592
f 9876 9057 9600
f 9325 9601 9318
f 9598 9320 9321
f 9595 9319 9062
f 9599 10447 9594
f 9316 9603 9599
f 9322 9323 9596
f 9882 9597 9323
f 9596 9323 9597
f 10443 8564 9324
f 9601 9325 9326
f 9601 9326 9598
f 9603 9329 9599
f 9323 9330 9064
f 9326 8829 9598
f 8824 9062 9340
f 9584 9328 9602
f 9331 9887 10443
f 9595 9604 9888
f 9328 10183 9602
f 10184 9599 9333
f 9603 9068 9329
f 9332 9607 9600
f 9065 9608 9335
f 9333 9605 10184
f 9068 9603 9606
f 9887 9331 9334
f 9606 9079 9068
f 9335 9608 9617
f 9893 9604 9336
f 9328 9338 10183
f 9620 9605 9333
f 9079 9606 9619
f 9335 9617 9611
f 9612 9618 8844
f 9610 9615 9614
f 9615 9610 9899
f 9897 9609 9613
f 9613 9902 9897
f 9902 9613 9614
f 9911 9622 9616
f 9611 9903 9616
f 9611 9617 9903
f 8138 9339 9365
f 9893 9353 9901
f 9340 9921 9347
f 9624 9079 9619
f 9341 10747 9896
f 9344 9342 9621
f 9621 9622 9344
f 8607 9624 9356
f 9342 9910 9621
f 9622 9914 9344
f 9343 9087 9352
f 9352 9346 9343
f 9623 9092 9625
f 9092 9623 9338
f 9349 9083 9348
f 9083 9349 9089
f 9910 9342 9350
f 9910 9350 9351
f 9351 9914 9910
f 9351 9344 9914
f 9352 8849 9629
f 9646 9347 9921
f 10192 9620 9924
f 9644 9924 9620
f 9341 9357 10747
f 9631 9089 9349
f 9631 9632 9089
f 9632 9626 9089
f 9350 9358 9351
f 9628 9627 9633
f 9634 9352 9629
f 9352 9634 9364
f 9353 9360 9635
f 9630 9641 9361
f 9636 9101 9356
f 9922 10747 9357
f 9368 8854 9923
f 9349 9366 9631
f 9631 9366 9632
f 9366 9637 9632
f 9626 9632 9637
f 9637 9638 9626
f 9626 9638 9358
f 9358 9350 9626
f 9627 9351 9363
f 9363 9633 9627
f 9633 9364 9628
f 9364 9634 9628
f 9100 9361 9641
f 9101 9636 9102
f 9358 9638 9367
f 9633 9363 9642
f 9360 9640 9639
f 9360 9639 9635
f 9637 9367 9638
f 9363 9369 9642
f 9642 9369 9633
f 9641 9371 9100
f 9643 9924 9644
f 9107 9103 9099
f 9105 9647 9926
f 9926 9927 9105
f 9371 9643 9109
f 9644 9109 9643
f 8863 9110 9645
f 10206 9114 9368
f 9644 9373 9109
f 8624 9374 10200
f 9116 10477 9375
f 9380 9108 9646
f 9380 9646 9647
f 9110 8630 10474
f 9647 9112 9380
f 9649 9648 8868
f 9118 9378 9650
f 9118 9650 9119
f 8871 9935 10478
f 9649 8871 10478
f 9120 9119 9652
f 9379 9115 9121
f 8871 9381 9935
f 9652 9653 9120
f 9122 9120 9653
f 9121 9122 9653
f 9383 10217 9654
f 10217 9124 10218
f 9941 10482 9386
f 9389 9387 9654
f 9654 9942 9389
f 9124 9125 10218
f 9125 10220 10218
f 9385 9943 9392
f 9657 9130 9656
f 9391 10774 10220
f 9655 9659 10222
f 9943 9658 9392
f 8883 9662 9396
f 9662 8883 9657
f 9662 9657 9944
f 9661 10488 10778
f 9660 9945 9659
f 9664 9396 9662
f 9135 9663 9954
f 9394 9665 10491
f 9394 9134 9665
f 9135 9954 8890
f 9666 9667 9401
f 9401 9667 9668
f 9674 9398 9670
f 9664 9406 9670
f 9140 9952 9400
f 9400 9952 9403
f 9666 9679 9672
f 9401 9679 9666
f 9667 9404 9668
f 9945 9146 9680
f 9146 9945 9673
f 9669 9681 9673
f 9669 9966 9681
f 9402 9982 9691
f 9982 9402 9674
f 9683 9674 9670
f 9670 9406 9683
f 9958 9952 9140
f 9973 9685 9403
f 9671 9689 9678
f 9679 9977 9672
f 9404 9679 9401
f 9680 9690 10490
f 9148 9146 9673
f 9982 9674 9682
f 9682 9674 9683
f 9406 9675 9407
f 9140 9684 9958
f 9676 9687 9686
f 9687 9676 9677
f 9687 9677 9688
f 9678 9689 9968
f 9971 9148 9673
f 9673 9681 9971
f 9142 9981 9966
f 9409 9405 9691
f 9686 9687 10250
f 9985 10250 9687
f 9687 9688 9985
f 9408 9979 9690
f 9142 9693 9981
f 9410 9407 9692
f 9971 9149 9148
f 9971 9411 9149
f 9989 9682 9153
f 9986 9408 9414
f 9695 9989 9153
f 9410 9416 9151
f 9694 9420 8668
f 9695 9153 9413
f 9699 9695 9413
f 9160 9155 9702
f 9697 9418 10256
f 10002 9701 9700
f 10284 9414 9417
f 9997 10256 9418
f 9710 9704 9700
f 9700 9705 9710
f 9705 9700 9701
f 9417 9706 10284
f 9702 9428 9160
f 9997 9418 10007
f 9703 9166 9708
f 9166 9703 9709
f 10294 8913 9714
f 10565 10030 9162
f 9162 10566 10565
f 10566 9162 9419
f 10566 9419 10010
f 9434 8688 9420
f 9710 9705 9163
f 9422 9163 9705
f 9422 9705 9717
f 10007 9418 9423
f 9157 9707 9164
f 9699 8678 9712
f 9166 9424 9708
f 8924 9166 9709
f 9710 9163 10011
f 9716 9422 9717
f 9427 10020 9706
f 9161 9429 9423
f 9711 9430 9707
f 9712 8678 9437
f 9437 9442 9712
f 9713 9727 8685
f 9432 10016 9719
f 10010 9715 10019
f 9163 9435 10011
f 10014 9716 9438
f 9717 9439 8929
f 9429 9720 9423
f 9423 9725 10007
f 9711 10007 9725
f 9430 9735 9718
f 9726 9718 9735
f 8930 10301 9424
f 9431 9721 9173
f 10016 9432 10017
f 9167 9176 10006
f 9452 9433 10029
f 9723 10014 9438
f 9438 9734 9723
f 9440 10305 9427
f 9171 10306 9441
f 9725 9423 9724
f 9711 10025 9430
f 10025 9735 9430
f 10033 9442 9448
f 10309 9449 9172
f 9172 9727 10309
f 8930 9450 10301
f 9451 9173 9721
f 9451 9721 10027
f 9728 10028 10017
f 10030 10038 8943
f 10019 9444 9445
f 9445 10031 10019
f 10031 9445 9446
f 10011 9435 9731
f 9177 9175 9730
f 9440 10306 10305
f 10306 9440 9441
f 10033 9448 9449
f 9449 10309 10033
f 9450 9451 9453
f 10301 9450 9453
f 9736 10301 9453
f 9728 9454 10028
f 9455 9443 9729
f 9452 10037 8939
f 9177 9733 9457
f 9177 9730 9733
f 9732 9457 9733
f 9734 9732 9733
f 9736 9453 9460
f 10027 9738 9461
f 9737 9461 9738
f 10028 9737 9738
f 9737 10028 9454
f 9745 8450 8939
f 9446 10043 10031
f 9731 9456 8933
f 9731 8933 9457
f 9463 9459 9457
f 9459 9732 9457
f 9732 9458 10039
f 9736 9460 9740
f 9465 9741 9461
f 9741 9737 9461
f 9737 9454 10040
f 10040 9454 9455
f 9745 9746 8450
f 10043 9446 9462
f 9746 9202 8450
f 9742 9464 10046
f 10046 10048 9742
f 9466 10313 10036
f 9722 8440 8942
f 10043 9462 9467
f 9747 8950 10047
f 9201 9744 8948
f 9749 9201 9748
f 9468 9749 9746
f 9467 9750 10043
f 9750 10325 10043
f 9750 9467 9753
f 10051 9749 9751
f 9750 9206 10325
f 9206 9212 10325
f 9753 9760 9206
f 9206 9750 9753
f 9469 8953 9754
f 9207 9755 9759
f 9751 9208 10051
f 9752 9211 9468
f 9211 9752 9216
f 9212 9471 10325
f 9760 9472 9206
f 8961 8952 9761
f 9759 8958 9207
f 10051 9208 9211
f 9216 8966 9211
f 9760 9217 9472
f 9759 9768 8958
f 10051 9211 9473
f 10051 9473 9215
f 9760 9228 9217
f 9219 8961 9761
f 10339 9214 9764
f 10058 9471 8477
f 9769 9478 9763
f 9474 10338 9767
f 10339 10338 9214
f 10339 9764 10063
f 10068 9762 9765
f 9475 9768 9765
f 9766 9770 10069
f 10329 9215 9476
f 10066 9478 9477
f 9769 9485 9478
f 10069 9770 9482
f 9224 9219 10071
f 9769 9772 9485
f 9481 9480 10343
f 10069 9227 9481
f 9773 9487 9482
f 9482 9770 9773
f 11127 10329 9483
f 8990 10074 10066
f 10066 9477 8990
f 9485 9772 9226
f 9480 10346 10343
f 9507 9228 9777
f 9229 9224 9494
f 9775 10074 8990
f 9495 9237 9484
f 10346 9480 9490
f 9773 10080 9487
f 10080 9239 9487
f 10080 9776 9239
f 10081 9771 9493
f 10076 11127 9483
f 9486 9498 9233
f 9779 10346 9490
f 9491 9492 9506
f 9781 9496 10086
f 10086 9497 9498
f 9779 9490 9502
f 9250 9494 9787
f 9239 10088 9515
f 10924 10076 9785
f 9778 9504 9510
f 9510 9787 9778
f 9781 9783 9246
f 9513 9784 10087
f 10081 9513 10087
f 9508 10650 9774
f 9517 9246 9783
f 9783 9793 9517
f 9788 9795 9243
f 9243 9253 9788
f 9514 9511 10092
f 9514 10092 9789
f 9515 10088 9800
f 9786 8516 9245
f 8516 9786 9791
f 9787 9268 9250
f 9268 9787 9809
f 9510 9792 9787
f 9510 9516 9792
f 9518 9517 9793
f 9793 9794 9518
f 9794 9519 9518
f 9511 9520 9797
f 9797 10092 9511
f 9789 9256 9514
f 9256 9789 9521
f 9521 9798 9522
f 9525 9522 9798
f 9790 9798 9799
f 9790 9525 9798
f 9803 9515 9800
f 10095 10100 8288
f 9801 9792 9516
f 9253 9795 9812
f 9812 9265 9253
f 9513 9808 9784
f 9536 9268 9809
f 9806 9807 9261
f 9807 10396 9261
f 9527 9803 10105
f 10105 9532 9527
f 9808 9513 9533
f 10108 9523 9528
f 9539 8288 10100
f 10120 9271 9529
f 9529 10115 10120
f 9524 9537 9019
f 9261 10396 10390
f 9813 9525 9526
f 10106 10369 9817
f 9538 9531 10116
f 9528 9814 10108
f 10364 10118 9815
f 9536 9809 9818
f 9802 9272 10389
f 9532 10121 9813
f 9533 10112 9808
f 9534 10369 9804
f 9817 10369 9534
f 9272 9276 10389
f 9533 9274 10112
f 10936 9275 10397
f 9817 10123 10106
f 9538 10116 9823
f 10124 9814 9528
f 10118 10129 9815
f 9277 9536 9818
f 9824 9277 9818
f 9280 9537 9819
f 9540 9280 9819
f 9274 9820 10112
f 9821 9284 9816
f 9816 9284 9804
f 9822 10123 9817
f 10373 7609 10399
f 9277 9824 9286
f 9279 9825 10130
f 9279 10130 9276
f 9819 10131 9540
f 10131 9826 9540
f 9544 9540 9826
f 9823 8538 9538
f 9827 10123 9822
f 8538 9823 9828
f 9542 9829 10124
f 9528 9542 10124
f 10129 9829 9815
f 9009 9857 10679
f 9842 9543 9548
f 9543 9842 9825
f 9831 9826 10131
f 9826 9836 9544
f 9820 9274 9837
f 10397 9275 9838
f 9828 9827 8538
f 9839 9832 9829
f 9829 9542 9839
f 9542 9546 9839
f 9829 9547 9815
f 9549 9830 9833
f 9549 9550 9830
f 9550 10133 9830
f 9831 10131 9834
f 9835 9826 9831
f 9545 9544 9836
f 9836 9844 9545
f 8538 9827 10136
f 9839 9546 9832
f 9829 9546 9547
f 9561 9292 9286
f 9291 9287 9567
f 9567 9841 9291
f 9554 9842 9548
f 9549 9833 9842
f 9842 9554 9549
f 9555 10133 9550
f 9555 9843 10133
f 9834 9556 9831
f 9835 9557 9844
f 9845 9566 9297
f 9576 9821 10144
f 9847 9827 9822
f 9847 10414 9827
f 9303 8538 10136
f 9846 9546 9839
f 9846 9839 9559
f 9559 9839 9546
f 9547 9546 9560
f 9292 9561 9849
f 9556 9851 9038
f 9552 9551 9564
f 9564 9568 9552
f 9565 9552 9568
f 9314 9558 9577
f 9560 9848 9304
f 9553 10150 10401
f 9849 8786 9292
f 9845 9569 9566
f 9570 10147 10141
f 9559 9572 10153
f 9559 10153 9846
f 9848 10153 9572
f 9848 9572 9304
f 9849 9573 8786
f 9575 10427 9570
f 9570 10427 10147
f 10149 10153 9574
f 9574 10153 9572
f 9573 9854 9307
f 8803 9038 9851
f 9852 9863 9306
f 9858 10148 9847
f 9853 10151 9858
f 9303 9853 9858
f 9858 10151 10148
f 10149 9574 9856
f 9578 9572 10153
f 9858 10151 9046
f 10153 10158 9578
f 9050 8552 10156
f 10154 10150 9553
f 9857 9579 10722
f 10718 9843 9583
f 9856 9581 10155
f 9862 9581 9578
f 8806 8803 9860
f 9861 10167 9588
f 9865 10155 9581
f 9581 9585 9865
f 9862 10155 9865
f 9585 9581 9862
f 9862 9865 9585
f 9872 9050 9866
f 9872 9866 10442
f 9867 9053 9582
f 9582 9868 9867
f 10162 9859 9586
f 10162 9586 9869
f 10166 9850 9051
f 9051 9870 10166
f 9865 9585 10168
f 9872 10442 10170
f 9056 9053 9867
f 9587 10176 9586
f 10176 9869 9586
f 10163 9864 9874
f 10170 10175 9872
f 9867 9873 9056
f 10180 8324 8321
f 9870 9591 10171
f 9051 9591 9870
f 10167 10173 9059
f 8814 9314 9878
f 9871 9590 9865
f 9585 9865 9590
f 9875 10164 9592
f 9058 9056 9873
f 10718 9583 9876
f 9591 9877 10171
f 9321 10173 9883
f 10173 9321 9059
f 10168 10447 10996
f 9880 9882 9593
f 9593 10175 9880
f 10178 10177 9874
f 9874 9881 10178
f 9878 9889 8814
f 10447 10168 9594
f 9886 9590 9879
f 9875 9596 9882
f 9880 9875 9882
f 9877 9601 9598
f 9877 9598 9883
f 9883 9598 9321
f 9062 9874 9885
f 10736 9584 9602
f 8830 8814 9889
f 9882 9596 9597
f 9884 9065 8812
f 9595 10181 9881
f 10178 9881 10181
f 9599 10184 10447
f 9340 9062 9885
f 9889 8844 8830
f 9886 9603 9316
f 9071 9058 9891
f 10181 9595 9888
f 9892 10742 10179
f 9888 9604 9890
f 9607 10456 9600
f 9893 9890 9604
f 9603 9895 9606
f 9082 9071 9891
f 9891 10188 9082
f 10456 9607 9609
f 9619 9606 9895
f 9618 9612 9894
f 9609 9897 10456
f 9608 9900 9617
f 10462 10742 9337
f 9892 9337 10742
f 9623 10185 9338
f 9618 9894 9354
f 9605 9620 10192
f 9902 9614 9615
f 9615 9899 9898
f 9616 9622 9899
f 9903 9911 9616
f 9354 8623 9618
f 9082 10188 10467
f 10465 9897 9902
f 9615 9906 9902
f 9615 9898 9906
f 9899 9906 9898
f 9899 9621 9906
f 9899 9622 9621
f 9617 9907 9903
f 9900 9907 9617
f 10462 9337 9359
f 9921 9340 9908
f 9625 10187 9623
f 9624 9619 9909
f 10465 9902 9905
f 9913 9902 9906
f 9903 9915 9911
f 9361 9354 9904
f 9361 9904 9630
f 9624 9909 9356
f 10467 8854 9082
f 9910 9906 9621
f 9622 9911 9914
f 9915 9903 9907
f 9909 9636 9356
f 9905 9902 9913
f 10195 9911 9915
f 10189 9353 9635
f 10192 9924 9916
f 9905 9913 10193
f 9631 10193 9913
f 9631 9913 9918
f 9919 10195 9915
f 9915 9629 9919
f 9629 9628 9919
f 9919 9634 10199
f 9634 9629 9915
f 9915 10199 9634
f 9636 9917 9102
f 9370 9102 9917
f 10467 9923 8854
f 9920 10193 9918
f 9631 9918 10193
f 9919 9628 9634
f 9625 8864 9912
f 9921 9926 9646
f 9927 9912 8864
f 9641 9916 9371
f 9924 9371 9916
f 9922 9645 11013
f 8624 10200 9359
f 9924 9643 9371
f 10206 9368 9923
f 9646 9926 9647
f 9645 9110 9928
f 9930 9933 9932
f 9648 9931 9932
f 9932 9378 9648
f 9378 9932 9933
f 10200 9374 9379
f 9378 9933 9650
f 9934 9649 10478
f 9648 9649 9934
f 9119 9936 9652
f 8639 8172 9937
f 9382 8639 9937
f 9381 9382 9938
f 9935 9381 9939
f 9939 10211 9935
f 9653 9652 9940
f 9385 9384 10221
f 10483 10482 9941
f 9942 9656 9389
f 10219 9655 10222
f 9944 9657 9656
f 9393 9658 10224
f 10225 10222 9659
f 9662 9944 9947
f 9661 10778 10774
f 9663 9395 10224
f 10225 9659 9945
f 9394 10491 10488
f 9945 9946 10225
f 9664 9662 9947
f 9947 9675 9664
f 9950 9951 9666
f 9667 9666 9951
f 9951 9956 9667
f 9946 9945 9680
f 9680 10490 9946
f 9406 9664 9675
f 9403 9952 9953
f 9671 9678 9948
f 9678 9955 9948
f 9948 9949 9671
f 9671 9949 9962
f 9962 9949 9950
f 9950 9970 9962
f 9950 9672 9970
f 9666 9672 9950
f 9956 9404 9667
f 9953 9973 9403
f 9973 9953 9959
f 9960 9961 9676
f 9677 9676 9961
f 9961 9688 9677
f 9954 9694 8890
f 9689 9671 9962
f 9956 9963 9404
f 9963 9679 9404
f 9964 10231 9965
f 10490 9690 9965
f 9407 9675 9967
f 9957 9692 9967
f 9957 9983 9692
f 9959 9974 9973
f 9959 9975 9974
f 9975 9959 9960
f 9960 9686 9975
f 9676 9686 9960
f 9694 8668 8890
f 9678 9968 9955
f 9969 9689 9962
f 9969 9962 9970
f 9970 9672 9977
f 9977 9679 9963
f 9963 9978 9977
f 9965 9979 9964
f 9979 9965 9690
f 9971 9681 9966
f 9966 9980 9971
f 9989 9982 9682
f 9407 9967 9692
f 9972 9684 9685
f 9972 9958 9684
f 9972 9685 9973
f 9686 10250 9975
f 10240 9968 9689
f 9969 10240 9689
f 9976 9969 9970
f 9970 9977 9976
f 9966 9981 9980
f 9691 10246 9409
f 10246 9691 9982
f 9410 9692 9990
f 9990 9692 9983
f 9972 9973 10247
f 10247 9973 9974
f 9974 10248 10247
f 9974 9984 10248
f 9984 9974 9975
f 9975 10250 9984
f 10244 10250 9985
f 9979 9408 9986
f 9987 9411 9971
f 9971 9980 9987
f 9693 9988 9981
f 9412 9409 10246
f 10246 9982 9989
f 9411 9987 9991
f 9989 9695 9993
f 9416 9410 9990
f 9990 10253 9416
f 9694 10273 9420
f 9414 10252 9986
f 9155 9411 9991
f 10256 9988 9697
f 9693 9697 9988
f 9698 9992 10258
f 9992 9698 9412
f 9414 10257 10252
f 9995 10266 9991
f 9155 9991 10266
f 9699 9998 9695
f 9993 9695 9998
f 9994 9993 9998
f 9702 9155 10266
f 10258 9157 9698
f 9999 9415 9416
f 9416 10253 9999
f 9696 10006 10533
f 10000 9996 9704
f 9704 9996 10001
f 9700 9704 10001
f 10001 10002 9700
f 10276 10257 9414
f 9157 10258 10003
f 9699 10004 9998
f 10280 9415 9999
f 9703 10005 10271
f 9709 9703 10271
f 10271 10264 9709
f 9696 9167 10006
f 10000 9704 10274
f 10001 10275 10002
f 9701 10002 10275
f 9705 9701 10009
f 10276 9414 10284
f 9997 10007 9707
f 9707 10003 9997
f 10003 9707 9157
f 10004 9699 10008
f 9415 10280 9713
f 9703 10278 10005
f 9703 9708 10278
f 10274 9704 9710
f 9710 10011 10274
f 9717 9705 10009
f 9711 9707 10007
f 10008 9699 9712
f 8924 9709 10018
f 10018 9443 8924
f 10579 10294 9714
f 10030 10565 10296
f 9426 10013 10012
f 10013 9426 9716
f 10013 9716 10014
f 10009 9439 9717
f 9712 10572 10008
f 9712 9442 10572
f 9713 10593 9727
f 9424 10301 9708
f 9719 10016 9431
f 9730 9436 10012
f 10012 9436 9426
f 9171 9428 10015
f 10015 10298 9171
f 9443 10018 9729
f 9425 10295 9714
f 10295 9425 9722
f 10010 10019 11089
f 9175 9436 9730
f 10305 10020 9427
f 10307 10306 9171
f 10298 10307 9171
f 9724 9423 9720
f 9724 10022 10023
f 9725 9724 10023
f 9725 10024 9711
f 10025 9711 10024
f 10026 9735 10025
f 10026 10308 9735
f 10300 9442 10033
f 10300 10572 9442
f 10006 10036 10556
f 10036 10006 9176
f 10288 8694 9434
f 8694 10288 9192
f 9731 10589 10011
f 9734 10580 9723
f 9439 10039 9447
f 10312 10022 9724
f 10023 10032 9725
f 10024 9725 10032
f 10577 10301 9736
f 10028 9738 10310
f 10035 9455 9729
f 10029 10587 9452
f 9733 10580 9734
f 9458 9447 10039
f 9724 9739 10312
f 9738 10027 10034
f 10035 10040 9455
f 8939 10037 9745
f 9196 8943 10038
f 10311 10031 10043
f 9457 9732 10039
f 9464 9735 10315
f 9740 10594 9736
f 10594 9740 9461
f 9461 10862 10594
f 10862 9461 9737
f 9737 10040 10862
f 10042 10312 9739
f 9742 10042 9739
f 9464 10315 10046
f 9743 10597 10041
f 10045 8952 9192
f 10048 10042 9742
f 10871 10049 9744
f 10871 9744 11108
f 9744 9201 11108
f 8942 11109 9722
f 10050 9209 9196
f 9201 9749 10316
f 9468 9746 9752
f 9753 9467 9747
f 9747 10047 9753
f 10045 9761 8952
f 10316 9749 10051
f 9469 9754 10607
f 9470 9755 9207
f 9756 10313 9466
f 10050 9488 9209
f 10327 10607 9757
f 9754 9757 10607
f 10053 9210 9469
f 10052 9769 9763
f 9757 9767 10327
f 10055 9210 10053
f 10055 9764 9210
f 9470 9758 10056
f 9758 9762 10056
f 9766 10324 10061
f 9756 10057 10313
f 10054 10616 8714
f 10329 10051 9215
f 9761 10071 9219
f 10052 9763 9478
f 9478 10334 10052
f 9767 10620 10327
f 10055 10064 9764
f 10055 10331 10064
f 10056 10340 10060
f 9762 10340 10056
f 9770 9766 10061
f 9220 8714 10616
f 9767 10338 10620
f 10063 9764 10064
f 10340 9762 10068
f 10068 9765 10342
f 9768 10065 9765
f 10333 9766 10069
f 9770 10061 10070
f 10066 10334 9478
f 9769 10067 9772
f 9772 10067 9479
f 9770 10070 9773
f 10071 9494 9224
f 9494 10071 10073
f 10074 10075 10066
f 9486 9479 10072
f 10072 10079 9486
f 10637 10919 9489
f 10058 9489 10919
f 10085 10078 9775
f 10078 10082 9775
f 10074 9775 10082
f 10080 9773 10083
f 8058 9488 10077
f 10075 10074 10082
f 9498 9486 10079
f 10079 10358 9498
f 10355 10346 9779
f 10084 9245 8985
f 10085 9775 9778
f 9498 10358 10086
f 9779 9780 10355
f 10088 9239 9776
f 10087 10088 9776
f 8521 9231 9530
f 10084 9786 9245
f 9489 9499 10357
f 9494 10085 9787
f 9787 10085 9778
f 10086 10089 9781
f 9780 9782 10356
f 9499 10363 10357
f 9783 9781 10089
f 9784 10088 10087
f 8522 8058 10091
f 10368 10363 9499
f 9499 9523 10368
f 9796 10359 10090
f 10356 9782 10093
f 9782 9790 10093
f 10088 9784 9800
f 9804 10361 10360
f 10374 10368 9523
f 10927 10364 10094
f 9783 10376 9794
f 9794 9793 9783
f 9788 9519 10663
f 9795 9788 10096
f 10096 10097 9795
f 9796 10090 9524
f 10092 9797 10670
f 9789 10092 10670
f 9798 9521 10664
f 9799 10379 10093
f 10093 9790 9799
f 10371 8516 9791
f 8516 10371 10098
f 9523 10099 10374
f 9809 9787 9792
f 9812 9795 10097
f 9796 9802 10365
f 10090 10385 9524
f 10101 10670 9797
f 9784 9808 9800
f 10924 9785 10936
f 10369 10361 9804
f 9531 8516 10098
f 10098 10107 9531
f 10108 10103 10099
f 10099 9523 10108
f 10099 10103 10364
f 9792 10109 9809
f 10109 9792 9801
f 10115 9529 9805
f 9807 9806 10104
f 10104 9806 9525
f 9803 10112 10105
f 10112 9803 9800
f 9800 9808 10112
f 10103 10118 10364
f 10382 10109 9801
f 9801 9810 10382
f 10115 9805 10687
f 10388 9811 9812
f 10104 9525 10110
f 9813 10110 9525
f 10112 10111 10105
f 10111 9532 10105
f 10107 10116 9531
f 10113 10117 10116
f 10116 10107 10113
f 10103 10108 9814
f 10103 9814 10118
f 10387 10927 10094
f 9809 10109 9818
f 10109 10114 9818
f 10382 9810 10119
f 10119 10114 10382
f 9805 10395 10687
f 9805 9811 10395
f 10388 10395 9811
f 10389 10669 9802
f 10111 10122 10121
f 10121 9532 10111
f 10116 10391 10106
f 10113 10391 10117
f 9814 10124 10394
f 10118 9814 10394
f 9009 10679 10650
f 9818 10114 10119
f 10119 9810 10120
f 10120 9810 9271
f 10110 9813 10121
f 10116 10106 10123
f 10116 10117 9823
f 10116 10123 10391
f 9823 10391 10127
f 9823 10117 10391
f 10129 10118 10400
f 10387 10094 9535
f 9818 10119 9824
f 9824 10119 10120
f 9276 10126 10389
f 10121 9820 10405
f 10121 10122 9820
f 9820 10122 10112
f 10403 9821 9816
f 9828 10391 10123
f 9823 10127 9828
f 9828 10406 10391
f 9558 8522 10137
f 9832 10128 10124
f 10401 10387 9535
f 10125 10140 9539
f 10130 9830 9276
f 10126 9276 9830
f 9819 10134 10131
f 9827 9828 10123
f 9827 10692 10406
f 9828 9827 10406
f 9828 10406 10135
f 9828 10127 10406
f 9829 9832 10124
f 10129 10128 9829
f 10132 9286 9824
f 9842 9833 9825
f 10130 9825 9833
f 9833 9830 10130
f 9830 10133 10126
f 10405 9820 9837
f 9837 10410 10405
f 9281 9852 9306
f 10403 10144 9821
f 10135 9827 9828
f 9827 10136 10692
f 10138 10128 9832
f 9829 10128 10139
f 9561 9286 10132
f 9834 10131 10134
f 9826 9835 9836
f 9836 9835 9844
f 9837 9034 10410
f 9827 10135 10136
f 10137 9577 9558
f 9546 10415 10138
f 9546 10138 9832
f 10139 10415 9546
f 10139 9546 9829
f 9840 10143 10409
f 10133 9843 10700
f 10410 9034 10141
f 10136 9827 10414
f 10136 10142 9303
f 11216 10415 9846
f 9846 10415 9546
f 9546 10415 10146
f 9546 10146 9560
f 9840 10412 10143
f 9851 9556 9834
f 10145 10414 9847
f 10142 10145 9303
f 9541 10704 10399
f 9848 9560 10146
f 9850 10430 9838
f 10145 9847 10148
f 9853 9303 10145
f 10153 10417 9846
f 10417 10153 9848
f 10696 10401 10150
f 10422 9573 9849
f 10417 10153 10149
f 9854 10425 9307
f 9851 9860 8803
f 9855 10427 9575
f 10148 10151 10716
f 9541 10152 10704
f 9856 10983 10149
f 10417 10158 10153
f 10722 10972 9857
f 9307 10425 10157
f 9856 10155 10983
f 10157 9580 9307
f 9855 9859 10426
f 9850 10159 10430
f 10715 9861 9576
f 9588 9576 9861
f 10156 9866 9050
f 9580 10157 10726
f 9858 10161 10151
f 9862 9578 10158
f 10158 10169 9862
f 10169 10155 9862
f 9580 10726 9868
f 9868 9582 9580
f 9860 9884 8806
f 10160 10159 10166
f 9850 10166 10159
f 9864 10163 9858
f 10161 9858 10163
f 9577 9878 9314
f 9865 10725 10155
f 9865 10155 10169
f 10164 10435 10154
f 10165 10435 10164
f 10166 10172 10160
f 9865 10168 10725
f 9867 9868 9873
f 10180 8321 9863
f 10174 10166 9870
f 10174 9870 10173
f 10174 10172 10166
f 10174 10173 10167
f 10163 10727 10161
f 9046 9885 9874
f 9871 9865 10169
f 10164 10175 10170
f 10728 10176 9587
f 9870 10171 10173
f 9874 10177 10163
f 10727 10163 10177
f 9879 9590 9871
f 9875 10175 10164
f 9876 10997 10718
f 10173 10171 9877
f 9877 9883 10173
f 10152 9584 10736
f 10175 9875 9880
f 10179 10728 9587
f 9876 10737 10997
f 7890 8324 10180
f 9065 9884 10182
f 9602 10183 10736
f 10443 9887 10999
f 9888 9890 10181
f 10447 10184 10454
f 9886 9895 9603
f 10737 9876 9600
f 9608 9065 10182
f 8844 9889 9612
f 9887 10744 10999
f 9612 10455 9894
f 10454 10184 9605
f 10737 9600 10456
f 10453 9890 9893
f 10183 9338 10185
f 10744 9887 9334
f 9339 9074 10458
f 10744 9334 9896
f 9893 9901 10453
f 10186 9619 9895
f 9619 10186 9909
f 9908 9340 10463
f 10185 9623 10187
f 10464 9605 10192
f 10456 9897 10465
f 10186 11011 9909
f 9353 10189 9901
f 9636 9909 11011
f 9636 11011 9917
f 10192 10191 10464
f 9635 9639 10189
f 9908 10197 9921
f 9625 9912 10187
f 11016 10465 9905
f 9906 9918 9913
f 9918 9906 9910
f 9918 9910 10190
f 9914 10194 10190
f 10190 9910 9914
f 10195 10194 9914
f 9914 9911 10195
f 10199 9915 9907
f 9921 10197 9927
f 9912 10197 10468
f 10193 11016 9905
f 9918 10190 10469
f 9099 9365 10196
f 9912 9927 10197
f 9641 9630 10191
f 9641 10191 10192
f 10192 9916 9641
f 11016 10193 10471
f 10195 10198 10194
f 10195 9919 10198
f 10198 9919 10199
f 9926 9921 9927
f 9920 10471 10193
f 9918 10202 9920
f 9107 9099 10201
f 9640 9925 11017
f 9920 10207 10756
f 9920 10202 10207
f 10198 10205 10203
f 9925 9375 10754
f 10474 9928 9110
f 10202 9929 10207
f 10202 10208 9929
f 10204 10203 9930
f 9930 10203 9933
f 9933 10203 10205
f 10477 10754 9375
f 10207 9929 9931
f 9931 9929 10208
f 10208 10204 9932
f 10204 9930 9932
f 10206 9651 9114
f 9651 10206 10760
f 10207 9934 10756
f 9931 9934 10207
f 9932 9931 10208
f 10756 9934 10758
f 9931 9648 9934
f 10200 9379 10759
f 10758 9934 10478
f 10209 9650 9933
f 10209 10210 9650
f 10210 9119 9650
f 9936 9119 10210
f 8172 9651 9937
f 9379 10762 11024
f 10211 10478 9935
f 9379 9121 10762
f 9937 9938 9382
f 10212 9121 9653
f 10212 10762 9121
f 9381 9938 9939
f 9652 10213 9940
f 9938 10214 9939
f 9939 10215 10211
f 9940 10216 9653
f 10212 9653 10216
f 11030 9384 10482
f 10221 9384 11030
f 9654 10484 9942
f 10484 9654 10217
f 10217 10218 10766
f 10220 10766 10218
f 10483 9941 10219
f 9942 10484 10486
f 9385 10221 9943
f 10222 10767 10219
f 9656 9942 10486
f 10766 10220 10774
f 10485 9943 10221
f 9656 10486 9944
f 10222 10225 10223
f 9947 9944 10777
f 10775 10223 10225
f 10225 10489 10775
f 10226 9947 10777
f 9663 10511 9954
f 9946 10489 10225
f 10490 10489 9946
f 9675 10226 10228
f 9675 9947 10226
f 10493 9949 9948
f 10493 10494 9949
f 9950 9949 10494
f 10494 10229 9950
f 9951 9950 10229
f 9953 9952 10496
f 9953 10497 9959
f 9960 9959 10497
f 10497 10503 9960
f 9961 9960 10503
f 9948 9955 10498
f 10498 10499 9948
f 10499 10493 9948
f 9956 9951 10229
f 10229 10230 9956
f 10228 9967 9675
f 10503 10238 9961
f 9688 9961 10238
f 9963 9956 10230
f 10230 10506 9963
f 10231 9964 10507
f 9965 10231 10236
f 10227 10490 9965
f 9965 10233 10227
f 10233 10495 10227
f 10228 10232 10234
f 9967 10228 10234
f 10235 9957 9967
f 10496 9958 10509
f 9952 9958 10496
f 9955 9968 10498
f 10239 10498 9968
f 10506 9978 9963
f 10236 10242 9979
f 10236 9979 9965
f 9979 10233 9965
f 10233 10513 10495
f 10234 10237 9967
f 10235 9967 10237
f 9972 10509 9958
f 10238 10510 9985
f 10238 9985 9688
f 10254 11041 9665
f 9968 10240 10239
f 10505 10241 9978
f 9978 10506 10505
f 10507 9964 9979
f 9979 10242 10507
f 10513 10233 10523
f 9990 10235 10237
f 9972 10243 10509
f 10243 9972 10247
f 10510 10244 9985
f 9976 10251 9969
f 9976 10245 10251
f 9976 9977 10241
f 10241 10245 9976
f 10241 9977 9978
f 10233 9979 9986
f 9986 10523 10233
f 9980 10514 9987
f 10514 9980 9981
f 9981 10788 10514
f 9988 10788 9981
f 10519 9412 10246
f 10515 10246 9989
f 9989 10516 10515
f 10237 10234 10253
f 10508 10235 9990
f 9983 10508 9990
f 10249 10248 9984
f 10249 9984 10250
f 10525 10250 10244
f 10251 10521 9969
f 9986 10252 10523
f 10518 9995 9991
f 9991 9987 10518
f 10801 10788 9988
f 9993 10516 9989
f 10524 10516 9993
f 9990 10237 10253
f 10249 10250 10797
f 10797 10250 10525
f 10254 10533 11041
f 10255 9995 10518
f 9988 10256 10801
f 9993 9994 10524
f 10533 10254 9696
f 10523 10252 10257
f 10524 9994 10259
f 10524 10259 10529
f 10260 10536 10255
f 10536 10265 10255
f 10265 9995 10255
f 10266 9995 10265
f 10265 10261 10266
f 10527 10256 9997
f 9994 9998 10262
f 10262 10259 9994
f 9999 10253 10263
f 10542 9996 10000
f 10542 10001 9996
f 10257 10276 10808
f 10266 10267 9702
f 9997 10268 10527
f 10003 10258 10269
f 10262 9998 10004
f 10270 10529 10259
f 10541 10264 10271
f 9709 10264 10272
f 9434 9420 10273
f 10542 10279 10001
f 10279 10275 10001
f 10267 9428 9702
f 10268 9997 10003
f 10003 10269 10268
f 10277 10280 9999
f 10554 10281 10278
f 10271 10005 10546
f 10546 10541 10271
f 10272 10018 9709
f 9434 10273 10288
f 10550 9701 10275
f 10808 10276 10841
f 10015 9428 10267
f 10285 10015 10267
f 10554 10278 9708
f 10282 10278 10281
f 10282 10005 10278
f 10282 10287 10005
f 10287 10546 10005
f 10011 10819 10274
f 10283 10289 10012
f 10283 10012 10013
f 10013 10549 10283
f 10014 10275 10279
f 10279 10013 10014
f 10279 10549 10013
f 10014 10568 10275
f 10009 10297 9439
f 10276 10284 10841
f 10848 9713 10280
f 10554 9708 10301
f 10301 10563 10554
f 10287 9431 10016
f 10016 10017 10555
f 10555 10546 10016
f 10546 10287 10016
f 9714 10851 10579
f 10010 11094 10566
f 9730 10012 10289
f 10014 10567 10568
f 10284 10581 10841
f 10284 9706 10020
f 10575 10290 10291
f 10021 10571 10286
f 10593 9713 10848
f 10287 10293 9721
f 9721 9431 10287
f 10018 10564 9729
f 10029 9433 10294
f 9714 10295 10851
f 10010 11089 11094
f 10289 10304 9730
f 10567 10014 9723
f 9723 10580 10567
f 10284 10020 10581
f 10022 10291 10290
f 10026 10571 10308
f 10308 10571 10021
f 10308 10021 10866
f 10021 10286 10866
f 10309 9727 10593
f 10293 10027 9721
f 10293 10302 10027
f 10017 10028 10555
f 10028 10578 10555
f 10564 10303 9729
f 10296 10038 10030
f 10019 10853 11089
f 10853 10019 10031
f 9192 10288 10045
f 10011 10589 10819
f 10039 9439 10297
f 10297 10591 10039
f 10865 10307 10298
f 10032 10299 10024
f 10025 10024 10299
f 10299 10026 10025
f 10033 10592 10300
f 10592 10033 10309
f 10034 10027 10302
f 10578 10028 10310
f 9729 10303 10035
f 10587 10037 9452
f 10029 11093 10587
f 10590 10589 9731
f 10304 9733 9730
f 9733 10304 10580
f 9735 10308 10315
f 9736 10594 10577
f 9738 10034 10310
f 10590 9731 9457
f 9457 10854 10590
f 10854 9457 10039
f 10042 10598 10312
f 11104 10047 10041
f 10041 10314 11104
f 10041 10597 10314
f 10599 9746 9745
f 10597 9743 10044
f 10044 10601 10597
f 10598 10042 10608
f 10316 11108 9201
f 10599 9752 9746
f 9752 10599 10883
f 10043 10325 10317
f 10048 10608 10042
f 10323 10048 10046
f 10320 10054 10049
f 10048 10323 10608
f 9469 10607 10318
f 10318 10319 9469
f 9469 10319 10053
f 9755 9470 10609
f 9755 10604 9759
f 10062 9216 9752
f 10052 10322 10330
f 10052 10321 10322
f 10328 10608 10323
f 10609 9470 10056
f 8709 10880 8942
f 10058 10325 9471
f 9769 10052 10330
f 9768 9759 10332
f 10324 9766 10333
f 10057 10885 10313
f 8709 10892 10880
f 10334 10321 10052
f 9769 10330 10067
f 10332 10065 9768
f 10900 11122 10058
f 10335 10340 10914
f 10340 10335 10060
f 10342 10914 10340
f 9765 10915 10342
f 10915 9765 10065
f 10069 10336 10333
f 10070 10061 10619
f 10619 10622 10070
f 10885 10057 9771
f 10919 10900 10058
f 10066 10337 10334
f 10063 10912 10339
f 10912 10063 10064
f 10340 10068 10342
f 10343 10336 9481
f 10069 9481 10336
f 9771 10081 10885
f 10337 10066 10345
f 10341 9479 10067
f 9479 10341 10072
f 8709 10632 10892
f 10344 10077 9488
f 10345 10066 10075
f 10070 10350 9773
f 9494 10073 10085
f 10078 10641 10082
f 10080 10083 10347
f 9776 10080 10347
f 10347 10348 9776
f 10348 10087 9776
f 10087 10348 10081
f 10076 10924 11127
f 10349 10084 8985
f 10077 10091 8058
f 10353 10637 9489
f 10353 9489 10645
f 10082 10641 10075
f 10641 10345 10075
f 10923 10346 10355
f 10083 9773 10350
f 10645 10357 10352
f 10645 9489 10357
f 9774 10650 10059
f 10359 10351 10090
f 9780 10356 10355
f 10361 10643 10921
f 9786 10084 10643
f 10357 10362 10352
f 10648 10640 10353
f 10920 10648 10927
f 10358 10089 10086
f 10351 10359 10354
f 10361 10921 10360
f 9786 10643 10361
f 10362 10357 10363
f 10648 10353 10362
f 10362 10363 10648
f 10927 10648 10364
f 10359 9796 10354
f 9791 10366 10361
f 10366 9791 9786
f 10368 10099 10363
f 10648 10363 10099
f 10099 10364 10648
f 10089 10372 9783
f 9796 10365 10354
f 10658 10356 10093
f 9791 10361 10369
f 10371 9791 10369
f 10371 9791 10667
f 10371 10370 9791
f 10102 8522 10091
f 10374 10660 10367
f 10099 10368 10374
f 10372 10376 9783
f 10663 9519 10932
f 10663 10096 9788
f 9521 9789 10670
f 10670 10664 9521
f 10658 10093 10379
f 10369 10370 10371
f 10666 10107 10098
f 10098 10667 10666
f 10098 10371 10667
f 10374 10381 10660
f 10381 10099 10374
f 10374 10367 10381
f 10383 10375 10372
f 10372 10375 10376
f 10377 9794 10376
f 10377 10932 9794
f 9519 9794 10932
f 10664 10378 9798
f 9799 9798 10378
f 9799 10378 10379
f 10106 10370 10369
f 10370 10106 10107
f 10107 10380 10370
f 10666 10380 10107
f 10381 10374 10103
f 10103 10374 10099
f 10381 10103 10099
f 10383 10382 10375
f 10375 10384 10376
f 10668 9812 10097
f 9802 10669 10365
f 10676 10670 10101
f 10390 10676 10101
f 10113 10380 10674
f 10113 10107 10386
f 10113 10386 10380
f 10383 10384 10382
f 10384 10375 10382
f 9812 10668 10388
f 10385 9537 9524
f 10104 10110 9807
f 10391 10107 10106
f 10107 10391 10386
f 10674 10386 10113
f 10102 10137 8522
f 10109 10382 10114
f 9537 10402 9819
f 10950 10390 10396
f 10396 9807 10110
f 10122 10111 10112
f 9804 10360 9816
f 10113 10386 10392
f 10391 10113 10392
f 10392 10386 10391
f 10115 10687 10120
f 11204 10396 10110
f 10391 10392 10127
f 10683 10392 10391
f 10127 10392 10398
f 11179 10373 10399
f 10124 10400 10393
f 10124 10393 10394
f 10400 10394 10393
f 10118 10394 10400
f 9824 10120 10689
f 10962 10120 10687
f 10126 10682 10389
f 10110 10690 11204
f 10110 10121 10691
f 10691 10121 10405
f 10391 10406 10683
f 10127 10398 10406
f 10404 10400 10124
f 10404 10124 10128
f 10686 10404 10128
f 10686 10128 10400
f 10128 10129 10400
f 9824 10689 10408
f 10413 9819 10402
f 10413 10134 9819
f 10135 10406 10411
f 10138 10407 10404
f 10138 10404 10128
f 10128 10404 10407
f 10132 9824 10408
f 10682 10126 10133
f 10136 10135 10411
f 10692 10136 10411
f 10694 10407 10138
f 10139 10128 10407
f 10972 10679 9857
f 10409 10412 9840
f 10682 10133 10700
f 10413 9834 10134
f 10136 10414 10411
f 10136 10411 10142
f 10415 10694 10138
f 10695 10415 10139
f 10409 10143 10412
f 10413 9851 9834
f 10416 8552 10140
f 10416 10421 8552
f 10141 10701 10410
f 10699 10414 10145
f 9846 10417 11216
f 10421 10156 8552
f 9561 10418 9849
f 10141 10147 10706
f 10706 10701 10141
f 9576 10144 10703
f 10148 10716 10145
f 9853 10145 10419
f 10146 10423 9848
f 10423 10417 9848
f 10696 10150 10420
f 10418 10422 9849
f 9573 10422 9854
f 10983 10417 10149
f 10424 10433 10156
f 10156 10708 10424
f 10156 10421 10708
f 9843 10718 10700
f 10426 10427 9855
f 10432 10417 10423
f 10432 10158 10417
f 10150 10154 10420
f 10721 10420 10154
f 10426 9859 10429
f 9046 10151 10441
f 10429 9859 10428
f 10431 10430 10159
f 10159 10437 10431
f 9861 10715 10438
f 10151 10986 10716
f 10432 10439 10158
f 10435 10721 10154
f 10156 10433 9866
f 10434 10721 10435
f 10434 9866 10433
f 10436 9866 10434
f 10438 10159 10160
f 10438 10160 10167
f 10438 10437 10159
f 10438 10167 9861
f 10986 10151 10161
f 10155 10725 10983
f 10435 10165 10434
f 10436 10442 9866
f 10442 10436 10440
f 10428 10162 10728
f 10162 10428 9859
f 10439 10169 10158
f 10170 10442 10440
f 10164 10170 10440
f 10165 10164 10440
f 9869 10728 10162
f 10160 10172 10174
f 10167 10160 10174
f 10161 10727 10986
f 10441 9885 9046
f 10996 10725 10168
f 10176 10728 9869
f 10152 10736 10729
f 10734 9058 9873
f 10449 9889 9878
f 10728 10179 10444
f 10445 10727 10177
f 10445 10177 10178
f 10446 11010 9885
f 9886 9879 10448
f 10178 10738 10445
f 10183 10451 10736
f 10449 10450 9612
f 9886 10448 9895
f 10444 10179 10742
f 10180 10452 7890
f 10738 10178 10181
f 10451 10183 11001
f 9889 10449 9612
f 10450 10455 9612
f 10738 10181 9890
f 9340 9885 11010
f 10454 11007 10447
f 10182 10457 9608
f 9074 7890 10452
f 10185 11233 11001
f 10183 10185 11001
f 10452 10458 9074
f 10463 9340 11010
f 9605 10464 10454
f 10185 10187 11009
f 9900 9608 10457
f 10457 10751 9900
f 10189 10459 10460
f 9901 10460 10453
f 9354 9894 9904
f 10464 10461 10454
f 10186 10740 11011
f 10459 10189 9639
f 10460 9901 10189
f 11238 10456 10465
f 10462 9359 11012
f 10466 9365 9339
f 10463 10468 9908
f 10187 10468 10748
f 9904 10461 9630
f 10464 9630 10461
f 10464 10191 9630
f 9907 9900 10753
f 9908 10468 10197
f 9912 10468 10187
f 10747 9922 11013
f 10190 10752 10469
f 10752 10190 10194
f 10472 10199 9907
f 10196 10201 9099
f 10470 10752 10194
f 11253 9359 10200
f 9106 10473 9113
f 10202 9918 10469
f 10198 10203 10194
f 10472 10198 10199
f 11017 9925 10754
f 10471 9920 10756
f 10469 10475 10202
f 10198 10472 10205
f 9113 10473 10474
f 10470 10194 10204
f 10204 10757 10470
f 10204 10194 10203
f 9107 10476 9116
f 10476 10477 9116
f 10202 10475 10208
f 10204 10208 10475
f 10475 10757 10204
f 9933 10205 10209
f 9937 9651 10760
f 9379 11024 10759
f 10210 10479 9936
f 10211 10763 10478
f 9936 10479 10213
f 9936 10213 9652
f 9937 10480 9938
f 9938 10480 10214
f 10215 9939 10214
f 10215 10764 10211
f 10213 10481 10216
f 9940 10213 10216
f 10212 10216 11026
f 10484 10217 10766
f 10482 10483 11030
f 10483 11031 11030
f 10483 10767 11031
f 10767 10483 10219
f 10486 10484 10768
f 10766 10774 10772
f 11033 10766 10772
f 10485 11276 9943
f 10769 10767 10222
f 10222 10223 10769
f 9944 10487 10777
f 10487 9944 10486
f 9943 11276 9658
f 10223 10773 10769
f 10781 10224 9658
f 9658 11276 10781
f 10773 10223 10775
f 10224 10781 9663
f 10226 10777 10779
f 10488 11039 10778
f 11039 10488 10491
f 9663 10781 10511
f 10489 10490 10776
f 10227 10776 10490
f 10780 10776 10227
f 10779 10492 10228
f 10779 10228 10226
f 10491 11041 11039
f 10227 10495 10780
f 10232 10228 10492
f 9953 10496 10501
f 10497 9953 10502
f 10503 10497 10502
f 9665 11041 10491
f 9694 9954 10511
f 10782 10499 10504
f 10782 10493 10499
f 10782 10783 10493
f 10494 10493 10783
f 10783 10512 10494
f 10512 10505 10494
f 10505 10229 10494
f 10230 10229 10506
f 10500 10231 10507
f 10236 10231 10500
f 10235 10508 9957
f 10509 10501 10496
f 10784 9953 10501
f 10502 9953 10784
f 10502 10787 10503
f 10787 10510 10503
f 10238 10503 10510
f 10239 10499 10498
f 10504 10499 10239
f 10506 10229 10505
f 10507 10242 10500
f 10236 10500 10242
f 10232 10796 10234
f 10508 9983 9957
f 10509 10243 10501
f 10784 10501 10243
f 10511 10806 9694
f 10512 10241 10505
f 10246 10515 10519
f 10243 10247 10784
f 10786 10784 10247
f 10787 10791 10510
f 10791 10244 10510
f 10792 10504 10239
f 10239 10240 10792
f 10245 10241 10517
f 9987 10514 10518
f 10516 10524 10795
f 10247 10248 10786
f 10786 10248 10249
f 10797 10786 10249
f 10244 10791 10802
f 10792 10240 10800
f 10520 10800 10240
f 10520 10240 9969
f 9969 10521 10520
f 10517 10522 10251
f 10517 10251 10245
f 9992 9412 10519
f 10519 10528 9992
f 10525 10244 10802
f 10273 9694 10806
f 10251 10522 10521
f 10526 10255 10518
f 10256 10527 10801
f 10258 9992 10528
f 10253 10234 10263
f 10257 11056 10523
f 10513 10523 11056
f 10255 10526 10530
f 10258 10528 10531
f 10260 10255 10530
f 10531 10269 10258
f 11056 10257 10808
f 10260 10530 10551
f 10265 10536 10261
f 10266 10261 10537
f 10527 10268 10815
f 10269 10531 10538
f 10262 10539 10259
f 10259 10539 10270
f 10529 10270 10540
f 10532 10529 10540
f 10263 10545 9999
f 10272 10264 10541
f 10533 10006 10556
f 10535 10274 10534
f 10000 10274 10535
f 10535 10542 10000
f 10551 10543 10260
f 10260 10543 10536
f 10267 10266 10537
f 10537 10544 10267
f 10269 10538 10268
f 10004 10816 10262
f 10539 10540 10270
f 9999 10545 10277
f 10018 10272 10547
f 10548 10283 10542
f 10279 10542 10283
f 10283 10549 10279
f 10009 9701 10550
f 10821 10808 10841
f 10285 10267 10544
f 10268 10831 10815
f 10831 10268 10538
f 10561 10816 10008
f 10004 10008 10816
f 10280 10277 10562
f 10277 10545 10562
f 10546 10555 10541
f 10555 11072 10541
f 10547 10564 10018
f 10534 10274 10819
f 10548 10289 10283
f 10550 10275 10568
f 10550 10297 10009
f 10820 10558 10557
f 10558 10820 10821
f 10841 10558 10821
f 10559 10575 10285
f 10290 10575 10559
f 10560 10561 10286
f 10561 10292 10286
f 10561 10008 10572
f 10280 10562 10848
f 10573 10562 10552
f 10552 10553 10573
f 10554 10563 10282
f 10282 10281 10554
f 11088 10296 10565
f 10568 10297 10550
f 10557 10558 10569
f 10298 10015 10285
f 10285 10582 10298
f 10582 10285 10575
f 10559 10570 10290
f 10570 10022 10290
f 10571 10560 10286
f 10286 10292 10576
f 10576 10292 10561
f 10576 10561 10572
f 10562 10861 10848
f 10562 10573 10861
f 10563 10573 10553
f 10563 10293 10282
f 10287 10282 10293
f 10588 10294 10579
f 10565 10566 11094
f 10304 10289 10574
f 10580 10574 10567
f 10568 10838 10297
f 10839 10297 10838
f 10581 10859 10841
f 10575 10291 10583
f 10583 10291 10022
f 10570 10831 10022
f 10023 10022 10831
f 10032 10023 10831
f 10831 10832 10032
f 10299 10032 10832
f 10832 10571 10026
f 10026 10299 10832
f 10866 10286 10576
f 10572 11111 10576
f 10300 11111 10572
f 10577 10563 10301
f 10036 10836 10556
f 11093 10029 10294
f 11093 10294 10588
f 10295 10852 10851
f 11326 11089 10853
f 10574 10580 10304
f 10591 10297 10855
f 10839 10855 10297
f 10847 10581 10020
f 10865 10298 10582
f 10582 10575 10583
f 10022 10312 10583
f 10584 10593 10848
f 10585 10034 10302
f 10585 10578 10310
f 10586 10035 10303
f 10031 10311 10853
f 10020 10856 10847
f 10864 10856 10020
f 10020 10305 10864
f 10864 10305 10306
f 10306 10865 10864
f 10865 10306 10307
f 10582 11110 10865
f 10582 10583 11110
f 10315 10308 10866
f 10576 11111 10869
f 11111 10300 10592
f 10309 10593 10592
f 10310 10034 10585
f 10035 10862 10040
f 9745 10037 10595
f 10037 10587 10595
f 10600 10853 10311
f 10311 10043 10600
f 10039 10591 10854
f 11110 10583 10598
f 10583 10312 10598
f 11342 11111 10592
f 10592 10596 11342
f 10596 10592 10593
f 10599 9745 10595
f 10036 10313 11103
f 10871 10320 10049
f 10317 10600 10043
f 9761 10045 10894
f 10608 11363 10598
f 10315 10323 10046
f 10315 10884 10323
f 11335 11108 10316
f 11109 8942 10880
f 10317 10325 11543
f 10894 10071 9761
f 10322 10605 10602
f 10322 10602 10606
f 9755 10609 10603
f 10609 10878 10603
f 10604 9755 10603
f 10604 10610 10614
f 10613 10611 10612
f 11103 10313 10885
f 10605 10322 10606
f 10323 10884 10328
f 10614 9759 10604
f 10611 10324 10612
f 10324 10611 10613
f 10324 10613 10612
f 10320 11121 10054
f 10883 10062 9752
f 10050 10893 9488
f 10326 11354 10601
f 10321 10330 10322
f 10607 10327 10895
f 10055 10053 10615
f 11363 10608 10904
f 10328 10904 10608
f 10890 10609 10056
f 9759 10614 10332
f 10616 10054 11121
f 10051 10329 11127
f 11122 10886 10058
f 10325 10058 10886
f 9760 10617 9228
f 10326 11567 11354
f 10615 10331 10055
f 10629 10328 10884
f 10060 10335 10890
f 10056 10060 10890
f 10333 10619 10324
f 10061 10324 10619
f 10330 10321 10334
f 10334 10618 10330
f 10618 10067 10330
f 10620 10895 10327
f 10615 10896 10331
f 10896 10064 10331
f 10904 10328 10629
f 10335 10905 10890
f 10906 10065 10332
f 10617 10623 9228
f 11567 10326 10059
f 10618 10334 10337
f 10618 10341 10067
f 10912 10064 10896
f 10905 10335 10914
f 10065 10916 10915
f 10065 10906 10916
f 10333 10336 10622
f 10622 10619 10333
f 10900 10919 10910
f 10623 9777 9228
f 10618 10337 10624
f 10338 10911 10620
f 10338 11146 10911
f 11146 10338 10339
f 10339 10912 11146
f 10351 10904 10629
f 10336 10343 10908
f 10630 10070 10622
f 10885 10348 10898
f 10885 10081 10348
f 10616 10625 9220
f 10626 8985 10062
f 10925 9777 10623
f 10073 10627 10085
f 10624 10337 10345
f 10628 10072 10341
f 10629 10642 10351
f 10343 10923 10908
f 10348 10347 10631
f 9231 9220 10625
f 10625 11176 9231
f 8985 10626 10349
f 10633 10919 10637
f 10085 10627 10078
f 10078 10627 10634
f 10635 10072 10628
f 10904 10351 10913
f 10923 10343 10346
f 10350 10070 10630
f 10630 10636 10350
f 10643 10349 10626
f 10638 10633 10637
f 10640 10639 10647
f 10639 10640 10920
f 9507 9777 10925
f 10078 10634 10641
f 10345 10641 10634
f 10635 10079 10072
f 10635 10926 10079
f 10083 10350 10636
f 10083 10636 10347
f 9530 9231 11176
f 10643 10626 10921
f 10084 10349 10644
f 10646 10638 10637
f 10637 10645 10646
f 10353 10645 10637
f 10353 10640 10647
f 10920 10640 10648
f 10358 10079 10926
f 10351 10642 10090
f 10642 10657 10090
f 10355 10928 10923
f 10084 10644 10643
f 10644 10349 10643
f 10646 10645 10352
f 10647 10646 10352
f 10352 10353 10647
f 11595 10059 10650
f 10351 10354 10913
f 10928 10355 10356
f 10651 10652 10649
f 10651 10649 10653
f 10353 10352 10362
f 10095 9507 10931
f 9786 10361 10366
f 10652 10651 10366
f 10366 10651 10655
f 10366 10655 10652
f 10655 10651 10653
f 10661 10089 10358
f 10358 10656 10661
f 11168 10913 10354
f 10354 10365 11168
f 10654 10360 10921
f 10661 10372 10089
f 10356 10658 10928
f 9791 10370 10667
f 10663 10932 10662
f 10385 10090 10657
f 10670 10939 10664
f 10664 10939 10933
f 10379 10378 10658
f 10654 10665 10360
f 10666 10667 10370
f 11404 10632 10373
f 10672 10942 10659
f 10660 10381 10672
f 10672 10659 10660
f 10942 10381 10660
f 10660 10659 10942
f 10381 10367 10660
f 10100 10095 10673
f 10372 10376 10383
f 10376 10372 10661
f 10661 10377 10376
f 10668 10097 10096
f 10096 10663 10668
f 10365 10669 11168
f 10934 10924 10936
f 10665 9816 10360
f 10380 10666 10370
f 10380 10666 10671
f 10666 10380 10675
f 10672 10381 10942
f 10384 10383 10376
f 9281 9530 10951
f 10380 10386 10674
f 10380 10671 10674
f 10675 10380 10674
f 10675 10674 10671
f 10373 11179 11404
f 10387 11160 10927
f 10385 10402 9537
f 10665 10403 9816
f 10677 10947 10675
f 10387 11187 11160
f 9539 10100 10678
f 10955 10395 10388
f 10669 10389 11174
f 10676 10390 10950
f 10680 10947 10677
f 10681 10393 10685
f 10678 10125 9539
f 10955 10687 10395
f 10682 11174 10389
f 10946 10936 10397
f 10398 10392 10680
f 10392 10683 10680
f 10393 10400 10685
f 10685 10686 10681
f 10400 10393 10681
f 10681 10686 10400
f 11187 10387 10401
f 10396 11204 10950
f 10688 10406 10398
f 10685 10404 10684
f 10685 10400 10404
f 10686 10685 10404
f 10407 10404 10685
f 10696 11187 10401
f 11194 11187 10696
f 10962 10689 10120
f 10110 10691 10690
f 10683 10406 10692
f 10411 10406 10688
f 10683 10692 10688
f 10684 10404 10407
f 10684 10407 10693
f 10408 10689 10973
f 10691 10405 10410
f 10410 10974 10691
f 9838 10702 10397
f 10411 10964 10692
f 10693 10407 10694
f 10693 10695 10407
f 10407 10695 10139
f 10140 10125 10697
f 10973 10132 10408
f 10702 10698 10967
f 10967 10397 10702
f 10411 10414 10964
f 10697 10416 10140
f 10416 10965 10971
f 10416 10697 10965
f 10416 10971 10977
f 9851 10413 10984
f 10974 10410 10701
f 10414 10699 10964
f 10399 10704 11179
f 10415 11216 10694
f 10146 10415 10695
f 10695 10976 10146
f 10965 10696 10977
f 10132 10973 10418
f 10132 10418 9561
f 10705 10698 10702
f 10705 10702 10430
f 9838 10430 10702
f 10145 10975 10699
f 10137 10719 9577
f 10707 10146 10976
f 10421 10977 10709
f 10421 10416 10977
f 10430 10979 10705
f 10975 10145 10716
f 10417 10983 11216
f 10423 10146 10707
f 10420 10977 10696
f 10977 10420 10708
f 10421 10709 10708
f 10984 9860 9851
f 10427 10426 10712
f 10712 10713 10427
f 10147 10427 10713
f 10713 10714 10147
f 10706 10147 10714
f 10979 10715 10703
f 10715 9576 10703
f 10419 10151 9853
f 10707 10720 10423
f 10420 10721 10708
f 10424 10708 10721
f 10709 10424 10708
f 10708 10424 10710
f 10710 10424 10709
f 10425 10711 10157
f 10430 10715 10979
f 10432 10423 10720
f 10721 10433 10424
f 10715 10430 10431
f 10715 10431 10438
f 10716 10986 10717
f 10719 10991 9577
f 10720 10439 10432
f 10721 10434 10433
f 10723 10726 10157
f 10438 10431 10437
f 10440 10436 10434
f 9878 9577 10991
f 10440 10434 10165
f 9873 9868 10726
f 9860 10735 9884
f 10441 10446 9885
f 10990 10152 10729
f 10991 10730 9878
f 10169 10439 10733
f 10733 9871 10169
f 10726 10734 9873
f 10731 10180 9863
f 10993 10722 10443
f 10443 10999 10993
f 10995 10729 10736
f 10449 9878 10730
f 10730 10732 10449
f 9879 9871 10733
f 10451 10998 10995
f 10451 10995 10736
f 10732 10450 10449
f 10448 9879 10733
f 11231 10996 10447
f 9891 9058 10734
f 9891 10734 11005
f 10735 10182 9884
f 11001 10998 10451
f 10447 11007 11231
f 10450 10739 10455
f 9891 11005 10741
f 10453 10460 10738
f 9890 10453 10738
f 11230 10999 10744
f 9891 10741 10188
f 10185 11009 11233
f 10739 9894 10455
f 9894 10739 10745
f 9895 11003 10186
f 10186 11003 10740
f 10744 11467 11230
f 10454 10743 11007
f 9639 11466 10459
f 10187 10748 11009
f 9904 9894 10745
f 10456 11238 10737
f 11010 10748 10463
f 10745 10743 9904
f 10454 9904 10743
f 10454 10461 9904
f 11467 10744 9896
f 10188 10746 10467
f 10466 9339 10458
f 11011 10749 9917
f 11467 9896 10747
f 10467 10746 11015
f 10468 10463 10748
f 9370 9917 10749
f 10749 11241 9370
f 10747 11013 10750
f 10751 10753 9900
f 10196 9365 10466
f 11012 9359 11253
f 9106 11241 10473
f 9106 9370 11241
f 10467 11021 9923
f 10472 9907 10753
f 10752 11019 10469
f 10752 10470 11020
f 9645 9928 11013
f 11016 10471 11018
f 11019 10755 10469
f 10201 10476 9107
f 10475 10469 10755
f 11020 10470 10757
f 10200 11023 11253
f 10757 10475 10755
f 10472 10761 10205
f 10209 10205 10761
f 10200 10759 11023
f 11492 10756 10758
f 10210 10209 10761
f 10761 10479 10210
f 10478 11259 10758
f 11025 10480 9937
f 11259 10478 10763
f 10212 11262 10762
f 10479 10765 10213
f 10763 10211 10764
f 10213 11027 10481
f 10221 11030 10485
f 10484 11032 10768
f 10484 10766 11032
f 10768 10770 10486
f 10767 10769 11269
f 10771 10487 10486
f 10773 11269 10769
f 10771 11036 10487
f 11275 10772 10774
f 10773 10775 11035
f 10487 11036 10777
f 11275 10774 10778
f 10489 10776 10775
f 10778 11039 11275
f 10781 10785 10511
f 10780 10495 11040
f 10492 10796 10232
f 10495 11048 11040
f 10502 10784 10786
f 10786 10787 10502
f 10511 10785 10806
f 10512 10783 10517
f 10517 10241 10512
f 11048 10495 10513
f 10518 11283 11044
f 11283 10518 10514
f 10514 10788 11283
f 10515 11045 10519
f 11045 10515 10516
f 10516 10789 11045
f 10789 10516 10795
f 10790 10791 10787
f 10504 10792 10782
f 10792 10783 10782
f 11044 10526 10518
f 10787 10786 10797
f 10797 10790 10787
f 11046 10791 10790
f 10791 11046 10798
f 10798 10805 10791
f 10805 10802 10791
f 10799 10793 10792
f 10792 10800 10799
f 10792 10793 10520
f 10520 10783 10792
f 10520 10521 10783
f 10521 10522 10783
f 10517 10783 10522
f 10519 10794 10528
f 11050 10795 10524
f 10796 10804 10234
f 10790 10797 10525
f 10525 10802 10790
f 10802 11046 10790
f 10799 10800 10803
f 10800 10520 10803
f 10527 11057 10801
f 10234 10804 10263
f 11053 11046 10802
f 11053 10802 10805
f 11041 10533 11314
f 11056 11048 10513
f 10528 11063 10531
f 10524 10529 11050
f 10526 11061 10530
f 11057 10527 10822
f 11050 10529 10532
f 10807 10263 10804
f 10818 10273 10806
f 11062 10809 10261
f 10537 10261 10809
f 10809 10810 10537
f 10815 10822 10527
f 10531 11068 10538
f 10262 10816 10811
f 10811 10817 10262
f 10539 10262 10817
f 10263 10807 10812
f 10263 10812 10545
f 10533 10556 11314
f 10288 10273 10818
f 10530 10813 10551
f 11062 10536 10543
f 11062 10261 10536
f 10810 10544 10537
f 10823 10538 11068
f 10560 11068 11063
f 10816 10560 11063
f 10548 10542 10535
f 10559 10285 10544
f 10559 10544 10814
f 10814 10822 10559
f 10822 10815 10827
f 10561 10560 10816
f 10540 10539 10828
f 10540 10824 10532
f 11069 10532 10824
f 10272 10541 11072
f 11072 10547 10272
f 10564 10547 11065
f 10288 10818 11082
f 10820 10557 10825
f 10826 10551 10813
f 10826 11074 10551
f 10543 10551 11074
f 10570 10559 10822
f 10827 10570 10822
f 10815 10831 10827
f 10538 10832 10831
f 10832 10538 10823
f 10823 10571 10832
f 10823 11068 10571
f 11068 10560 10571
f 10824 10540 10828
f 10824 10833 11069
f 10829 10552 10562
f 10838 10830 10825
f 10825 10557 10838
f 10825 10830 11077
f 10569 10558 11077
f 10820 10825 11077
f 10827 10831 10570
f 10824 10828 10843
f 10844 10552 10829
f 10552 10844 10834
f 10553 10552 10834
f 10834 10563 10553
f 10555 10578 11079
f 11079 11072 10555
f 10837 10568 10567
f 10568 10837 10839
f 10839 10838 10568
f 10838 10557 10845
f 10569 10830 10845
f 10845 10557 10569
f 10838 10845 10830
f 10569 11077 10830
f 10830 11077 10840
f 10841 10840 11077
f 11077 10558 10841
f 10826 10813 10842
f 10833 10824 10843
f 10573 10858 10861
f 10858 10573 10844
f 11097 10844 10573
f 10844 11097 10834
f 11097 10573 10563
f 11097 10563 10577
f 10834 11097 11086
f 10563 10834 11086
f 11086 10293 10563
f 10302 10293 10585
f 10585 11079 10578
f 10303 10564 10835
f 10835 10850 10303
f 10579 10851 11100
f 10038 10296 11101
f 11101 10296 11088
f 11328 11088 10565
f 11094 11328 10565
f 11090 10819 10589
f 10845 10855 10839
f 10845 10830 10840
f 10842 10846 10581
f 10581 10847 10842
f 10847 11081 10842
f 10857 10593 10843
f 10833 10843 10593
f 10593 10584 10833
f 10844 11097 10858
f 10849 11097 10577
f 10586 10303 10850
f 10579 11100 10588
f 11082 10045 10288
f 11090 10589 10590
f 10590 10854 11090
f 10855 11095 10591
f 10840 11096 10845
f 11115 10840 10841
f 10841 10859 11115
f 10846 10860 10581
f 10859 10581 10860
f 10856 11081 10847
f 10576 10869 10866
f 11085 10584 10848
f 10848 10861 11085
f 10849 10577 10594
f 10594 11098 10849
f 10862 10035 10586
f 10036 11103 10836
f 11540 11093 10588
f 10591 11095 10854
f 10840 11115 11096
f 10867 10859 10860
f 10857 10596 10593
f 10858 10610 10861
f 10858 11117 10610
f 11098 10594 10862
f 10852 10295 9722
f 10600 11543 10853
f 10597 11332 10314
f 10859 10867 11115
f 10860 10868 10867
f 10863 10856 10864
f 10596 10870 11342
f 10861 10610 11085
f 9722 11109 10852
f 10864 10875 10863
f 10864 11116 10875
f 11116 10864 10865
f 11116 10865 11110
f 11363 11110 10598
f 10315 10866 10869
f 10879 11085 10610
f 10872 10883 10599
f 11345 10050 9196
f 11543 10600 10317
f 10047 11104 11114
f 11332 10597 10601
f 10601 11547 11332
f 10877 11115 10867
f 10867 10318 10877
f 10318 10867 10868
f 10868 10873 10318
f 10863 10875 10874
f 10315 10869 10884
f 10878 11342 10870
f 10870 10876 10878
f 10614 10610 11117
f 10318 10873 10319
f 10319 10874 10875
f 10875 10887 10319
f 10875 11116 10887
f 10878 11349 11342
f 10603 10878 10876
f 10879 10604 10603
f 10603 10882 10879
f 10604 10879 10610
f 10325 10886 11543
f 10606 10602 10605
f 10318 10607 10877
f 10881 10874 10319
f 10319 10887 10053
f 10316 10051 11118
f 10895 11132 11115
f 10895 11115 10877
f 10877 10607 10895
f 10878 10609 11349
f 10614 11117 10888
f 10887 10615 10053
f 10890 11364 11349
f 10609 10890 11349
f 10332 10614 10888
f 11118 10051 11127
f 10891 10062 10883
f 10615 10887 10889
f 10629 10884 11155
f 10888 10906 10332
f 10344 9488 10893
f 11122 10900 11130
f 10894 10073 10071
f 10896 10615 10889
f 10904 11124 11363
f 11364 10890 10905
f 10062 10891 10899
f 10894 10627 10073
f 10618 10901 10902
f 10341 10618 10902
f 10902 10628 10341
f 10620 11145 10895
f 10896 11147 10912
f 10621 10897 10907
f 10336 10908 10909
f 10917 10622 10336
f 10336 10909 10917
f 10348 10631 10898
f 10899 10626 10062
f 11130 10900 10910
f 10910 11131 11130
f 10059 11580 11567
f 10618 10624 10901
f 10620 10911 11145
f 11124 10904 10913
f 10342 11382 10914
f 10915 11382 10342
f 10917 10630 10622
f 10919 10920 10910
f 11131 10910 10920
f 11131 10920 11139
f 10627 10901 10634
f 10624 10634 10901
f 10923 11152 10908
f 10631 10347 10636
f 10921 10626 10899
f 10639 10919 10633
f 10920 10919 10639
f 10345 10634 10624
f 11153 11127 10924
f 10632 11157 10892
f 10647 10633 10638
f 10639 10633 10647
f 10647 10638 10646
f 10928 11156 10923
f 11139 10920 10927
f 10931 9507 10925
f 10656 10358 10926
f 11153 10924 10934
f 10653 10649 10652
f 10077 10929 10091
f 10927 11160 11139
f 10926 10662 10656
f 10655 10653 10652
f 10632 11404 11157
f 10656 10932 10661
f 10656 10662 10932
f 10928 10933 11175
f 10658 10933 10928
f 10929 10102 10091
f 10659 10938 10930
f 10673 10095 10931
f 10661 10932 10377
f 10935 10663 10662
f 10933 10939 11175
f 10378 10664 10933
f 10933 10658 10378
f 10666 10937 10671
f 10935 10668 10663
f 10668 10935 10943
f 10937 10666 10675
f 10671 10937 10675
f 10940 10938 10941
f 11168 10669 11174
f 10939 10670 10676
f 10676 11185 10939
f 10100 10673 10678
f 11595 10650 10679
f 10388 10668 10943
f 10943 10949 10388
f 10385 10944 10402
f 10402 10944 10956
f 10945 10675 10947
f 10677 10675 10945
f 10102 10958 10137
f 10948 10940 10681
f 10949 10955 10388
f 10950 11185 10676
f 10952 10947 10680
f 10953 10680 10677
f 10954 10948 10685
f 10959 10685 10948
f 10678 11195 10125
f 11174 10682 11421
f 10402 10956 10413
f 10951 10963 9281
f 10397 10957 10946
f 10952 10680 10683
f 10398 10680 10953
f 10398 10953 10961
f 10685 10684 10954
f 10682 11189 11421
f 10688 11191 10953
f 10953 10683 10688
f 10953 10952 10683
f 10688 10398 10961
f 10958 10970 10137
f 10954 10684 11192
f 10959 10407 10685
f 11195 10697 10125
f 10687 10966 10962
f 10966 10687 10955
f 10957 10397 10967
f 10688 10692 11191
f 10961 10411 10688
f 11192 10684 10693
f 10407 10959 10960
f 10960 10693 10407
f 11195 10971 10697
f 10689 10962 10973
f 10691 10974 10690
f 10967 10968 10957
f 10403 10969 10144
f 11191 10692 10964
f 11200 11191 10964
f 10693 10694 11192
f 10693 10976 10695
f 10965 11194 10696
f 10697 10971 10965
f 10962 11209 10973
f 11209 10962 10966
f 11204 10690 11212
f 9852 9281 10963
f 10969 10967 10698
f 10969 10968 10967
f 11200 10964 10699
f 10142 10411 10419
f 10977 10971 10965
f 10978 10973 11209
f 10700 11219 10682
f 11212 10690 10974
f 10698 10703 10969
f 10144 10969 10703
f 10699 10975 11200
f 10145 10142 10419
f 11179 10704 11207
f 10970 10719 10137
f 10978 10418 10973
f 10705 10979 10698
f 10703 10698 10979
f 9854 10422 11209
f 11209 11210 9854
f 10425 9854 11210
f 10712 11212 10713
f 11215 10713 11212
f 10981 10701 10706
f 10977 10708 10710
f 10710 10709 10977
f 10418 11214 10422
f 10711 10425 11210
f 10157 10711 10723
f 10426 10429 10980
f 10712 10426 10980
f 10713 11215 10714
f 11215 10981 10706
f 10706 10714 11215
f 10982 10724 9852
f 10717 10975 10716
f 10704 10989 11207
f 11219 10700 10718
f 10984 11448 9860
f 10980 10429 10985
f 10419 10441 10151
f 10989 10704 10152
f 9863 9852 10724
f 10989 10990 10988
f 10152 10990 10989
f 10972 10722 11436
f 11448 10735 9860
f 10985 10429 10428
f 10988 10995 11441
f 10995 10988 10990
f 10987 10992 10991
f 10720 10733 10439
f 10722 11440 11436
f 10726 10723 10994
f 10724 10731 9863
f 10983 10996 11451
f 10725 10996 10983
f 10722 10993 11440
f 11444 10985 11223
f 11223 10985 10428
f 10428 10728 11223
f 11226 11441 10995
f 10991 10992 10730
f 11224 10986 10727
f 10995 10990 10729
f 10734 10726 10994
f 10444 11223 10728
f 11226 10995 10998
f 10732 10730 10992
f 10445 11002 11224
f 11224 10727 10445
f 11003 10448 10733
f 10180 10731 10452
f 10182 10735 11236
f 11010 10446 11234
f 10448 11003 9895
f 11000 10997 10737
f 10459 11002 10460
f 10738 11002 10445
f 10444 10742 11232
f 11002 10738 10460
f 11004 11231 11007
f 10746 10741 11005
f 10462 11008 11232
f 11232 10742 10462
f 11006 11010 11234
f 10739 11004 10745
f 11007 10745 11004
f 11466 11745 10459
f 11009 11010 11006
f 11233 11009 11006
f 10741 10746 10188
f 10743 10745 11007
f 11000 10737 11238
f 11243 10457 10182
f 11008 10462 11012
f 11009 10748 11010
f 11243 10751 10457
f 10747 10750 11467
f 11244 11008 11012
f 10467 11015 11021
f 9640 11472 9639
f 10465 11248 11238
f 11253 11244 11012
f 11248 10465 11016
f 11252 10753 10751
f 11013 11480 11474
f 10474 11480 9928
f 9928 11480 11013
f 11020 11019 10752
f 9923 11021 10206
f 11255 11020 10757
f 10471 11492 11018
f 10471 10756 11492
f 10757 10755 11022
f 11022 11255 10757
f 11258 10760 10206
f 10758 11259 11492
f 11493 11023 10759
f 10759 11024 11493
f 10760 11025 9937
f 10762 11262 11024
f 11026 11262 10212
f 10480 11267 10214
f 11027 10213 10765
f 10215 10214 11028
f 10214 11267 11028
f 11266 10763 10764
f 10215 11266 10764
f 10481 11500 10216
f 11500 11026 10216
f 11266 10215 11028
f 11500 10481 11029
f 11034 10485 11030
f 10766 11271 11032
f 11033 11271 10766
f 10767 11268 11031
f 10770 10768 11032
f 10767 11269 11268
f 10771 10486 10770
f 11034 11276 10485
f 11035 11269 10773
f 11037 10777 11036
f 10775 11507 11035
f 10775 10776 11507
f 11273 11507 10776
f 11037 10779 10777
f 11275 11670 11033
f 11033 10772 11275
f 10776 10780 11273
f 11038 10492 10779
f 10785 10781 11276
f 11273 10780 11040
f 11040 11508 11273
f 11042 10492 11038
f 11039 11041 11289
f 10796 10492 11042
f 11048 11279 11040
f 11043 10796 11042
f 10789 11284 11045
f 11289 11041 11520
f 11049 10526 11044
f 11516 11283 10788
f 10788 11288 11516
f 10794 10519 11045
f 10789 10795 11284
f 10796 11043 10804
f 11047 10793 10799
f 10801 11288 10788
f 10794 11298 10528
f 11284 10795 11050
f 10805 10798 11055
f 11051 11047 10799
f 11047 11051 10793
f 11051 10799 10803
f 11051 10803 10793
f 10520 10793 10803
f 10526 11049 11052
f 11288 11057 11059
f 11288 10801 11057
f 11063 10528 11298
f 10798 11046 11053
f 11053 11054 10798
f 10805 11055 11054
f 11055 10798 11054
f 11520 11041 11314
f 11300 11047 11051
f 11051 11058 11300
f 11052 11061 10526
f 11050 11060 11522
f 11053 10805 11054
f 11066 11054 11055
f 10810 10809 11297
f 11297 11059 10810
f 10814 10810 11059
f 11057 10814 11059
f 10814 11057 10822
f 11068 10531 11063
f 11063 11298 10816
f 11298 10811 10816
f 11060 11050 10532
f 11056 10808 11680
f 10544 10810 10814
f 10811 11064 10817
f 11305 11680 10808
f 11061 11073 10530
f 11067 11062 10543
f 11075 10539 10817
f 10817 11064 11075
f 11060 10532 11069
f 11524 11060 11069
f 10807 11070 10812
f 11306 11065 11066
f 11066 11076 11306
f 11071 10534 10819
f 10535 10534 10548
f 11305 10808 10821
f 10813 10530 11073
f 10828 10539 11075
f 11065 10547 11072
f 10564 11065 11306
f 11303 11058 11071
f 11071 10819 11303
f 11530 10821 10820
f 10821 11530 11305
f 11074 11067 10543
f 10562 10545 10829
f 10545 10812 10829
f 11306 10835 10564
f 10835 11306 11076
f 11314 10556 10836
f 11077 11530 10820
f 11073 10846 10813
f 11524 11069 11078
f 11069 10833 11078
f 11076 10850 10835
f 10836 11532 11314
f 11303 10819 11315
f 11080 10289 10548
f 10842 10813 10846
f 11074 10826 10842
f 10842 11081 11074
f 10857 10843 10828
f 11315 10819 11090
f 11080 11083 10289
f 10574 10289 11083
f 10567 10574 11083
f 11083 11084 10567
f 10837 10567 11084
f 10837 11322 10839
f 11322 10845 10839
f 10845 11322 10830
f 11078 10833 10584
f 10584 11085 11078
f 11097 10844 11323
f 11323 11086 11097
f 10293 11086 11087
f 10585 10293 11087
f 11087 11535 10585
f 11535 11079 10585
f 11094 11089 11325
f 11325 11089 11326
f 11091 11095 10855
f 11084 11091 10837
f 10855 11096 11091
f 11096 10855 10845
f 10856 11092 11081
f 11102 11097 10849
f 11099 10586 10850
f 11532 10836 11103
f 11103 11324 11532
f 10595 10587 11330
f 11330 10587 11093
f 11093 11327 11330
f 11331 10851 10852
f 11329 11315 11090
f 11090 10854 11329
f 10854 11095 11329
f 11091 11096 11095
f 10857 11334 10596
f 11117 10858 11097
f 11102 10849 11107
f 11107 10849 11098
f 10862 11339 11098
f 11339 10862 10586
f 10586 11099 11339
f 10599 10595 10872
f 10595 11330 10872
f 10852 11337 11331
f 11101 11552 10038
f 11552 9196 10038
f 10853 11543 11326
f 11082 11105 10045
f 11096 11115 11120
f 11092 10856 10863
f 10870 10596 11334
f 11097 11102 11117
f 11107 11098 11339
f 11337 10852 11109
f 11345 9196 11552
f 11546 11104 10314
f 10314 11332 11546
f 10863 11106 11092
f 11117 11102 11107
f 11835 10871 11108
f 10894 10045 11105
f 10868 11113 10873
f 10863 10874 11106
f 11578 11116 11110
f 11578 11110 11363
f 11705 10320 10871
f 9753 10047 11114
f 10873 11113 10319
f 10869 11348 10884
f 10869 11111 11348
f 11348 11111 11342
f 10876 11557 10603
f 10879 10882 11343
f 11563 10883 10872
f 11112 11109 10880
f 11345 10893 10050
f 11547 10601 11354
f 11113 10881 10319
f 10874 10881 11106
f 11557 10882 10603
f 10316 11118 11335
f 11543 10886 11346
f 10617 9760 9753
f 9753 11114 10617
f 11381 11120 11115
f 11381 11115 11132
f 11116 10889 10887
f 10888 11117 11107
f 11103 10885 10898
f 10891 10883 11563
f 11119 11346 10886
f 11107 11133 10888
f 11346 11122 11129
f 11122 11346 11119
f 10886 11122 11119
f 11121 10625 10616
f 11112 10880 10892
f 11129 11122 11130
f 11130 11562 11361
f 11130 11131 11562
f 11353 11562 11131
f 10628 10902 11140
f 11123 10903 11144
f 11147 10896 10889
f 11364 10905 11370
f 11125 10621 11594
f 10897 10621 11125
f 11125 11126 10897
f 11152 11126 11134
f 11141 10909 11134
f 10899 11135 11128
f 10891 11136 10899
f 10892 11581 11112
f 11138 11130 11352
f 11138 11129 11130
f 11353 11131 11139
f 11123 11151 10903
f 11381 11132 11596
f 11132 10895 11145
f 11370 10905 10914
f 10888 11148 10906
f 11148 10888 11133
f 10907 10897 11126
f 10907 11126 11152
f 11134 10908 11152
f 10909 10908 11134
f 10909 11141 10917
f 11141 10631 10636
f 11142 10899 11128
f 11136 11143 10899
f 10899 11143 11137
f 11137 11135 10899
f 11137 11143 11136
f 11150 11143 11372
f 10628 11140 11159
f 11159 11140 11144
f 11144 10903 11151
f 11147 11146 10912
f 11382 11370 10914
f 10915 11383 11382
f 10906 11588 10916
f 11588 10906 11148
f 11392 11594 10621
f 11392 10621 10907
f 10907 11156 11392
f 11156 10907 11152
f 10917 11141 10630
f 10630 11141 10636
f 11142 10921 10899
f 11150 10918 11143
f 11372 11143 10918
f 10918 11149 11372
f 10635 10628 11159
f 11144 11151 11159
f 11145 11391 11132
f 11145 10911 11391
f 10642 10629 11155
f 10915 10916 11383
f 11150 10922 11149
f 10918 11150 11149
f 10922 11377 11149
f 11154 10922 11150
f 11154 11377 10922
f 11580 10059 11595
f 11152 10923 11156
f 10892 11157 11581
f 10623 11158 10925
f 10926 10635 11159
f 11159 11165 10926
f 10657 10642 11155
f 11399 10657 11155
f 11158 10931 10925
f 10913 11385 11124
f 11160 11390 11139
f 10921 11142 10654
f 10662 10926 11165
f 10913 11168 11385
f 10935 10662 11165
f 11156 10928 11175
f 11175 11408 11156
f 11170 11403 11161
f 11167 11166 11163
f 11164 10673 10931
f 10935 11165 11178
f 11407 11385 11168
f 10944 10657 11399
f 11171 10102 10929
f 11166 11167 10938
f 11167 10930 10938
f 10938 10659 11167
f 11172 10938 11167
f 11167 10659 10930
f 11174 11407 11168
f 10951 9530 11176
f 10934 10936 11169
f 11170 10937 11612
f 10102 11171 10958
f 11173 11410 10673
f 10935 11178 10943
f 10657 10944 10385
f 11175 10939 11408
f 10936 11177 11169
f 10937 10945 11612
f 11184 10945 10937
f 10940 11415 10938
f 10941 11172 11180
f 11180 10940 10941
f 11172 10941 10938
f 11182 10673 11410
f 11182 10678 10673
f 11408 10939 11185
f 11417 11404 11179
f 10940 10948 11415
f 10943 11178 10949
f 10944 11416 10956
f 11177 10936 10946
f 10946 11183 11177
f 10945 10947 11413
f 11184 10677 10945
f 10948 10954 11415
f 10681 11180 10948
f 11180 10681 10940
f 11187 11410 11160
f 11181 11410 11187
f 10678 11182 11423
f 11190 11183 10946
f 11186 10403 10665
f 10947 10952 11413
f 11413 10952 10953
f 10953 10677 11184
f 11184 10961 10953
f 11193 10959 10948
f 11188 10678 11423
f 11188 11195 10678
f 10956 11202 10413
f 10950 11429 11185
f 11190 10946 10957
f 10953 11191 11413
f 11195 11181 11187
f 10949 11198 10966
f 10966 10955 10949
f 11428 11190 10957
f 10957 10403 11186
f 11179 11207 11417
f 11193 10960 10959
f 11195 11187 11194
f 11197 11195 11196
f 10950 11203 11429
f 11204 11203 10950
f 11199 11205 10957
f 10957 11186 11428
f 10961 11433 10419
f 10960 11438 10693
f 11194 10971 11195
f 10971 11195 11197
f 11197 11201 10971
f 11195 10971 11196
f 10984 10413 11202
f 11205 11199 10968
f 10968 11199 10957
f 11205 10968 10957
f 10403 10957 10968
f 10968 10969 10403
f 10411 10961 10419
f 11438 10976 10693
f 11194 10965 10971
f 11201 11196 10971
f 11202 11217 10984
f 11207 11206 11434
f 11611 10679 10972
f 10972 11436 11611
f 10966 11210 11209
f 11210 10966 11198
f 11189 10682 11219
f 11212 11203 11204
f 10963 10982 9852
f 11432 11200 10975
f 11206 11207 10988
f 10970 11208 10719
f 10694 11216 11192
f 11209 11214 10978
f 11211 10711 11210
f 11211 10723 10711
f 10980 11435 11203
f 11203 10712 10980
f 10712 11203 11212
f 10974 10981 11212
f 10974 10701 10981
f 11207 10989 10988
f 10707 10976 11213
f 10418 10978 11214
f 11209 10422 11214
f 10723 11211 11218
f 11220 10980 10985
f 11220 11435 10980
f 11215 11212 10981
f 11432 10975 10717
f 11441 11206 10988
f 11208 10987 10719
f 10720 10707 11213
f 11213 11221 10720
f 10717 11443 11432
f 11216 10983 11634
f 11448 10984 11217
f 11444 11635 11220
f 11443 10717 10986
f 11225 10441 10419
f 10719 10987 10991
f 11218 10994 10723
f 11220 10985 11444
f 10983 11451 11634
f 10733 10720 11221
f 10731 10724 11222
f 10986 11224 11443
f 10446 10441 11225
f 10718 11453 11219
f 11459 10446 11225
f 11450 11441 11226
f 11440 10993 11447
f 10734 10994 11229
f 10992 11456 10732
f 10718 10997 11453
f 10450 10732 11456
f 11451 10996 11231
f 11445 11003 10733
f 11005 10734 11229
f 11448 11228 10735
f 10444 11458 11223
f 11452 11224 11002
f 11234 10446 11459
f 10998 11461 11226
f 11227 11451 11231
f 10993 11647 11447
f 11452 10459 11454
f 11456 11227 10450
f 10999 11647 10993
f 11453 10997 11000
f 11236 10735 11228
f 10444 11232 11458
f 11452 11002 10459
f 11461 10998 11001
f 10739 10450 11227
f 11445 10740 11003
f 11647 10999 11230
f 11000 11468 11453
f 11459 11461 11234
f 11231 10739 11227
f 11233 11234 11461
f 11001 11233 11461
f 11231 11004 10739
f 11005 11235 10746
f 11233 11006 11234
f 10452 11470 10458
f 11468 11238 11475
f 11468 11000 11238
f 10182 11236 11239
f 11015 10746 11242
f 10182 11239 11243
f 10458 11470 10466
f 11011 11237 10749
f 11244 11240 11008
f 11238 11473 11475
f 11240 11653 11471
f 11247 11015 11242
f 11653 11240 11244
f 10466 11245 10196
f 11013 11014 10750
f 10201 10196 11245
f 11245 11246 10201
f 11472 9640 11017
f 11013 11474 11014
f 11473 11238 11248
f 10476 10201 11246
f 11249 10473 11241
f 11487 11653 11244
f 11021 11015 11247
f 11016 11482 11248
f 11244 11253 11487
f 11016 11018 11482
f 10754 10477 11251
f 10474 10473 11250
f 10472 10753 11252
f 11252 11257 10472
f 11023 11487 11253
f 11019 11489 11254
f 11254 10755 11019
f 11489 11019 11020
f 11020 11491 11489
f 11485 11491 11020
f 11020 11255 11485
f 11254 11256 10755
f 11490 11485 11255
f 11257 10761 10472
f 10206 11021 11258
f 11492 11758 11018
f 11256 11022 10755
f 11490 11255 11022
f 11260 10479 10761
f 11025 10760 11494
f 11260 11261 10479
f 11024 11262 11663
f 11261 11265 10479
f 10765 10479 11265
f 11495 11259 10763
f 10763 11496 11495
f 10480 11025 11264
f 11263 11262 11026
f 11267 10480 11264
f 10763 11266 11496
f 11027 10765 11265
f 11026 11500 11263
f 11027 11029 10481
f 11028 11502 11266
f 11272 11030 11031
f 11031 11504 11272
f 11034 11030 11272
f 11504 11031 11268
f 11035 11667 11269
f 11035 11505 11667
f 11506 11036 10771
f 11506 10771 10770
f 10770 11032 11270
f 11270 11506 10770
f 11032 11271 11270
f 11507 11505 11035
f 11670 11271 11033
f 11037 11038 10779
f 11034 11274 11276
f 11672 11670 11275
f 11278 11276 11274
f 11274 11510 11278
f 11275 11280 11672
f 11277 11276 11278
f 11275 11285 11280
f 11275 11039 11289
f 11276 11277 10785
f 11299 10785 11277
f 11040 11279 11508
f 11275 11289 11285
f 11278 11281 11277
f 11282 11280 11285
f 10785 11299 10806
f 11281 11286 11277
f 11293 10804 11043
f 11295 11282 11285
f 11299 11277 11286
f 11281 11047 11286
f 11515 11049 11044
f 11515 11044 11283
f 11283 11516 11515
f 10794 11291 11298
f 11291 10794 11045
f 11291 11045 11292
f 11045 11284 11292
f 11284 11517 11292
f 11284 11050 11517
f 11295 11055 11294
f 11047 11290 11286
f 11047 11290 11287
f 11287 11051 11047
f 11297 11516 11288
f 11288 11059 11297
f 11050 11522 11517
f 11055 11054 11294
f 11518 11295 11294
f 11307 11295 11285
f 11307 11285 11289
f 11289 11317 11307
f 10818 10806 11299
f 11290 11300 11286
f 11290 11047 11300
f 11296 11287 11290
f 11058 11051 11287
f 11287 11296 11058
f 11279 11048 11056
f 11304 11061 11052
f 10811 11298 11291
f 11291 11064 10811
f 11291 11292 11064
f 11064 11292 11301
f 10807 10804 11293
f 11293 11070 10807
f 11294 11054 11066
f 11066 11302 11294
f 11518 11294 11302
f 11066 11055 11295
f 11295 11307 11066
f 11279 11056 11680
f 11297 10809 11521
f 11299 11310 10818
f 11286 11303 11308
f 11303 11286 11300
f 11062 11528 11521
f 10809 11062 11521
f 11301 11312 11064
f 11060 11524 11522
f 11065 11679 11302
f 11302 11066 11065
f 11518 11302 11679
f 11076 11066 11307
f 11520 11314 11525
f 11058 11303 11300
f 11073 11061 11304
f 11528 11062 11067
f 11075 11064 11312
f 11070 11527 10812
f 11679 11065 11306
f 10818 11310 11082
f 11527 10829 10812
f 11306 11065 11309
f 11307 10850 11076
f 11311 10534 11071
f 10534 11311 10548
f 11531 11528 11067
f 11067 11074 11531
f 11065 11072 11309
f 11308 11303 11536
f 11073 11318 10846
f 11075 11312 11316
f 11316 10828 11075
f 11313 11524 11078
f 10844 10829 11320
f 11079 11309 11072
f 11314 11532 11525
f 11311 11080 10548
f 11530 11077 10830
f 11531 11074 11081
f 10857 10828 11316
f 11309 11079 11529
f 11310 11544 11082
f 11531 11081 11319
f 11316 11334 10857
f 11313 11078 11085
f 10844 11320 11323
f 11529 11079 11535
f 11350 10850 11317
f 11536 11303 11315
f 11083 11321 11084
f 11091 11084 11321
f 10837 11321 11322
f 10837 11091 11321
f 10860 10846 11318
f 11318 11333 10860
f 11319 11081 11092
f 11323 11087 11086
f 11327 11093 11540
f 11328 11094 11325
f 11105 11082 11544
f 10850 11350 11099
f 11540 10588 11541
f 11541 10588 11100
f 11553 11101 11088
f 11088 11328 11553
f 11338 11536 11315
f 11338 11315 11329
f 10868 10860 11333
f 11092 11556 11319
f 11085 11537 11313
f 11341 11339 11099
f 11341 11099 11350
f 10851 11336 11100
f 11336 10851 11331
f 11101 11553 11552
f 11095 11347 11329
f 11092 11106 11556
f 10870 11334 10876
f 11537 11085 10879
f 11705 10871 11835
f 11108 11335 11835
f 11546 11114 11104
f 11329 11347 11338
f 11095 11120 11347
f 11120 11095 11096
f 11113 10868 11333
f 11334 11557 10876
f 10879 11343 11537
f 11356 11339 11341
f 10872 11330 11563
f 11337 11700 11331
f 11337 11109 11569
f 11112 11569 11109
f 11339 11356 11107
f 10898 11344 11324
f 10898 11324 11103
f 10894 11105 11355
f 11140 11555 11338
f 11557 11343 10882
f 11133 11107 11356
f 11335 11118 11706
f 11354 11792 11547
f 11140 11338 11347
f 11342 11349 11348
f 11341 11134 11356
f 11134 11341 11350
f 11357 11134 11350
f 11563 11359 10891
f 10893 11345 11366
f 11346 11352 11351
f 11562 11561 11119
f 11355 10627 10894
f 11555 11140 11362
f 11347 11144 11140
f 11123 11144 11347
f 11120 11123 11347
f 11348 11369 10884
f 11349 11364 11348
f 11126 11125 11356
f 11126 11356 11134
f 11357 11344 10631
f 11344 10898 10631
f 11559 11558 11128
f 11559 11128 10891
f 10891 11358 11559
f 11359 11358 10891
f 11352 11360 11351
f 11346 11129 11352
f 11361 11562 11119
f 10627 11355 11362
f 10902 11362 11140
f 11123 11120 11381
f 10889 11116 11368
f 11363 11124 11710
f 10884 11369 11155
f 11356 11125 11133
f 11357 11141 11134
f 11357 10631 11141
f 11127 11365 11118
f 11135 10891 11128
f 11358 11136 10891
f 11358 10891 11135
f 11136 11358 11359
f 11576 11575 11136
f 11136 11359 11576
f 11129 11138 11360
f 11360 11367 11351
f 11360 11352 11129
f 11352 11130 11361
f 11572 10623 10617
f 11362 10901 10627
f 10902 10901 11362
f 11375 11147 10889
f 11375 10889 11368
f 11376 11155 11369
f 11348 11364 11370
f 11133 11125 11594
f 11127 11384 11365
f 11128 11574 11142
f 11135 11137 11575
f 11136 11575 11137
f 11575 11576 11373
f 11112 11581 11569
f 11387 10344 10893
f 10893 11366 11387
f 11374 11367 11371
f 11360 11138 11352
f 11151 11123 11381
f 11372 11373 11150
f 11373 11378 11150
f 11585 11146 11147
f 11147 11375 11585
f 11384 11584 11365
f 11372 11149 11377
f 11377 11373 11372
f 11378 11154 11150
f 11377 11154 11378
f 11373 11377 11378
f 11139 11380 11353
f 11596 11132 11391
f 11146 11585 10911
f 11399 11155 11376
f 11383 11715 11382
f 11133 11594 11148
f 11384 11127 11153
f 10916 11717 11383
f 10916 11588 11717
f 11584 11384 11153
f 11581 11157 11591
f 11387 10077 10344
f 11390 11380 11139
f 10623 11390 11158
f 11603 11381 11596
f 11385 11710 11124
f 11376 11394 11399
f 11605 11594 11392
f 10077 11387 11599
f 11388 11389 11393
f 11158 11390 11602
f 11159 11420 11165
f 11420 11159 11151
f 11381 11420 11151
f 11597 11588 11148
f 11148 11594 11597
f 11605 11392 11156
f 11153 11395 11584
f 10654 11142 11589
f 11589 11397 10654
f 11599 10929 10077
f 11162 11388 11393
f 11158 11164 10931
f 11164 11158 11602
f 11591 11157 11404
f 11390 11160 11398
f 11395 11153 11400
f 11153 10934 11400
f 11404 11607 11591
f 10929 11599 11171
f 11162 11163 11600
f 11602 11398 11164
f 11605 11156 11408
f 11397 11409 10665
f 10654 11397 10665
f 11401 11161 11403
f 11401 11170 11161
f 11600 11163 11166
f 11167 11163 11405
f 11160 11406 11398
f 11173 11164 11398
f 11173 10673 11164
f 11173 11398 11411
f 11178 11165 11420
f 11399 11416 10944
f 11402 11400 11169
f 11400 10934 11169
f 11598 11403 11170
f 11599 11425 11171
f 11600 11166 11415
f 11405 11172 11167
f 11598 11170 11612
f 11414 10937 11170
f 11607 11404 11417
f 11166 10938 11415
f 11410 11406 11160
f 11173 11182 11410
f 11182 11173 11411
f 11174 11421 11407
f 11402 11169 11412
f 11169 11177 11412
f 10945 11413 11612
f 11414 11184 10937
f 11417 11617 11607
f 11171 11425 10958
f 11419 11180 11172
f 11423 11182 11410
f 11410 11182 11411
f 11426 11178 11420
f 11177 10665 11409
f 11419 10948 11180
f 11423 11410 11181
f 11611 11595 10679
f 10949 11178 11426
f 10956 11416 11427
f 11435 11408 11185
f 11177 11409 11412
f 10665 11177 11183
f 11183 11186 10665
f 11415 10954 11618
f 11419 11193 10948
f 11421 11189 11619
f 11185 11429 11435
f 11190 11186 11183
f 11413 11424 11613
f 11433 10961 11184
f 10970 10958 11425
f 10954 11192 11618
f 11423 11181 11188
f 11198 10949 11426
f 10956 11427 11202
f 11186 11190 11428
f 11424 11413 11191
f 11434 11617 11417
f 11425 11208 10970
f 11208 11425 11418
f 11181 11195 11188
f 11426 11211 11198
f 11424 11191 11200
f 11617 11434 11422
f 11417 11207 11434
f 10960 11193 11430
f 11210 11198 11211
f 11429 11203 11435
f 11206 11422 11434
f 11438 10960 11430
f 11196 11201 11197
f 11437 11211 11431
f 11625 11616 11220
f 11200 11432 11424
f 11220 11616 11435
f 11218 11211 11437
f 11189 11219 11624
f 11213 10976 11438
f 11218 11437 11439
f 11635 11625 11220
f 11206 11442 11627
f 11634 11622 11216
f 11213 11438 11631
f 11624 11219 11636
f 11442 11206 11441
f 10987 11208 11630
f 11221 11213 11631
f 10982 11222 10724
f 11630 11640 10987
f 11448 11217 11449
f 11446 10994 11218
f 11444 11458 11635
f 11640 10992 10987
f 11458 11444 11641
f 11442 11441 11450
f 11445 10733 11221
f 11219 11453 11636
f 11444 11223 11641
f 11443 11224 11452
f 11459 11225 11455
f 11640 11642 10992
f 10992 11642 11456
f 11451 11456 11642
f 10994 11446 11229
f 11223 11458 11641
f 11638 11643 11445
f 11228 11448 11449
f 11460 10731 11222
f 11450 11226 11455
f 11451 11227 11456
f 11643 10740 11445
f 11453 11644 11636
f 10452 10731 11460
f 11226 11461 11455
f 10459 11745 11454
f 11455 11461 11459
f 11005 11229 11457
f 11232 11646 11458
f 11237 10740 11643
f 11453 11468 11644
f 11228 11469 11236
f 11011 10740 11237
f 11646 11008 11464
f 11232 11008 11646
f 11460 11470 10452
f 11644 11468 11463
f 11230 11467 11647
f 10746 11235 11462
f 11462 11463 11242
f 11240 11464 11008
f 11747 11647 11467
f 10746 11462 11242
f 11464 11240 11465
f 11239 11236 11469
f 11471 11469 11465
f 11471 11465 11240
f 11472 11466 9639
f 11467 10750 11747
f 11469 11471 11239
f 10749 11237 11241
f 11747 10750 11014
f 11463 11475 11242
f 11475 11463 11468
f 10466 11470 11245
f 11473 11476 11475
f 11239 11477 11243
f 11479 11247 11242
f 11479 11242 11475
f 11477 11239 11471
f 11017 11651 11472
f 11473 11755 11476
f 11243 11481 10751
f 11481 11243 11477
f 11471 11653 11477
f 10476 11246 11478
f 11017 10754 11651
f 11473 11248 11755
f 11481 11252 10751
f 10476 11478 11251
f 10473 11249 11250
f 11480 10474 11250
f 11248 11482 11755
f 11252 11481 11656
f 11251 10477 10476
f 11247 11479 11483
f 11247 11483 11021
f 11257 11252 11656
f 11254 11484 11488
f 11484 11254 11489
f 11486 11491 11485
f 11258 11021 11483
f 11254 11488 11256
f 11491 11490 11489
f 11490 11486 11485
f 11482 11018 11758
f 11256 11488 11484
f 11022 11484 11489
f 11484 11022 11256
f 11022 11489 11490
f 11491 11486 11490
f 11487 11023 11655
f 11023 11493 11655
f 10760 11258 11494
f 10761 11257 11260
f 11492 11259 11657
f 11663 11493 11024
f 11657 11259 11495
f 11494 11264 11025
f 11663 11262 11263
f 11263 11497 11663
f 11267 11264 11499
f 11496 11266 11498
f 11265 11501 11027
f 11263 11500 11497
f 11028 11267 11499
f 11499 11502 11028
f 11266 11502 11498
f 11029 11027 11501
f 11501 11503 11029
f 11029 11503 11500
f 11268 11667 11504
f 11268 11269 11667
f 11036 11506 11037
f 11668 11506 11270
f 11668 11270 11271
f 11271 11769 11668
f 11271 11670 11769
f 11671 11507 11273
f 11273 11508 11671
f 11509 11042 11038
f 11279 11674 11508
f 11042 11513 11043
f 11510 11281 11278
f 11510 11511 11281
f 11672 11280 11282
f 11279 11676 11674
f 11512 11672 11282
f 11511 11514 11281
f 11293 11043 11513
f 11047 11281 11514
f 11512 11282 11295
f 11514 11290 11047
f 11049 11515 11052
f 11301 11292 11517
f 11518 11512 11295
f 11523 11052 11515
f 11515 11519 11523
f 11515 11521 11519
f 11521 11515 11516
f 11516 11297 11521
f 11517 11683 11301
f 11517 11522 11683
f 11317 11289 11520
f 11676 11279 11680
f 11304 11052 11523
f 11520 11525 11317
f 11308 11310 11299
f 11286 11308 11299
f 11526 11296 11290
f 11296 11526 11058
f 11521 11528 11519
f 11682 11312 11301
f 11524 11683 11522
f 11058 11526 11071
f 11305 11777 11680
f 11684 11073 11304
f 11304 11523 11684
f 11305 11685 11777
f 11682 11687 11312
f 11683 11524 11688
f 11681 11306 11309
f 11306 11681 11679
f 11533 11310 11308
f 11071 11526 11311
f 11524 11313 11688
f 11527 11320 10829
f 11309 11529 11681
f 11307 11317 10850
f 11544 11310 11533
f 11685 11305 11530
f 11318 11073 11684
f 11684 11690 11318
f 11686 11528 11531
f 11316 11312 11687
f 11525 11539 11317
f 11687 11696 11316
f 11539 11525 11532
f 11554 11533 11308
f 11308 11536 11554
f 11080 11321 11083
f 10830 11322 11534
f 11534 11530 10830
f 11319 11697 11531
f 11334 11316 11696
f 11538 11539 11532
f 11321 11534 11322
f 11313 11537 11688
f 11323 11692 11087
f 11692 11535 11087
f 11317 11539 11350
f 11532 11324 11538
f 11533 11554 11544
f 11536 11555 11554
f 11539 11550 11350
f 11542 11328 11325
f 11325 11698 11542
f 11326 11543 11325
f 11318 11548 11333
f 11697 11319 11556
f 11696 11549 11334
f 11539 11538 11550
f 11540 11699 11327
f 11699 11540 11541
f 11542 11794 11328
f 11698 11325 11543
f 11338 11555 11536
f 11551 11330 11327
f 11541 11100 11336
f 11794 11553 11328
f 11834 11546 11332
f 11332 11868 11834
f 11332 11547 11868
f 11355 11105 11544
f 11355 11544 11554
f 11113 11333 11548
f 11549 11557 11334
f 11563 11330 11551
f 11700 11336 11331
f 11565 11552 11553
f 11560 11698 11543
f 11114 11546 11340
f 10881 11113 11548
f 11548 11556 10881
f 11556 11106 10881
f 11343 11557 11549
f 11549 11545 11343
f 11537 11343 11545
f 11357 11350 11550
f 11344 11538 11324
f 11564 11345 11552
f 11552 11565 11564
f 11543 11346 11560
f 11554 11362 11355
f 11362 11554 11555
f 11550 11344 11357
f 11344 11550 11538
f 11705 11121 10320
f 11337 11569 11700
f 11345 11564 11577
f 11701 11561 11562
f 11114 11704 10617
f 11704 11114 11340
f 11568 11700 11569
f 11345 11577 11366
f 11346 11351 11560
f 11566 11119 11561
f 11353 11701 11562
f 11702 11701 11353
f 11118 11707 11706
f 11558 11707 11128
f 11793 11559 11358
f 11359 11563 11576
f 11564 11582 11577
f 11582 11564 11565
f 11708 11560 11351
f 11566 11571 11352
f 11361 11119 11566
f 11566 11352 11361
f 11353 11572 11702
f 11704 11572 10617
f 11567 11792 11354
f 11116 11578 11368
f 11348 11573 11369
f 11707 11118 11365
f 11365 11574 11707
f 11128 11707 11574
f 11358 11135 11793
f 11575 11793 11135
f 11708 11570 11579
f 11708 11351 11367
f 11708 11367 11570
f 11570 11360 11571
f 11360 11352 11571
f 11710 11578 11363
f 11370 11573 11348
f 11581 11586 11569
f 11387 11366 11577
f 11570 11367 11579
f 11367 11374 11579
f 11360 11570 11367
f 11583 11367 11570
f 11583 11371 11367
f 11353 10623 11572
f 11368 11713 11375
f 11713 11368 11578
f 11378 11373 11576
f 11590 11378 11576
f 11592 11387 11577
f 11374 11379 11579
f 11374 11583 11379
f 11374 11371 11583
f 11574 11365 11584
f 11712 11373 11378
f 11568 11569 11586
f 11389 11799 11579
f 11379 11389 11579
f 11379 11583 11389
f 10623 11353 11380
f 11370 11715 11573
f 11715 11370 11382
f 11142 11574 11584
f 11584 11589 11142
f 11386 11378 11590
f 11712 11378 11386
f 11581 11591 11586
f 11582 11608 11592
f 11389 11583 11587
f 11593 11391 10911
f 11593 10911 11585
f 11713 11585 11375
f 11710 11385 11721
f 11383 11717 11715
f 11716 11389 11388
f 11390 10623 11380
f 11396 11800 11386
f 11590 11396 11386
f 11606 11568 11586
f 11599 11387 11592
f 11587 11393 11389
f 11381 11603 11420
f 11391 11593 11596
f 11588 11720 11717
f 11588 11597 11720
f 11589 11584 11395
f 11395 11397 11589
f 11396 11804 11800
f 11396 11590 11604
f 11716 11388 11162
f 11162 11600 11716
f 11393 11601 11162
f 11594 11605 11597
f 11804 11396 11401
f 11401 11598 11804
f 11401 11396 11604
f 11607 11586 11591
f 11418 11599 11592
f 11418 11592 11608
f 11163 11162 11601
f 11390 11398 11602
f 11603 11596 11722
f 11609 11597 11605
f 11400 11397 11395
f 11606 11586 11607
f 11405 11163 11601
f 11603 11615 11420
f 11721 11385 11724
f 11397 11400 11402
f 11402 11409 11397
f 11598 11401 11403
f 11604 11170 11401
f 11170 11604 11414
f 11610 11606 11607
f 11398 11406 11411
f 11724 11385 11407
f 11399 11394 11416
f 11599 11418 11425
f 11614 11172 11405
f 11406 11410 11411
f 11421 11724 11407
f 11605 11616 11609
f 11605 11408 11616
f 11176 11620 10951
f 11412 11409 11402
f 11413 11613 11612
f 11419 11172 11614
f 11421 11619 11724
f 11617 11610 11607
f 11614 11738 11419
f 11426 11420 11615
f 11615 11431 11426
f 11422 11610 11617
f 11193 11419 11738
f 10963 10951 11620
f 11734 11610 11422
f 11738 11430 11193
f 11408 11435 11616
f 11620 11626 10963
f 11424 11845 11613
f 11618 11192 11622
f 11211 11426 11431
f 11431 11730 11437
f 11619 11624 11810
f 11619 11189 11624
f 11621 11616 11625
f 11424 11814 11845
f 11734 11422 11206
f 11438 11430 11738
f 11439 11437 11632
f 11623 11217 11202
f 11633 11217 11623
f 11814 11424 11432
f 11206 11627 11734
f 11208 11418 11737
f 11737 11630 11208
f 11622 11192 11216
f 11436 11842 11611
f 11626 10982 10963
f 10419 11433 11629
f 11631 11438 11738
f 11628 11842 11436
f 11624 11636 11632
f 11625 11635 11633
f 10982 11626 11740
f 11225 10419 11629
f 11442 11629 11627
f 11432 11443 11814
f 11634 11640 11630
f 11628 11436 11440
f 11639 11218 11439
f 11449 11217 11633
f 11633 11635 11741
f 11222 10982 11740
f 11637 11225 11629
f 11442 11637 11629
f 11639 11439 11632
f 11742 11632 11636
f 11452 11814 11443
f 11642 11640 11634
f 11631 11445 11221
f 11445 11631 11638
f 11648 11449 11633
f 11635 11743 11741
f 11635 11458 11743
f 11814 11452 11454
f 11440 11815 11628
f 11218 11639 11446
f 11455 11225 11637
f 11637 11450 11455
f 11450 11637 11442
f 11451 11642 11634
f 11229 11446 11639
f 11636 11644 11742
f 11454 11745 11846
f 11815 11440 11447
f 11457 11229 11639
f 11449 11648 11228
f 11460 11222 11645
f 11647 11815 11447
f 11646 11743 11458
f 11747 11815 11647
f 11005 11457 11235
f 11235 11457 11649
f 11649 11644 11462
f 11649 11462 11235
f 11469 11228 11648
f 11644 11463 11462
f 11465 11469 11648
f 11465 11648 11464
f 11466 11472 11745
f 11460 11245 11470
f 11241 11237 11752
f 11014 11753 11750
f 11014 11750 11747
f 11246 11245 11650
f 11246 11650 11478
f 11014 11474 11753
f 11753 11474 11754
f 11250 11249 11754
f 11480 11754 11474
f 10754 11251 11651
f 11754 11480 11250
f 11479 11475 11476
f 11477 11652 11481
f 11755 11756 11476
f 11477 11653 11652
f 11479 11476 11756
f 11481 11654 11656
f 11481 11652 11654
f 11483 11479 11756
f 11652 11653 11655
f 11653 11487 11655
f 11656 11654 11658
f 11482 11758 11755
f 11658 11257 11656
f 11657 11758 11492
f 11658 11659 11257
f 11258 11660 11494
f 11260 11257 11659
f 11659 11763 11260
f 11655 11493 11663
f 11260 11763 11261
f 11494 11660 11662
f 11264 11494 11662
f 11661 11657 11495
f 11499 11264 11662
f 11499 11662 11664
f 11661 11495 11496
f 11265 11261 11763
f 11496 11665 11661
f 11763 11666 11265
f 11764 11663 11497
f 11496 11498 11665
f 11501 11265 11666
f 11497 11500 11764
f 11499 11664 11502
f 11664 11665 11502
f 11498 11502 11665
f 11666 11764 11503
f 11500 11503 11764
f 11501 11666 11503
f 11669 11504 11667
f 11506 11668 11768
f 11272 11669 11825
f 11669 11272 11504
f 11766 11667 11505
f 11505 11770 11766
f 11771 11037 11506
f 11768 11771 11506
f 11825 11773 11272
f 11773 11034 11272
f 11770 11505 11507
f 11037 11771 11774
f 11772 11769 11670
f 11770 11507 11671
f 11774 11038 11037
f 11034 11773 11274
f 11038 11774 11509
f 11508 11674 11671
f 11675 11042 11509
f 11673 11511 11510
f 11042 11675 11513
f 11672 11677 11862
f 11677 11672 11512
f 11512 11518 11677
f 11514 11678 11290
f 11677 11518 11679
f 11682 11301 11683
f 11527 11070 11293
f 11526 11290 11678
f 11680 11777 11676
f 11686 11523 11519
f 11519 11528 11686
f 11523 11690 11684
f 11690 11523 11686
f 11687 11682 11683
f 11683 11688 11687
f 11527 11689 11320
f 11311 11691 11080
f 11530 11534 11685
f 11686 11693 11690
f 11686 11531 11693
f 11687 11694 11696
f 11687 11688 11694
f 11320 11689 11323
f 11080 11691 11321
f 11783 11321 11691
f 11690 11693 11318
f 11693 11531 11697
f 11529 11535 11692
f 11534 11321 11783
f 11695 11318 11693
f 11688 11537 11694
f 11697 11695 11693
f 11545 11694 11537
f 11548 11318 11695
f 11548 11695 11697
f 11549 11696 11694
f 11549 11694 11545
f 11556 11548 11697
f 11551 11327 11699
f 11541 11784 11699
f 11794 11542 11795
f 11795 11542 11698
f 11698 11560 11795
f 11563 11551 11699
f 11336 11784 11541
f 11703 11340 11546
f 11703 11546 11834
f 11563 11699 11784
f 11336 11797 11784
f 11336 11700 11797
f 11561 11785 11791
f 11785 11561 11701
f 11335 11789 11835
f 11706 11789 11335
f 11559 11787 11558
f 11563 11784 11576
f 11553 11794 11565
f 11561 11791 11566
f 11703 11704 11340
f 11558 11790 11707
f 11793 11787 11559
f 11805 11565 11794
f 11708 11795 11560
f 11707 11790 11706
f 11795 11708 11799
f 11571 11566 11709
f 11704 11702 11572
f 11796 11793 11575
f 11797 11700 11801
f 11805 11582 11565
f 11570 11571 11709
f 11796 11575 11373
f 11700 11568 11801
f 11708 11579 11799
f 11709 11583 11570
f 11840 11792 11567
f 11573 11376 11369
f 10625 11121 11711
f 11373 11712 11796
f 11580 11840 11567
f 11568 11809 11801
f 11582 11592 11577
f 11608 11582 11805
f 11799 11389 11716
f 11721 11713 11578
f 11721 11578 11710
f 11711 11806 10625
f 11386 11800 11712
f 11573 11714 11376
f 11573 11715 11714
f 11719 11593 11585
f 11719 11585 11713
f 11394 11376 11714
f 11808 11715 11717
f 11176 10625 11806
f 11718 11604 11590
f 11568 11606 11809
f 11587 11601 11393
f 11714 11715 11808
f 11608 11805 11723
f 11580 11879 11840
f 11580 11595 11879
f 11722 11596 11593
f 11722 11593 11719
f 11812 11714 11808
f 11717 11720 11808
f 11721 11807 11713
f 11600 11728 11716
f 11405 11601 11811
f 11726 11603 11722
f 11721 11724 11807
f 11598 11841 11804
f 11604 11718 11414
f 11414 11718 11727
f 11600 11415 11728
f 11603 11726 11615
f 11416 11394 11729
f 11841 11598 11612
f 11809 11606 11610
f 11723 11418 11608
f 11405 11811 11614
f 11879 11595 11611
f 11724 11810 11807
f 11597 11621 11720
f 11809 11610 11734
f 11728 11415 11618
f 11621 11597 11609
f 11620 11176 11725
f 11612 11613 11841
f 11184 11414 11727
f 11737 11418 11723
f 11724 11619 11810
f 11427 11416 11729
f 11613 11845 11841
f 11738 11614 11811
f 11811 11733 11738
f 11431 11615 11726
f 11726 11730 11431
f 11433 11184 11727
f 11727 11732 11433
f 11723 11735 11737
f 11728 11618 11735
f 11611 11842 11879
f 11729 11623 11427
f 11609 11616 11621
f 11437 11730 11736
f 11427 11623 11202
f 11623 11731 11633
f 11731 11625 11633
f 11621 11625 11731
f 11626 11620 11725
f 11810 11624 11736
f 11739 11433 11732
f 11734 11739 11732
f 11622 11735 11618
f 11738 11733 11631
f 11632 11437 11736
f 11624 11632 11736
f 11734 11627 11739
f 11735 11622 11737
f 11629 11433 11739
f 11737 11622 11630
f 11813 11842 11628
f 11622 11634 11630
f 11629 11739 11627
f 11632 11742 11639
f 11648 11633 11741
f 11222 11740 11645
f 11648 11741 11743
f 11742 11649 11639
f 11639 11649 11457
f 11464 11648 11743
f 11742 11644 11649
f 11743 11646 11464
f 11460 11645 11744
f 11747 11750 11817
f 11747 11817 11815
f 11472 11818 11745
f 11748 11245 11460
f 11753 11820 11750
f 11650 11245 11748
f 11650 11748 11749
f 11751 11818 11472
f 11753 11754 11820
f 11651 11751 11472
f 11251 11751 11651
f 11241 11752 11249
f 11249 11752 11821
f 11821 11754 11249
f 11652 11823 11654
f 11757 11756 11755
f 11652 11655 11823
f 11757 11483 11756
f 11755 11758 11757
f 11654 11823 11658
f 11660 11483 11757
f 11757 11758 11824
f 11824 11758 11657
f 11659 11658 11823
f 11258 11483 11660
f 11823 11655 11759
f 11757 11824 11660
f 11759 11655 11663
f 11763 11659 11759
f 11662 11660 11760
f 11760 11824 11657
f 11762 11763 11759
f 11662 11760 11761
f 11760 11657 11761
f 11663 11762 11759
f 11657 11661 11761
f 11764 11762 11663
f 11662 11761 11664
f 11762 11666 11763
f 11762 11764 11666
f 11761 11665 11664
f 11665 11761 11661
f 11669 11765 11825
f 11765 11669 11667
f 11667 11766 11765
f 11767 11771 11768
f 11668 11767 11768
f 11668 11769 11767
f 11826 11766 11770
f 11770 11671 11858
f 11773 11673 11274
f 11510 11274 11673
f 11671 11674 11858
f 11509 11774 11675
f 11670 11857 11772
f 11670 11672 11857
f 11674 11861 11858
f 11857 11672 11862
f 11673 11776 11511
f 11675 11775 11513
f 11861 11674 11676
f 11514 11511 11776
f 11293 11513 11775
f 11775 11830 11293
f 11678 11514 11776
f 11830 11527 11293
f 11863 11677 11679
f 11777 11861 11676
f 11830 11689 11527
f 11526 11678 11779
f 11681 11778 11863
f 11863 11679 11681
f 11311 11526 11779
f 11691 11311 11779
f 11780 11778 11529
f 11681 11529 11778
f 11534 11781 11685
f 11323 11689 11782
f 11534 11783 11781
f 11323 11782 11692
f 11529 11692 11780
f 11872 11705 11835
f 11786 11785 11701
f 11786 11701 11702
f 11870 11703 11834
f 11790 11836 11839
f 11836 11790 11558
f 11836 11558 11787
f 11788 11786 11704
f 11702 11704 11786
f 11788 11704 11703
f 11788 11703 11837
f 11868 11547 11792
f 11790 11839 11789
f 11576 11784 11797
f 11802 11794 11795
f 11875 11709 11566
f 11566 11791 11875
f 11121 11705 11711
f 11705 11874 11711
f 11790 11789 11706
f 11794 11802 11805
f 11795 11799 11802
f 11576 11797 11590
f 11590 11797 11798
f 11798 11797 11801
f 11873 11796 11712
f 11803 11583 11709
f 11587 11583 11803
f 11712 11800 11873
f 11718 11590 11798
f 11728 11805 11802
f 11799 11716 11802
f 11718 11798 11801
f 11801 11809 11718
f 11802 11716 11728
f 11803 11601 11587
f 11804 11881 11800
f 11601 11803 11811
f 11809 11727 11718
f 11805 11728 11723
f 11719 11713 11807
f 11806 11725 11176
f 11714 11812 11394
f 11719 11810 11722
f 11810 11719 11807
f 11394 11812 11729
f 11731 11808 11720
f 11720 11621 11731
f 11809 11732 11727
f 11808 11731 11812
f 11722 11730 11726
f 11722 11736 11730
f 11736 11722 11810
f 11812 11731 11623
f 11732 11809 11734
f 11735 11723 11728
f 11812 11623 11729
f 11740 11626 11725
f 11845 11814 11846
f 11628 11815 11813
f 11814 11454 11846
f 11643 11638 11816
f 11846 11849 11914
f 11643 11816 11746
f 11846 11745 11849
f 11746 11237 11643
f 11849 11745 11848
f 11817 11750 11819
f 11744 11748 11460
f 11818 11848 11745
f 11853 11851 11819
f 11744 11749 11748
f 11237 11746 11752
f 11819 11820 11853
f 11820 11819 11750
f 11749 11822 11650
f 11822 11751 11251
f 11853 11754 11821
f 11853 11820 11754
f 11478 11650 11822
f 11478 11822 11251
f 11759 11659 11823
f 11760 11660 11824
f 11891 11825 11765
f 11892 11765 11766
f 11766 11826 11892
f 11855 11771 11767
f 11769 11854 11767
f 11769 11772 11854
f 11773 11825 11827
f 11855 11774 11771
f 11858 11826 11770
f 11774 11855 11828
f 11773 11827 11673
f 11854 11772 11857
f 11675 11774 11828
f 11828 11775 11675
f 11677 11863 11862
f 11829 11678 11776
f 11861 11777 11897
f 11829 11779 11678
f 11685 11897 11777
f 11689 11830 11782
f 11685 11781 11897
f 11831 11691 11779
f 11783 11691 11832
f 11832 11781 11783
f 11782 11867 11692
f 11780 11692 11867
f 11785 11786 11833
f 11786 11900 11833
f 11874 11705 11872
f 11791 11785 11833
f 11900 11786 11788
f 11788 11837 11900
f 11870 11837 11703
f 11835 11905 11872
f 11838 11905 11835
f 11789 11838 11835
f 11839 11838 11789
f 11787 11901 11836
f 11904 11868 11792
f 11793 11901 11787
f 11876 11711 11874
f 11901 11793 11796
f 11796 11873 11901
f 11792 11840 11904
f 11876 11806 11711
f 11873 11800 11907
f 11907 11800 11881
f 11879 11877 11840
f 11804 11841 11881
f 11725 11806 11880
f 11733 11811 11843
f 11882 11881 11841
f 11841 11845 11882
f 11910 11879 11842
f 11733 11843 11844
f 11631 11733 11638
f 11638 11733 11844
f 11844 11816 11638
f 11910 11842 11813
f 11813 11815 11884
f 11645 11740 11847
f 11817 11884 11815
f 11744 11645 11847
f 11914 11849 11848
f 11749 11744 11885
f 11752 11746 11889
f 11851 11853 11850
f 11852 11822 11749
f 11818 11751 11848
f 11889 11821 11752
f 11821 11889 11850
f 11850 11853 11821
f 11822 11852 11751
f 11891 11765 11892
f 11827 11825 11891
f 11856 11855 11767
f 11767 11854 11856
f 11892 11826 11893
f 11854 11894 11856
f 11858 11893 11826
f 11859 11828 11855
f 11855 11856 11859
f 11894 11854 11857
f 11827 11860 11673
f 11893 11858 11895
f 11828 11859 11775
f 11857 11862 11894
f 11858 11861 11895
f 11776 11673 11860
f 11859 11865 11775
f 11860 11829 11776
f 11862 11864 11894
f 11865 11830 11775
f 11864 11862 11863
f 11861 11897 11895
f 11863 11778 11864
f 11779 11829 11831
f 11865 11782 11830
f 11865 11867 11782
f 11867 11864 11780
f 11780 11864 11778
f 11781 11866 11897
f 11832 11691 11831
f 11866 11781 11832
f 11833 11869 11791
f 11869 11833 11900
f 11871 11834 11868
f 11922 11839 11836
f 11836 11901 11922
f 11791 11869 11875
f 11837 11902 11900
f 11902 11837 11870
f 11870 11834 11871
f 11903 11905 11838
f 11838 11839 11903
f 11871 11868 11904
f 11709 11875 11803
f 11840 11928 11904
f 11803 11875 11878
f 11928 11840 11877
f 11880 11806 11876
f 11878 11811 11803
f 11878 11843 11811
f 11881 11882 11907
f 11877 11879 11910
f 11880 11847 11725
f 11740 11725 11847
f 11882 11846 11940
f 11882 11845 11846
f 11910 11813 11913
f 11940 11846 11914
f 11813 11884 11913
f 11886 11746 11816
f 11744 11847 11883
f 11918 11914 11848
f 11819 11884 11817
f 11883 11885 11744
f 11851 11888 11884
f 11884 11819 11851
f 11746 11886 11889
f 11887 11889 11886
f 11918 11848 11890
f 11850 11887 11888
f 11888 11851 11850
f 11890 11848 11751
f 11852 11749 11885
f 11852 11885 11890
f 11890 11751 11852
f 11887 11850 11889
f 11856 11894 11919
f 11891 11899 11827
f 11891 11892 11899
f 11920 11892 11893
f 11856 11919 11859
f 11892 11920 11899
f 11827 11899 11860
f 11893 11895 11920
f 11896 11859 11919
f 11865 11859 11896
f 11864 11919 11894
f 11829 11860 11899
f 11899 11831 11829
f 11895 11897 11920
f 11896 11898 11865
f 11920 11832 11899
f 11920 11866 11832
f 11866 11920 11897
f 11898 11867 11865
f 11832 11831 11899
f 11898 11864 11867
f 11903 11839 11922
f 11875 11869 11906
f 11900 11921 11869
f 11921 11900 11902
f 11902 11870 11923
f 11923 11870 11871
f 11901 11927 11922
f 11926 11871 11904
f 11931 11872 11905
f 11873 11927 11901
f 11871 11926 11923
f 11904 11928 11926
f 11874 11872 11929
f 11872 11931 11929
f 11907 11927 11873
f 11878 11875 11906
f 11874 11909 11876
f 11909 11874 11929
f 11907 11932 11927
f 11908 11878 11906
f 11876 11909 11880
f 11908 11843 11878
f 11928 11877 11933
f 11909 11912 11880
f 11907 11882 11932
f 11908 11911 11843
f 11911 11844 11843
f 11932 11882 11940
f 11933 11877 11910
f 11910 11913 11933
f 11847 11880 11912
f 11915 11816 11911
f 11816 11844 11911
f 11912 11916 11847
f 11886 11816 11915
f 11913 11884 11938
f 11914 11918 11917
f 11937 11888 11886
f 11883 11847 11916
f 11888 11938 11884
f 11917 11918 11890
f 11887 11886 11888
f 11917 11890 11883
f 11885 11883 11890
f 11898 11896 11919
f 11898 11919 11864
f 11903 11941 11905
f 11941 11903 11922
f 11922 11927 11924
f 11925 11906 11869
f 11925 11869 11921
f 11921 11902 11923
f 11922 11924 11941
f 11908 11906 11925
f 11921 11923 11942
f 11905 11941 11931
f 11930 11923 11926
f 11927 11932 11924
f 11925 11921 11934
f 11926 11933 11930
f 11926 11928 11933
f 11925 11934 11908
f 11942 11923 11930
f 11929 11931 11909
f 11911 11908 11934
f 11939 11941 11924
f 11924 11932 11939
f 11936 11930 11933
f 11942 11936 11934
f 11931 11935 11909
f 11935 11931 11943
f 11939 11932 11940
f 11912 11909 11935
f 11933 11937 11936
f 11933 11938 11937
f 11933 11913 11938
f 11934 11915 11911
f 11915 11934 11936
f 11937 11915 11936
f 11916 11912 11935
f 11935 11917 11916
f 11935 11939 11917
f 11917 11939 11940
f 11940 11914 11917
f 11886 11915 11937
f 11888 11937 11938
f 11883 11916 11917
f 11942 11934 11921
f 11943 11931 11941
f 11941 11939 11943
f 11942 11930 11936
f 11943 11939 11935